ISO-10303-21;
HEADER;
FILE_DESCRIPTION(('KiCad electronic assembly'),'2;1');
FILE_NAME('board.step','2026-05-20T07:12:29',('Pcbnew'),('Kicad'),
  'Open CASCADE STEP processor 7.6','KiCad to STEP converter','Unknown'
  );
FILE_SCHEMA(('AUTOMOTIVE_DESIGN { 1 0 10303 214 1 1 1 1 }'));
ENDSEC;
DATA;
#1 = APPLICATION_PROTOCOL_DEFINITION('international standard',
  'automotive_design',2000,#2);
#2 = APPLICATION_CONTEXT(
  'core data for automotive mechanical design processes');
#3 = SHAPE_DEFINITION_REPRESENTATION(#4,#10);
#4 = PRODUCT_DEFINITION_SHAPE('','',#5);
#5 = PRODUCT_DEFINITION('design','',#6,#9);
#6 = PRODUCT_DEFINITION_FORMATION('','',#7);
#7 = PRODUCT('board 1','board 1','',(#8));
#8 = PRODUCT_CONTEXT('',#2,'mechanical');
#9 = PRODUCT_DEFINITION_CONTEXT('part definition',#2,'design');
#10 = SHAPE_REPRESENTATION('',(#11,#15),#19);
#11 = AXIS2_PLACEMENT_3D('',#12,#13,#14);
#12 = CARTESIAN_POINT('',(0.,0.,0.));
#13 = DIRECTION('',(0.,0.,1.));
#14 = DIRECTION('',(1.,0.,-0.));
#15 = AXIS2_PLACEMENT_3D('',#16,#17,#18);
#16 = CARTESIAN_POINT('',(0.,0.,0.));
#17 = DIRECTION('',(0.,0.,1.));
#18 = DIRECTION('',(1.,0.,-0.));
#19 = ( GEOMETRIC_REPRESENTATION_CONTEXT(3) 
GLOBAL_UNCERTAINTY_ASSIGNED_CONTEXT((#23)) GLOBAL_UNIT_ASSIGNED_CONTEXT(
(#20,#21,#22)) REPRESENTATION_CONTEXT('Context #1',
  '3D Context with UNIT and UNCERTAINTY') );
#20 = ( LENGTH_UNIT() NAMED_UNIT(*) SI_UNIT(.MILLI.,.METRE.) );
#21 = ( NAMED_UNIT(*) PLANE_ANGLE_UNIT() SI_UNIT($,.RADIAN.) );
#22 = ( NAMED_UNIT(*) SI_UNIT($,.STERADIAN.) SOLID_ANGLE_UNIT() );
#23 = UNCERTAINTY_MEASURE_WITH_UNIT(LENGTH_MEASURE(1.E-07),#20,
  'distance_accuracy_value','confusion accuracy');
#24 = PRODUCT_RELATED_PRODUCT_CATEGORY('part',$,(#7));
#25 = SHAPE_DEFINITION_REPRESENTATION(#26,#32);
#26 = PRODUCT_DEFINITION_SHAPE('','',#27);
#27 = PRODUCT_DEFINITION('design','',#28,#31);
#28 = PRODUCT_DEFINITION_FORMATION('','',#29);
#29 = PRODUCT('paymentbox_v8_2 PCB','paymentbox_v8_2 PCB','',(#30));
#30 = PRODUCT_CONTEXT('',#2,'mechanical');
#31 = PRODUCT_DEFINITION_CONTEXT('part definition',#2,'design');
#32 = ADVANCED_BREP_SHAPE_REPRESENTATION('',(#11,#33),#16505);
#33 = MANIFOLD_SOLID_BREP('',#34);
#34 = CLOSED_SHELL('',(#35,#155,#231,#307,#6294,#11102,#11129,#11156,
    #11183,#11210,#11237,#11264,#11291,#11318,#11345,#11372,#11399,
    #11426,#11453,#11480,#11507,#11534,#11561,#11588,#11615,#11642,
    #11669,#11696,#11723,#11750,#11777,#11804,#11831,#11858,#11885,
    #11912,#11939,#11966,#11993,#12020,#12047,#12074,#12101,#12128,
    #12155,#12182,#12209,#12236,#12263,#12290,#12317,#12344,#12369,
    #12394,#12421,#12448,#12475,#12502,#12529,#12556,#12583,#12610,
    #12637,#12664,#12671,#12698,#12725,#12752,#12779,#12806,#12833,
    #12860,#12887,#12914,#12941,#12968,#12995,#13022,#13049,#13076,
    #13103,#13130,#13157,#13184,#13211,#13238,#13265,#13292,#13319,
    #13366,#13393,#13420,#13447,#13474,#13501,#13528,#13555,#13582,
    #13609,#13636,#13663,#13690,#13717,#13744,#13771,#13798,#13805,
    #13852,#13879,#13906,#13933,#13960,#13987,#14014,#14041,#14068,
    #14095,#14122,#14149,#14176,#14203,#14230,#14257,#14284,#14291,
    #14338,#14365,#14392,#14419,#14446,#14473,#14500,#14527,#14554,
    #14581,#14608,#14635,#14662,#14689,#14716,#14743,#14770,#14777,
    #14804,#14831,#14858,#14885,#14912,#14939,#14966,#14993,#15020,
    #15047,#15074,#15101,#15148,#15175,#15202,#15229,#15256,#15283,
    #15310,#15337,#15364,#15391,#15418,#15445,#15472,#15499,#15526,
    #15553,#15580,#15587,#15614,#15661,#15688,#15715,#15742,#15769,
    #15796,#15823,#15850,#15877,#15904,#15931,#15958,#15985,#16012,
    #16039,#16066,#16093,#16120,#16147,#16154,#16181,#16208,#16235,
    #16262,#16289,#16316,#16343,#16370,#16397,#16424,#16451,#16478));
#35 = ADVANCED_FACE('',(#36),#50,.T.);
#36 = FACE_BOUND('',#37,.T.);
#37 = EDGE_LOOP('',(#38,#73,#101,#129));
#38 = ORIENTED_EDGE('',*,*,#39,.T.);
#39 = EDGE_CURVE('',#40,#42,#44,.T.);
#40 = VERTEX_POINT('',#41);
#41 = CARTESIAN_POINT('',(72.335893,-1.8863E-02,0.));
#42 = VERTEX_POINT('',#43);
#43 = CARTESIAN_POINT('',(72.335893,-1.8863E-02,1.6));
#44 = SURFACE_CURVE('',#45,(#49,#61),.PCURVE_S1.);
#45 = LINE('',#46,#47);
#46 = CARTESIAN_POINT('',(72.335893,-1.8863E-02,0.));
#47 = VECTOR('',#48,1.);
#48 = DIRECTION('',(0.,0.,1.));
#49 = PCURVE('',#50,#55);
#50 = PLANE('',#51);
#51 = AXIS2_PLACEMENT_3D('',#52,#53,#54);
#52 = CARTESIAN_POINT('',(72.335893,-1.8863E-02,0.));
#53 = DIRECTION('',(0.167506224545,0.985871018308,-0.));
#54 = DIRECTION('',(0.985871018308,-0.167506224545,0.));
#55 = DEFINITIONAL_REPRESENTATION('',(#56),#60);
#56 = LINE('',#57,#58);
#57 = CARTESIAN_POINT('',(0.,0.));
#58 = VECTOR('',#59,1.);
#59 = DIRECTION('',(0.,-1.));
#60 = ( GEOMETRIC_REPRESENTATION_CONTEXT(2) 
PARAMETRIC_REPRESENTATION_CONTEXT() REPRESENTATION_CONTEXT('2D SPACE',''
  ) );
#61 = PCURVE('',#62,#67);
#62 = PLANE('',#63);
#63 = AXIS2_PLACEMENT_3D('',#64,#65,#66);
#64 = CARTESIAN_POINT('',(72.,-0.,0.));
#65 = DIRECTION('',(5.606942121022E-02,0.998426872638,-0.));
#66 = DIRECTION('',(0.998426872638,-5.606942121022E-02,0.));
#67 = DEFINITIONAL_REPRESENTATION('',(#68),#72);
#68 = LINE('',#69,#70);
#69 = CARTESIAN_POINT('',(0.336422235023,0.));
#70 = VECTOR('',#71,1.);
#71 = DIRECTION('',(0.,-1.));
#72 = ( GEOMETRIC_REPRESENTATION_CONTEXT(2) 
PARAMETRIC_REPRESENTATION_CONTEXT() REPRESENTATION_CONTEXT('2D SPACE',''
  ) );
#73 = ORIENTED_EDGE('',*,*,#74,.T.);
#74 = EDGE_CURVE('',#42,#75,#77,.T.);
#75 = VERTEX_POINT('',#76);
#76 = CARTESIAN_POINT('',(72.667563,-7.5216E-02,1.6));
#77 = SURFACE_CURVE('',#78,(#82,#89),.PCURVE_S1.);
#78 = LINE('',#79,#80);
#79 = CARTESIAN_POINT('',(72.335893,-1.8863E-02,1.6));
#80 = VECTOR('',#81,1.);
#81 = DIRECTION('',(0.985871018308,-0.167506224545,0.));
#82 = PCURVE('',#50,#83);
#83 = DEFINITIONAL_REPRESENTATION('',(#84),#88);
#84 = LINE('',#85,#86);
#85 = CARTESIAN_POINT('',(0.,-1.6));
#86 = VECTOR('',#87,1.);
#87 = DIRECTION('',(1.,0.));
#88 = ( GEOMETRIC_REPRESENTATION_CONTEXT(2) 
PARAMETRIC_REPRESENTATION_CONTEXT() REPRESENTATION_CONTEXT('2D SPACE',''
  ) );
#89 = PCURVE('',#90,#95);
#90 = PLANE('',#91);
#91 = AXIS2_PLACEMENT_3D('',#92,#93,#94);
#92 = CARTESIAN_POINT('',(37.5,-55.,1.6));
#93 = DIRECTION('',(-0.,-0.,-1.));
#94 = DIRECTION('',(-1.,0.,0.));
#95 = DEFINITIONAL_REPRESENTATION('',(#96),#100);
#96 = LINE('',#97,#98);
#97 = CARTESIAN_POINT('',(-34.835893,54.981137));
#98 = VECTOR('',#99,1.);
#99 = DIRECTION('',(-0.985871018308,-0.167506224545));
#100 = ( GEOMETRIC_REPRESENTATION_CONTEXT(2) 
PARAMETRIC_REPRESENTATION_CONTEXT() REPRESENTATION_CONTEXT('2D SPACE',''
  ) );
#101 = ORIENTED_EDGE('',*,*,#102,.F.);
#102 = EDGE_CURVE('',#103,#75,#105,.T.);
#103 = VERTEX_POINT('',#104);
#104 = CARTESIAN_POINT('',(72.667563,-7.5216E-02,0.));
#105 = SURFACE_CURVE('',#106,(#110,#117),.PCURVE_S1.);
#106 = LINE('',#107,#108);
#107 = CARTESIAN_POINT('',(72.667563,-7.5216E-02,0.));
#108 = VECTOR('',#109,1.);
#109 = DIRECTION('',(0.,0.,1.));
#110 = PCURVE('',#50,#111);
#111 = DEFINITIONAL_REPRESENTATION('',(#112),#116);
#112 = LINE('',#113,#114);
#113 = CARTESIAN_POINT('',(0.336423318914,0.));
#114 = VECTOR('',#115,1.);
#115 = DIRECTION('',(0.,-1.));
#116 = ( GEOMETRIC_REPRESENTATION_CONTEXT(2) 
PARAMETRIC_REPRESENTATION_CONTEXT() REPRESENTATION_CONTEXT('2D SPACE',''
  ) );
#117 = PCURVE('',#118,#123);
#118 = PLANE('',#119);
#119 = AXIS2_PLACEMENT_3D('',#120,#121,#122);
#120 = CARTESIAN_POINT('',(72.667563,-7.5216E-02,0.));
#121 = DIRECTION('',(0.276836513242,0.960917033326,-0.));
#122 = DIRECTION('',(0.960917033326,-0.276836513242,0.));
#123 = DEFINITIONAL_REPRESENTATION('',(#124),#128);
#124 = LINE('',#125,#126);
#125 = CARTESIAN_POINT('',(0.,0.));
#126 = VECTOR('',#127,1.);
#127 = DIRECTION('',(0.,-1.));
#128 = ( GEOMETRIC_REPRESENTATION_CONTEXT(2) 
PARAMETRIC_REPRESENTATION_CONTEXT() REPRESENTATION_CONTEXT('2D SPACE',''
  ) );
#129 = ORIENTED_EDGE('',*,*,#130,.F.);
#130 = EDGE_CURVE('',#40,#103,#131,.T.);
#131 = SURFACE_CURVE('',#132,(#136,#143),.PCURVE_S1.);
#132 = LINE('',#133,#134);
#133 = CARTESIAN_POINT('',(72.335893,-1.8863E-02,0.));
#134 = VECTOR('',#135,1.);
#135 = DIRECTION('',(0.985871018308,-0.167506224545,0.));
#136 = PCURVE('',#50,#137);
#137 = DEFINITIONAL_REPRESENTATION('',(#138),#142);
#138 = LINE('',#139,#140);
#139 = CARTESIAN_POINT('',(0.,0.));
#140 = VECTOR('',#141,1.);
#141 = DIRECTION('',(1.,0.));
#142 = ( GEOMETRIC_REPRESENTATION_CONTEXT(2) 
PARAMETRIC_REPRESENTATION_CONTEXT() REPRESENTATION_CONTEXT('2D SPACE',''
  ) );
#143 = PCURVE('',#144,#149);
#144 = PLANE('',#145);
#145 = AXIS2_PLACEMENT_3D('',#146,#147,#148);
#146 = CARTESIAN_POINT('',(37.5,-55.,0.));
#147 = DIRECTION('',(-0.,-0.,-1.));
#148 = DIRECTION('',(-1.,0.,0.));
#149 = DEFINITIONAL_REPRESENTATION('',(#150),#154);
#150 = LINE('',#151,#152);
#151 = CARTESIAN_POINT('',(-34.835893,54.981137));
#152 = VECTOR('',#153,1.);
#153 = DIRECTION('',(-0.985871018308,-0.167506224545));
#154 = ( GEOMETRIC_REPRESENTATION_CONTEXT(2) 
PARAMETRIC_REPRESENTATION_CONTEXT() REPRESENTATION_CONTEXT('2D SPACE',''
  ) );
#155 = ADVANCED_FACE('',(#156),#62,.T.);
#156 = FACE_BOUND('',#157,.T.);
#157 = EDGE_LOOP('',(#158,#188,#209,#210));
#158 = ORIENTED_EDGE('',*,*,#159,.T.);
#159 = EDGE_CURVE('',#160,#162,#164,.T.);
#160 = VERTEX_POINT('',#161);
#161 = CARTESIAN_POINT('',(72.,-0.,0.));
#162 = VERTEX_POINT('',#163);
#163 = CARTESIAN_POINT('',(72.,0.,1.6));
#164 = SURFACE_CURVE('',#165,(#169,#176),.PCURVE_S1.);
#165 = LINE('',#166,#167);
#166 = CARTESIAN_POINT('',(72.,-0.,0.));
#167 = VECTOR('',#168,1.);
#168 = DIRECTION('',(0.,0.,1.));
#169 = PCURVE('',#62,#170);
#170 = DEFINITIONAL_REPRESENTATION('',(#171),#175);
#171 = LINE('',#172,#173);
#172 = CARTESIAN_POINT('',(0.,0.));
#173 = VECTOR('',#174,1.);
#174 = DIRECTION('',(0.,-1.));
#175 = ( GEOMETRIC_REPRESENTATION_CONTEXT(2) 
PARAMETRIC_REPRESENTATION_CONTEXT() REPRESENTATION_CONTEXT('2D SPACE',''
  ) );
#176 = PCURVE('',#177,#182);
#177 = PLANE('',#178);
#178 = AXIS2_PLACEMENT_3D('',#179,#180,#181);
#179 = CARTESIAN_POINT('',(3.,0.,0.));
#180 = DIRECTION('',(0.,1.,0.));
#181 = DIRECTION('',(1.,0.,0.));
#182 = DEFINITIONAL_REPRESENTATION('',(#183),#187);
#183 = LINE('',#184,#185);
#184 = CARTESIAN_POINT('',(69.,0.));
#185 = VECTOR('',#186,1.);
#186 = DIRECTION('',(0.,-1.));
#187 = ( GEOMETRIC_REPRESENTATION_CONTEXT(2) 
PARAMETRIC_REPRESENTATION_CONTEXT() REPRESENTATION_CONTEXT('2D SPACE',''
  ) );
#188 = ORIENTED_EDGE('',*,*,#189,.T.);
#189 = EDGE_CURVE('',#162,#42,#190,.T.);
#190 = SURFACE_CURVE('',#191,(#195,#202),.PCURVE_S1.);
#191 = LINE('',#192,#193);
#192 = CARTESIAN_POINT('',(72.,0.,1.6));
#193 = VECTOR('',#194,1.);
#194 = DIRECTION('',(0.998426872638,-5.606942121022E-02,0.));
#195 = PCURVE('',#62,#196);
#196 = DEFINITIONAL_REPRESENTATION('',(#197),#201);
#197 = LINE('',#198,#199);
#198 = CARTESIAN_POINT('',(0.,-1.6));
#199 = VECTOR('',#200,1.);
#200 = DIRECTION('',(1.,0.));
#201 = ( GEOMETRIC_REPRESENTATION_CONTEXT(2) 
PARAMETRIC_REPRESENTATION_CONTEXT() REPRESENTATION_CONTEXT('2D SPACE',''
  ) );
#202 = PCURVE('',#90,#203);
#203 = DEFINITIONAL_REPRESENTATION('',(#204),#208);
#204 = LINE('',#205,#206);
#205 = CARTESIAN_POINT('',(-34.5,55.));
#206 = VECTOR('',#207,1.);
#207 = DIRECTION('',(-0.998426872638,-5.606942121022E-02));
#208 = ( GEOMETRIC_REPRESENTATION_CONTEXT(2) 
PARAMETRIC_REPRESENTATION_CONTEXT() REPRESENTATION_CONTEXT('2D SPACE',''
  ) );
#209 = ORIENTED_EDGE('',*,*,#39,.F.);
#210 = ORIENTED_EDGE('',*,*,#211,.F.);
#211 = EDGE_CURVE('',#160,#40,#212,.T.);
#212 = SURFACE_CURVE('',#213,(#217,#224),.PCURVE_S1.);
#213 = LINE('',#214,#215);
#214 = CARTESIAN_POINT('',(72.,-0.,0.));
#215 = VECTOR('',#216,1.);
#216 = DIRECTION('',(0.998426872638,-5.606942121022E-02,0.));
#217 = PCURVE('',#62,#218);
#218 = DEFINITIONAL_REPRESENTATION('',(#219),#223);
#219 = LINE('',#220,#221);
#220 = CARTESIAN_POINT('',(0.,0.));
#221 = VECTOR('',#222,1.);
#222 = DIRECTION('',(1.,0.));
#223 = ( GEOMETRIC_REPRESENTATION_CONTEXT(2) 
PARAMETRIC_REPRESENTATION_CONTEXT() REPRESENTATION_CONTEXT('2D SPACE',''
  ) );
#224 = PCURVE('',#144,#225);
#225 = DEFINITIONAL_REPRESENTATION('',(#226),#230);
#226 = LINE('',#227,#228);
#227 = CARTESIAN_POINT('',(-34.5,55.));
#228 = VECTOR('',#229,1.);
#229 = DIRECTION('',(-0.998426872638,-5.606942121022E-02));
#230 = ( GEOMETRIC_REPRESENTATION_CONTEXT(2) 
PARAMETRIC_REPRESENTATION_CONTEXT() REPRESENTATION_CONTEXT('2D SPACE',''
  ) );
#231 = ADVANCED_FACE('',(#232),#118,.T.);
#232 = FACE_BOUND('',#233,.T.);
#233 = EDGE_LOOP('',(#234,#235,#258,#286));
#234 = ORIENTED_EDGE('',*,*,#102,.T.);
#235 = ORIENTED_EDGE('',*,*,#236,.T.);
#236 = EDGE_CURVE('',#75,#237,#239,.T.);
#237 = VERTEX_POINT('',#238);
#238 = CARTESIAN_POINT('',(72.990837,-0.16835,1.6));
#239 = SURFACE_CURVE('',#240,(#244,#251),.PCURVE_S1.);
#240 = LINE('',#241,#242);
#241 = CARTESIAN_POINT('',(72.667563,-7.5216E-02,1.6));
#242 = VECTOR('',#243,1.);
#243 = DIRECTION('',(0.960917033326,-0.276836513242,0.));
#244 = PCURVE('',#118,#245);
#245 = DEFINITIONAL_REPRESENTATION('',(#246),#250);
#246 = LINE('',#247,#248);
#247 = CARTESIAN_POINT('',(0.,-1.6));
#248 = VECTOR('',#249,1.);
#249 = DIRECTION('',(1.,0.));
#250 = ( GEOMETRIC_REPRESENTATION_CONTEXT(2) 
PARAMETRIC_REPRESENTATION_CONTEXT() REPRESENTATION_CONTEXT('2D SPACE',''
  ) );
#251 = PCURVE('',#90,#252);
#252 = DEFINITIONAL_REPRESENTATION('',(#253),#257);
#253 = LINE('',#254,#255);
#254 = CARTESIAN_POINT('',(-35.167563,54.924784));
#255 = VECTOR('',#256,1.);
#256 = DIRECTION('',(-0.960917033326,-0.276836513242));
#257 = ( GEOMETRIC_REPRESENTATION_CONTEXT(2) 
PARAMETRIC_REPRESENTATION_CONTEXT() REPRESENTATION_CONTEXT('2D SPACE',''
  ) );
#258 = ORIENTED_EDGE('',*,*,#259,.F.);
#259 = EDGE_CURVE('',#260,#237,#262,.T.);
#260 = VERTEX_POINT('',#261);
#261 = CARTESIAN_POINT('',(72.990837,-0.16835,0.));
#262 = SURFACE_CURVE('',#263,(#267,#274),.PCURVE_S1.);
#263 = LINE('',#264,#265);
#264 = CARTESIAN_POINT('',(72.990837,-0.16835,0.));
#265 = VECTOR('',#266,1.);
#266 = DIRECTION('',(0.,0.,1.));
#267 = PCURVE('',#118,#268);
#268 = DEFINITIONAL_REPRESENTATION('',(#269),#273);
#269 = LINE('',#270,#271);
#270 = CARTESIAN_POINT('',(0.336422384856,0.));
#271 = VECTOR('',#272,1.);
#272 = DIRECTION('',(0.,-1.));
#273 = ( GEOMETRIC_REPRESENTATION_CONTEXT(2) 
PARAMETRIC_REPRESENTATION_CONTEXT() REPRESENTATION_CONTEXT('2D SPACE',''
  ) );
#274 = PCURVE('',#275,#280);
#275 = PLANE('',#276);
#276 = AXIS2_PLACEMENT_3D('',#277,#278,#279);
#277 = CARTESIAN_POINT('',(72.990837,-0.16835,0.));
#278 = DIRECTION('',(0.382682483027,0.92387992574,-0.));
#279 = DIRECTION('',(0.92387992574,-0.382682483027,0.));
#280 = DEFINITIONAL_REPRESENTATION('',(#281),#285);
#281 = LINE('',#282,#283);
#282 = CARTESIAN_POINT('',(0.,0.));
#283 = VECTOR('',#284,1.);
#284 = DIRECTION('',(0.,-1.));
#285 = ( GEOMETRIC_REPRESENTATION_CONTEXT(2) 
PARAMETRIC_REPRESENTATION_CONTEXT() REPRESENTATION_CONTEXT('2D SPACE',''
  ) );
#286 = ORIENTED_EDGE('',*,*,#287,.F.);
#287 = EDGE_CURVE('',#103,#260,#288,.T.);
#288 = SURFACE_CURVE('',#289,(#293,#300),.PCURVE_S1.);
#289 = LINE('',#290,#291);
#290 = CARTESIAN_POINT('',(72.667563,-7.5216E-02,0.));
#291 = VECTOR('',#292,1.);
#292 = DIRECTION('',(0.960917033326,-0.276836513242,0.));
#293 = PCURVE('',#118,#294);
#294 = DEFINITIONAL_REPRESENTATION('',(#295),#299);
#295 = LINE('',#296,#297);
#296 = CARTESIAN_POINT('',(0.,0.));
#297 = VECTOR('',#298,1.);
#298 = DIRECTION('',(1.,0.));
#299 = ( GEOMETRIC_REPRESENTATION_CONTEXT(2) 
PARAMETRIC_REPRESENTATION_CONTEXT() REPRESENTATION_CONTEXT('2D SPACE',''
  ) );
#300 = PCURVE('',#144,#301);
#301 = DEFINITIONAL_REPRESENTATION('',(#302),#306);
#302 = LINE('',#303,#304);
#303 = CARTESIAN_POINT('',(-35.167563,54.924784));
#304 = VECTOR('',#305,1.);
#305 = DIRECTION('',(-0.960917033326,-0.276836513242));
#306 = ( GEOMETRIC_REPRESENTATION_CONTEXT(2) 
PARAMETRIC_REPRESENTATION_CONTEXT() REPRESENTATION_CONTEXT('2D SPACE',''
  ) );
#307 = ADVANCED_FACE('',(#308,#1958,#1993,#2028,#2063,#2098,#2133,#2168,
    #2203,#2238,#2273,#2308,#2343,#2378,#2413,#2448,#2483,#2518,#2553,
    #2588,#2623,#2658,#2693,#2728,#2763,#2798,#3304,#3810,#4316,#4351,
    #4386,#4421,#4456,#4491,#4526,#4561,#4596,#4631,#4666,#4701,#4736,
    #5242,#5277,#5839,#5874,#5909,#5944,#5979,#6014,#6049,#6084,#6119,
    #6154,#6189,#6224,#6259),#144,.T.);
#308 = FACE_BOUND('',#309,.T.);
#309 = EDGE_LOOP('',(#310,#311,#312,#313,#336,#364,#392,#420,#448,#476,
    #504,#532,#560,#588,#616,#644,#677,#705,#733,#761,#789,#817,#845,
    #873,#901,#929,#957,#985,#1013,#1041,#1069,#1097,#1125,#1153,#1181,
    #1209,#1237,#1265,#1293,#1321,#1349,#1377,#1405,#1433,#1461,#1489,
    #1517,#1545,#1573,#1601,#1629,#1657,#1685,#1713,#1741,#1769,#1797,
    #1825,#1853,#1881,#1909,#1937));
#310 = ORIENTED_EDGE('',*,*,#211,.T.);
#311 = ORIENTED_EDGE('',*,*,#130,.T.);
#312 = ORIENTED_EDGE('',*,*,#287,.T.);
#313 = ORIENTED_EDGE('',*,*,#314,.T.);
#314 = EDGE_CURVE('',#260,#315,#317,.T.);
#315 = VERTEX_POINT('',#316);
#316 = CARTESIAN_POINT('',(73.301651,-0.297093,0.));
#317 = SURFACE_CURVE('',#318,(#322,#329),.PCURVE_S1.);
#318 = LINE('',#319,#320);
#319 = CARTESIAN_POINT('',(72.990837,-0.16835,0.));
#320 = VECTOR('',#321,1.);
#321 = DIRECTION('',(0.92387992574,-0.382682483027,0.));
#322 = PCURVE('',#144,#323);
#323 = DEFINITIONAL_REPRESENTATION('',(#324),#328);
#324 = LINE('',#325,#326);
#325 = CARTESIAN_POINT('',(-35.490837,54.83165));
#326 = VECTOR('',#327,1.);
#327 = DIRECTION('',(-0.92387992574,-0.382682483027));
#328 = ( GEOMETRIC_REPRESENTATION_CONTEXT(2) 
PARAMETRIC_REPRESENTATION_CONTEXT() REPRESENTATION_CONTEXT('2D SPACE',''
  ) );
#329 = PCURVE('',#275,#330);
#330 = DEFINITIONAL_REPRESENTATION('',(#331),#335);
#331 = LINE('',#332,#333);
#332 = CARTESIAN_POINT('',(0.,0.));
#333 = VECTOR('',#334,1.);
#334 = DIRECTION('',(1.,0.));
#335 = ( GEOMETRIC_REPRESENTATION_CONTEXT(2) 
PARAMETRIC_REPRESENTATION_CONTEXT() REPRESENTATION_CONTEXT('2D SPACE',''
  ) );
#336 = ORIENTED_EDGE('',*,*,#337,.T.);
#337 = EDGE_CURVE('',#315,#338,#340,.T.);
#338 = VERTEX_POINT('',#339);
#339 = CARTESIAN_POINT('',(73.596096,-0.459827,0.));
#340 = SURFACE_CURVE('',#341,(#345,#352),.PCURVE_S1.);
#341 = LINE('',#342,#343);
#342 = CARTESIAN_POINT('',(73.301651,-0.297093,0.));
#343 = VECTOR('',#344,1.);
#344 = DIRECTION('',(0.875223421007,-0.483718888737,0.));
#345 = PCURVE('',#144,#346);
#346 = DEFINITIONAL_REPRESENTATION('',(#347),#351);
#347 = LINE('',#348,#349);
#348 = CARTESIAN_POINT('',(-35.801651,54.702907));
#349 = VECTOR('',#350,1.);
#350 = DIRECTION('',(-0.875223421007,-0.483718888737));
#351 = ( GEOMETRIC_REPRESENTATION_CONTEXT(2) 
PARAMETRIC_REPRESENTATION_CONTEXT() REPRESENTATION_CONTEXT('2D SPACE',''
  ) );
#352 = PCURVE('',#353,#358);
#353 = PLANE('',#354);
#354 = AXIS2_PLACEMENT_3D('',#355,#356,#357);
#355 = CARTESIAN_POINT('',(73.301651,-0.297093,0.));
#356 = DIRECTION('',(0.483718888737,0.875223421007,-0.));
#357 = DIRECTION('',(0.875223421007,-0.483718888737,0.));
#358 = DEFINITIONAL_REPRESENTATION('',(#359),#363);
#359 = LINE('',#360,#361);
#360 = CARTESIAN_POINT('',(0.,0.));
#361 = VECTOR('',#362,1.);
#362 = DIRECTION('',(1.,0.));
#363 = ( GEOMETRIC_REPRESENTATION_CONTEXT(2) 
PARAMETRIC_REPRESENTATION_CONTEXT() REPRESENTATION_CONTEXT('2D SPACE',''
  ) );
#364 = ORIENTED_EDGE('',*,*,#365,.T.);
#365 = EDGE_CURVE('',#338,#366,#368,.T.);
#366 = VERTEX_POINT('',#367);
#367 = CARTESIAN_POINT('',(73.870469,-0.654506,0.));
#368 = SURFACE_CURVE('',#369,(#373,#380),.PCURVE_S1.);
#369 = LINE('',#370,#371);
#370 = CARTESIAN_POINT('',(73.596096,-0.459827,0.));
#371 = VECTOR('',#372,1.);
#372 = DIRECTION('',(0.815559501739,-0.578673223091,0.));
#373 = PCURVE('',#144,#374);
#374 = DEFINITIONAL_REPRESENTATION('',(#375),#379);
#375 = LINE('',#376,#377);
#376 = CARTESIAN_POINT('',(-36.096096,54.540173));
#377 = VECTOR('',#378,1.);
#378 = DIRECTION('',(-0.815559501739,-0.578673223091));
#379 = ( GEOMETRIC_REPRESENTATION_CONTEXT(2) 
PARAMETRIC_REPRESENTATION_CONTEXT() REPRESENTATION_CONTEXT('2D SPACE',''
  ) );
#380 = PCURVE('',#381,#386);
#381 = PLANE('',#382);
#382 = AXIS2_PLACEMENT_3D('',#383,#384,#385);
#383 = CARTESIAN_POINT('',(73.596096,-0.459827,0.));
#384 = DIRECTION('',(0.578673223091,0.815559501739,-0.));
#385 = DIRECTION('',(0.815559501739,-0.578673223091,0.));
#386 = DEFINITIONAL_REPRESENTATION('',(#387),#391);
#387 = LINE('',#388,#389);
#388 = CARTESIAN_POINT('',(0.,0.));
#389 = VECTOR('',#390,1.);
#390 = DIRECTION('',(1.,0.));
#391 = ( GEOMETRIC_REPRESENTATION_CONTEXT(2) 
PARAMETRIC_REPRESENTATION_CONTEXT() REPRESENTATION_CONTEXT('2D SPACE',''
  ) );
#392 = ORIENTED_EDGE('',*,*,#393,.T.);
#393 = EDGE_CURVE('',#366,#394,#396,.T.);
#394 = VERTEX_POINT('',#395);
#395 = CARTESIAN_POINT('',(74.12132,-0.87868,0.));
#396 = SURFACE_CURVE('',#397,(#401,#408),.PCURVE_S1.);
#397 = LINE('',#398,#399);
#398 = CARTESIAN_POINT('',(73.870469,-0.654506,0.));
#399 = VECTOR('',#400,1.);
#400 = DIRECTION('',(0.7456424001,-0.666346314744,0.));
#401 = PCURVE('',#144,#402);
#402 = DEFINITIONAL_REPRESENTATION('',(#403),#407);
#403 = LINE('',#404,#405);
#404 = CARTESIAN_POINT('',(-36.370469,54.345494));
#405 = VECTOR('',#406,1.);
#406 = DIRECTION('',(-0.7456424001,-0.666346314744));
#407 = ( GEOMETRIC_REPRESENTATION_CONTEXT(2) 
PARAMETRIC_REPRESENTATION_CONTEXT() REPRESENTATION_CONTEXT('2D SPACE',''
  ) );
#408 = PCURVE('',#409,#414);
#409 = PLANE('',#410);
#410 = AXIS2_PLACEMENT_3D('',#411,#412,#413);
#411 = CARTESIAN_POINT('',(73.870469,-0.654506,0.));
#412 = DIRECTION('',(0.666346314744,0.7456424001,-0.));
#413 = DIRECTION('',(0.7456424001,-0.666346314744,0.));
#414 = DEFINITIONAL_REPRESENTATION('',(#415),#419);
#415 = LINE('',#416,#417);
#416 = CARTESIAN_POINT('',(0.,0.));
#417 = VECTOR('',#418,1.);
#418 = DIRECTION('',(1.,0.));
#419 = ( GEOMETRIC_REPRESENTATION_CONTEXT(2) 
PARAMETRIC_REPRESENTATION_CONTEXT() REPRESENTATION_CONTEXT('2D SPACE',''
  ) );
#420 = ORIENTED_EDGE('',*,*,#421,.T.);
#421 = EDGE_CURVE('',#394,#422,#424,.T.);
#422 = VERTEX_POINT('',#423);
#423 = CARTESIAN_POINT('',(74.345494,-1.129531,0.));
#424 = SURFACE_CURVE('',#425,(#429,#436),.PCURVE_S1.);
#425 = LINE('',#426,#427);
#426 = CARTESIAN_POINT('',(74.12132,-0.87868,0.));
#427 = VECTOR('',#428,1.);
#428 = DIRECTION('',(0.666346314744,-0.7456424001,0.));
#429 = PCURVE('',#144,#430);
#430 = DEFINITIONAL_REPRESENTATION('',(#431),#435);
#431 = LINE('',#432,#433);
#432 = CARTESIAN_POINT('',(-36.62132,54.12132));
#433 = VECTOR('',#434,1.);
#434 = DIRECTION('',(-0.666346314744,-0.7456424001));
#435 = ( GEOMETRIC_REPRESENTATION_CONTEXT(2) 
PARAMETRIC_REPRESENTATION_CONTEXT() REPRESENTATION_CONTEXT('2D SPACE',''
  ) );
#436 = PCURVE('',#437,#442);
#437 = PLANE('',#438);
#438 = AXIS2_PLACEMENT_3D('',#439,#440,#441);
#439 = CARTESIAN_POINT('',(74.12132,-0.87868,0.));
#440 = DIRECTION('',(0.7456424001,0.666346314744,-0.));
#441 = DIRECTION('',(0.666346314744,-0.7456424001,0.));
#442 = DEFINITIONAL_REPRESENTATION('',(#443),#447);
#443 = LINE('',#444,#445);
#444 = CARTESIAN_POINT('',(0.,0.));
#445 = VECTOR('',#446,1.);
#446 = DIRECTION('',(1.,0.));
#447 = ( GEOMETRIC_REPRESENTATION_CONTEXT(2) 
PARAMETRIC_REPRESENTATION_CONTEXT() REPRESENTATION_CONTEXT('2D SPACE',''
  ) );
#448 = ORIENTED_EDGE('',*,*,#449,.T.);
#449 = EDGE_CURVE('',#422,#450,#452,.T.);
#450 = VERTEX_POINT('',#451);
#451 = CARTESIAN_POINT('',(74.540173,-1.403904,0.));
#452 = SURFACE_CURVE('',#453,(#457,#464),.PCURVE_S1.);
#453 = LINE('',#454,#455);
#454 = CARTESIAN_POINT('',(74.345494,-1.129531,0.));
#455 = VECTOR('',#456,1.);
#456 = DIRECTION('',(0.578673223091,-0.815559501739,0.));
#457 = PCURVE('',#144,#458);
#458 = DEFINITIONAL_REPRESENTATION('',(#459),#463);
#459 = LINE('',#460,#461);
#460 = CARTESIAN_POINT('',(-36.845494,53.870469));
#461 = VECTOR('',#462,1.);
#462 = DIRECTION('',(-0.578673223091,-0.815559501739));
#463 = ( GEOMETRIC_REPRESENTATION_CONTEXT(2) 
PARAMETRIC_REPRESENTATION_CONTEXT() REPRESENTATION_CONTEXT('2D SPACE',''
  ) );
#464 = PCURVE('',#465,#470);
#465 = PLANE('',#466);
#466 = AXIS2_PLACEMENT_3D('',#467,#468,#469);
#467 = CARTESIAN_POINT('',(74.345494,-1.129531,0.));
#468 = DIRECTION('',(0.815559501739,0.578673223091,-0.));
#469 = DIRECTION('',(0.578673223091,-0.815559501739,0.));
#470 = DEFINITIONAL_REPRESENTATION('',(#471),#475);
#471 = LINE('',#472,#473);
#472 = CARTESIAN_POINT('',(0.,0.));
#473 = VECTOR('',#474,1.);
#474 = DIRECTION('',(1.,0.));
#475 = ( GEOMETRIC_REPRESENTATION_CONTEXT(2) 
PARAMETRIC_REPRESENTATION_CONTEXT() REPRESENTATION_CONTEXT('2D SPACE',''
  ) );
#476 = ORIENTED_EDGE('',*,*,#477,.T.);
#477 = EDGE_CURVE('',#450,#478,#480,.T.);
#478 = VERTEX_POINT('',#479);
#479 = CARTESIAN_POINT('',(74.702907,-1.698349,0.));
#480 = SURFACE_CURVE('',#481,(#485,#492),.PCURVE_S1.);
#481 = LINE('',#482,#483);
#482 = CARTESIAN_POINT('',(74.540173,-1.403904,0.));
#483 = VECTOR('',#484,1.);
#484 = DIRECTION('',(0.483718888737,-0.875223421007,0.));
#485 = PCURVE('',#144,#486);
#486 = DEFINITIONAL_REPRESENTATION('',(#487),#491);
#487 = LINE('',#488,#489);
#488 = CARTESIAN_POINT('',(-37.040173,53.596096));
#489 = VECTOR('',#490,1.);
#490 = DIRECTION('',(-0.483718888737,-0.875223421007));
#491 = ( GEOMETRIC_REPRESENTATION_CONTEXT(2) 
PARAMETRIC_REPRESENTATION_CONTEXT() REPRESENTATION_CONTEXT('2D SPACE',''
  ) );
#492 = PCURVE('',#493,#498);
#493 = PLANE('',#494);
#494 = AXIS2_PLACEMENT_3D('',#495,#496,#497);
#495 = CARTESIAN_POINT('',(74.540173,-1.403904,0.));
#496 = DIRECTION('',(0.875223421007,0.483718888737,-0.));
#497 = DIRECTION('',(0.483718888737,-0.875223421007,0.));
#498 = DEFINITIONAL_REPRESENTATION('',(#499),#503);
#499 = LINE('',#500,#501);
#500 = CARTESIAN_POINT('',(0.,0.));
#501 = VECTOR('',#502,1.);
#502 = DIRECTION('',(1.,0.));
#503 = ( GEOMETRIC_REPRESENTATION_CONTEXT(2) 
PARAMETRIC_REPRESENTATION_CONTEXT() REPRESENTATION_CONTEXT('2D SPACE',''
  ) );
#504 = ORIENTED_EDGE('',*,*,#505,.T.);
#505 = EDGE_CURVE('',#478,#506,#508,.T.);
#506 = VERTEX_POINT('',#507);
#507 = CARTESIAN_POINT('',(74.83165,-2.009163,0.));
#508 = SURFACE_CURVE('',#509,(#513,#520),.PCURVE_S1.);
#509 = LINE('',#510,#511);
#510 = CARTESIAN_POINT('',(74.702907,-1.698349,0.));
#511 = VECTOR('',#512,1.);
#512 = DIRECTION('',(0.382682483027,-0.92387992574,0.));
#513 = PCURVE('',#144,#514);
#514 = DEFINITIONAL_REPRESENTATION('',(#515),#519);
#515 = LINE('',#516,#517);
#516 = CARTESIAN_POINT('',(-37.202907,53.301651));
#517 = VECTOR('',#518,1.);
#518 = DIRECTION('',(-0.382682483027,-0.92387992574));
#519 = ( GEOMETRIC_REPRESENTATION_CONTEXT(2) 
PARAMETRIC_REPRESENTATION_CONTEXT() REPRESENTATION_CONTEXT('2D SPACE',''
  ) );
#520 = PCURVE('',#521,#526);
#521 = PLANE('',#522);
#522 = AXIS2_PLACEMENT_3D('',#523,#524,#525);
#523 = CARTESIAN_POINT('',(74.702907,-1.698349,0.));
#524 = DIRECTION('',(0.92387992574,0.382682483027,-0.));
#525 = DIRECTION('',(0.382682483027,-0.92387992574,0.));
#526 = DEFINITIONAL_REPRESENTATION('',(#527),#531);
#527 = LINE('',#528,#529);
#528 = CARTESIAN_POINT('',(0.,0.));
#529 = VECTOR('',#530,1.);
#530 = DIRECTION('',(1.,0.));
#531 = ( GEOMETRIC_REPRESENTATION_CONTEXT(2) 
PARAMETRIC_REPRESENTATION_CONTEXT() REPRESENTATION_CONTEXT('2D SPACE',''
  ) );
#532 = ORIENTED_EDGE('',*,*,#533,.T.);
#533 = EDGE_CURVE('',#506,#534,#536,.T.);
#534 = VERTEX_POINT('',#535);
#535 = CARTESIAN_POINT('',(74.924784,-2.332437,0.));
#536 = SURFACE_CURVE('',#537,(#541,#548),.PCURVE_S1.);
#537 = LINE('',#538,#539);
#538 = CARTESIAN_POINT('',(74.83165,-2.009163,0.));
#539 = VECTOR('',#540,1.);
#540 = DIRECTION('',(0.276836513242,-0.960917033326,0.));
#541 = PCURVE('',#144,#542);
#542 = DEFINITIONAL_REPRESENTATION('',(#543),#547);
#543 = LINE('',#544,#545);
#544 = CARTESIAN_POINT('',(-37.33165,52.990837));
#545 = VECTOR('',#546,1.);
#546 = DIRECTION('',(-0.276836513242,-0.960917033326));
#547 = ( GEOMETRIC_REPRESENTATION_CONTEXT(2) 
PARAMETRIC_REPRESENTATION_CONTEXT() REPRESENTATION_CONTEXT('2D SPACE',''
  ) );
#548 = PCURVE('',#549,#554);
#549 = PLANE('',#550);
#550 = AXIS2_PLACEMENT_3D('',#551,#552,#553);
#551 = CARTESIAN_POINT('',(74.83165,-2.009163,0.));
#552 = DIRECTION('',(0.960917033326,0.276836513242,-0.));
#553 = DIRECTION('',(0.276836513242,-0.960917033326,0.));
#554 = DEFINITIONAL_REPRESENTATION('',(#555),#559);
#555 = LINE('',#556,#557);
#556 = CARTESIAN_POINT('',(0.,0.));
#557 = VECTOR('',#558,1.);
#558 = DIRECTION('',(1.,0.));
#559 = ( GEOMETRIC_REPRESENTATION_CONTEXT(2) 
PARAMETRIC_REPRESENTATION_CONTEXT() REPRESENTATION_CONTEXT('2D SPACE',''
  ) );
#560 = ORIENTED_EDGE('',*,*,#561,.T.);
#561 = EDGE_CURVE('',#534,#562,#564,.T.);
#562 = VERTEX_POINT('',#563);
#563 = CARTESIAN_POINT('',(74.981137,-2.664107,0.));
#564 = SURFACE_CURVE('',#565,(#569,#576),.PCURVE_S1.);
#565 = LINE('',#566,#567);
#566 = CARTESIAN_POINT('',(74.924784,-2.332437,0.));
#567 = VECTOR('',#568,1.);
#568 = DIRECTION('',(0.167506224545,-0.985871018308,0.));
#569 = PCURVE('',#144,#570);
#570 = DEFINITIONAL_REPRESENTATION('',(#571),#575);
#571 = LINE('',#572,#573);
#572 = CARTESIAN_POINT('',(-37.424784,52.667563));
#573 = VECTOR('',#574,1.);
#574 = DIRECTION('',(-0.167506224545,-0.985871018308));
#575 = ( GEOMETRIC_REPRESENTATION_CONTEXT(2) 
PARAMETRIC_REPRESENTATION_CONTEXT() REPRESENTATION_CONTEXT('2D SPACE',''
  ) );
#576 = PCURVE('',#577,#582);
#577 = PLANE('',#578);
#578 = AXIS2_PLACEMENT_3D('',#579,#580,#581);
#579 = CARTESIAN_POINT('',(74.924784,-2.332437,0.));
#580 = DIRECTION('',(0.985871018308,0.167506224545,-0.));
#581 = DIRECTION('',(0.167506224545,-0.985871018308,0.));
#582 = DEFINITIONAL_REPRESENTATION('',(#583),#587);
#583 = LINE('',#584,#585);
#584 = CARTESIAN_POINT('',(0.,0.));
#585 = VECTOR('',#586,1.);
#586 = DIRECTION('',(1.,0.));
#587 = ( GEOMETRIC_REPRESENTATION_CONTEXT(2) 
PARAMETRIC_REPRESENTATION_CONTEXT() REPRESENTATION_CONTEXT('2D SPACE',''
  ) );
#588 = ORIENTED_EDGE('',*,*,#589,.T.);
#589 = EDGE_CURVE('',#562,#590,#592,.T.);
#590 = VERTEX_POINT('',#591);
#591 = CARTESIAN_POINT('',(75.,-3.,0.));
#592 = SURFACE_CURVE('',#593,(#597,#604),.PCURVE_S1.);
#593 = LINE('',#594,#595);
#594 = CARTESIAN_POINT('',(74.981137,-2.664107,0.));
#595 = VECTOR('',#596,1.);
#596 = DIRECTION('',(5.606942121021E-02,-0.998426872638,0.));
#597 = PCURVE('',#144,#598);
#598 = DEFINITIONAL_REPRESENTATION('',(#599),#603);
#599 = LINE('',#600,#601);
#600 = CARTESIAN_POINT('',(-37.481137,52.335893));
#601 = VECTOR('',#602,1.);
#602 = DIRECTION('',(-5.606942121021E-02,-0.998426872638));
#603 = ( GEOMETRIC_REPRESENTATION_CONTEXT(2) 
PARAMETRIC_REPRESENTATION_CONTEXT() REPRESENTATION_CONTEXT('2D SPACE',''
  ) );
#604 = PCURVE('',#605,#610);
#605 = PLANE('',#606);
#606 = AXIS2_PLACEMENT_3D('',#607,#608,#609);
#607 = CARTESIAN_POINT('',(74.981137,-2.664107,0.));
#608 = DIRECTION('',(0.998426872638,5.606942121021E-02,-0.));
#609 = DIRECTION('',(5.606942121021E-02,-0.998426872638,0.));
#610 = DEFINITIONAL_REPRESENTATION('',(#611),#615);
#611 = LINE('',#612,#613);
#612 = CARTESIAN_POINT('',(0.,0.));
#613 = VECTOR('',#614,1.);
#614 = DIRECTION('',(1.,0.));
#615 = ( GEOMETRIC_REPRESENTATION_CONTEXT(2) 
PARAMETRIC_REPRESENTATION_CONTEXT() REPRESENTATION_CONTEXT('2D SPACE',''
  ) );
#616 = ORIENTED_EDGE('',*,*,#617,.T.);
#617 = EDGE_CURVE('',#590,#618,#620,.T.);
#618 = VERTEX_POINT('',#619);
#619 = CARTESIAN_POINT('',(75.,-104.4042651596,0.));
#620 = SURFACE_CURVE('',#621,(#625,#632),.PCURVE_S1.);
#621 = LINE('',#622,#623);
#622 = CARTESIAN_POINT('',(75.,-3.,0.));
#623 = VECTOR('',#624,1.);
#624 = DIRECTION('',(0.,-1.,0.));
#625 = PCURVE('',#144,#626);
#626 = DEFINITIONAL_REPRESENTATION('',(#627),#631);
#627 = LINE('',#628,#629);
#628 = CARTESIAN_POINT('',(-37.5,52.));
#629 = VECTOR('',#630,1.);
#630 = DIRECTION('',(0.,-1.));
#631 = ( GEOMETRIC_REPRESENTATION_CONTEXT(2) 
PARAMETRIC_REPRESENTATION_CONTEXT() REPRESENTATION_CONTEXT('2D SPACE',''
  ) );
#632 = PCURVE('',#633,#638);
#633 = PLANE('',#634);
#634 = AXIS2_PLACEMENT_3D('',#635,#636,#637);
#635 = CARTESIAN_POINT('',(75.,-3.,0.));
#636 = DIRECTION('',(1.,0.,-0.));
#637 = DIRECTION('',(0.,-1.,0.));
#638 = DEFINITIONAL_REPRESENTATION('',(#639),#643);
#639 = LINE('',#640,#641);
#640 = CARTESIAN_POINT('',(0.,0.));
#641 = VECTOR('',#642,1.);
#642 = DIRECTION('',(1.,0.));
#643 = ( GEOMETRIC_REPRESENTATION_CONTEXT(2) 
PARAMETRIC_REPRESENTATION_CONTEXT() REPRESENTATION_CONTEXT('2D SPACE',''
  ) );
#644 = ORIENTED_EDGE('',*,*,#645,.T.);
#645 = EDGE_CURVE('',#618,#646,#648,.T.);
#646 = VERTEX_POINT('',#647);
#647 = CARTESIAN_POINT('',(75.,-105.5957348403,0.));
#648 = SURFACE_CURVE('',#649,(#654,#665),.PCURVE_S1.);
#649 = CIRCLE('',#650,0.65);
#650 = AXIS2_PLACEMENT_3D('',#651,#652,#653);
#651 = CARTESIAN_POINT('',(75.26,-105.,0.));
#652 = DIRECTION('',(0.,0.,1.));
#653 = DIRECTION('',(1.,0.,-0.));
#654 = PCURVE('',#144,#655);
#655 = DEFINITIONAL_REPRESENTATION('',(#656),#664);
#656 = ( BOUNDED_CURVE() B_SPLINE_CURVE(2,(#657,#658,#659,#660,#661,#662
,#663),.UNSPECIFIED.,.T.,.F.) B_SPLINE_CURVE_WITH_KNOTS((1,2,2,2,2,1),(
    -2.094395102393,0.,2.094395102393,4.188790204786,6.28318530718,
8.377580409573),.UNSPECIFIED.) CURVE() GEOMETRIC_REPRESENTATION_ITEM() 
RATIONAL_B_SPLINE_CURVE((1.,0.5,1.,0.5,1.,0.5,1.)) REPRESENTATION_ITEM(
  '') );
#657 = CARTESIAN_POINT('',(-38.41,-50.));
#658 = CARTESIAN_POINT('',(-38.41,-48.87416697508));
#659 = CARTESIAN_POINT('',(-37.435,-49.43708348754));
#660 = CARTESIAN_POINT('',(-36.46,-50.));
#661 = CARTESIAN_POINT('',(-37.435,-50.56291651246));
#662 = CARTESIAN_POINT('',(-38.41,-51.12583302492));
#663 = CARTESIAN_POINT('',(-38.41,-50.));
#664 = ( GEOMETRIC_REPRESENTATION_CONTEXT(2) 
PARAMETRIC_REPRESENTATION_CONTEXT() REPRESENTATION_CONTEXT('2D SPACE',''
  ) );
#665 = PCURVE('',#666,#671);
#666 = CYLINDRICAL_SURFACE('',#667,0.65);
#667 = AXIS2_PLACEMENT_3D('',#668,#669,#670);
#668 = CARTESIAN_POINT('',(75.26,-105.,-1.E-02));
#669 = DIRECTION('',(0.,0.,1.));
#670 = DIRECTION('',(1.,0.,-0.));
#671 = DEFINITIONAL_REPRESENTATION('',(#672),#676);
#672 = LINE('',#673,#674);
#673 = CARTESIAN_POINT('',(0.,1.E-02));
#674 = VECTOR('',#675,1.);
#675 = DIRECTION('',(1.,0.));
#676 = ( GEOMETRIC_REPRESENTATION_CONTEXT(2) 
PARAMETRIC_REPRESENTATION_CONTEXT() REPRESENTATION_CONTEXT('2D SPACE',''
  ) );
#677 = ORIENTED_EDGE('',*,*,#678,.T.);
#678 = EDGE_CURVE('',#646,#679,#681,.T.);
#679 = VERTEX_POINT('',#680);
#680 = CARTESIAN_POINT('',(75.,-107.,0.));
#681 = SURFACE_CURVE('',#682,(#686,#693),.PCURVE_S1.);
#682 = LINE('',#683,#684);
#683 = CARTESIAN_POINT('',(75.,-3.,0.));
#684 = VECTOR('',#685,1.);
#685 = DIRECTION('',(0.,-1.,0.));
#686 = PCURVE('',#144,#687);
#687 = DEFINITIONAL_REPRESENTATION('',(#688),#692);
#688 = LINE('',#689,#690);
#689 = CARTESIAN_POINT('',(-37.5,52.));
#690 = VECTOR('',#691,1.);
#691 = DIRECTION('',(0.,-1.));
#692 = ( GEOMETRIC_REPRESENTATION_CONTEXT(2) 
PARAMETRIC_REPRESENTATION_CONTEXT() REPRESENTATION_CONTEXT('2D SPACE',''
  ) );
#693 = PCURVE('',#694,#699);
#694 = PLANE('',#695);
#695 = AXIS2_PLACEMENT_3D('',#696,#697,#698);
#696 = CARTESIAN_POINT('',(75.,-3.,0.));
#697 = DIRECTION('',(1.,0.,-0.));
#698 = DIRECTION('',(0.,-1.,0.));
#699 = DEFINITIONAL_REPRESENTATION('',(#700),#704);
#700 = LINE('',#701,#702);
#701 = CARTESIAN_POINT('',(0.,0.));
#702 = VECTOR('',#703,1.);
#703 = DIRECTION('',(1.,0.));
#704 = ( GEOMETRIC_REPRESENTATION_CONTEXT(2) 
PARAMETRIC_REPRESENTATION_CONTEXT() REPRESENTATION_CONTEXT('2D SPACE',''
  ) );
#705 = ORIENTED_EDGE('',*,*,#706,.T.);
#706 = EDGE_CURVE('',#679,#707,#709,.T.);
#707 = VERTEX_POINT('',#708);
#708 = CARTESIAN_POINT('',(74.981137,-107.335893,0.));
#709 = SURFACE_CURVE('',#710,(#714,#721),.PCURVE_S1.);
#710 = LINE('',#711,#712);
#711 = CARTESIAN_POINT('',(75.,-107.,0.));
#712 = VECTOR('',#713,1.);
#713 = DIRECTION('',(-5.606942121021E-02,-0.998426872638,0.));
#714 = PCURVE('',#144,#715);
#715 = DEFINITIONAL_REPRESENTATION('',(#716),#720);
#716 = LINE('',#717,#718);
#717 = CARTESIAN_POINT('',(-37.5,-52.));
#718 = VECTOR('',#719,1.);
#719 = DIRECTION('',(5.606942121021E-02,-0.998426872638));
#720 = ( GEOMETRIC_REPRESENTATION_CONTEXT(2) 
PARAMETRIC_REPRESENTATION_CONTEXT() REPRESENTATION_CONTEXT('2D SPACE',''
  ) );
#721 = PCURVE('',#722,#727);
#722 = PLANE('',#723);
#723 = AXIS2_PLACEMENT_3D('',#724,#725,#726);
#724 = CARTESIAN_POINT('',(75.,-107.,0.));
#725 = DIRECTION('',(0.998426872638,-5.606942121021E-02,0.));
#726 = DIRECTION('',(-5.606942121021E-02,-0.998426872638,0.));
#727 = DEFINITIONAL_REPRESENTATION('',(#728),#732);
#728 = LINE('',#729,#730);
#729 = CARTESIAN_POINT('',(0.,0.));
#730 = VECTOR('',#731,1.);
#731 = DIRECTION('',(1.,0.));
#732 = ( GEOMETRIC_REPRESENTATION_CONTEXT(2) 
PARAMETRIC_REPRESENTATION_CONTEXT() REPRESENTATION_CONTEXT('2D SPACE',''
  ) );
#733 = ORIENTED_EDGE('',*,*,#734,.T.);
#734 = EDGE_CURVE('',#707,#735,#737,.T.);
#735 = VERTEX_POINT('',#736);
#736 = CARTESIAN_POINT('',(74.924784,-107.667563,0.));
#737 = SURFACE_CURVE('',#738,(#742,#749),.PCURVE_S1.);
#738 = LINE('',#739,#740);
#739 = CARTESIAN_POINT('',(74.981137,-107.335893,0.));
#740 = VECTOR('',#741,1.);
#741 = DIRECTION('',(-0.167506224545,-0.985871018308,0.));
#742 = PCURVE('',#144,#743);
#743 = DEFINITIONAL_REPRESENTATION('',(#744),#748);
#744 = LINE('',#745,#746);
#745 = CARTESIAN_POINT('',(-37.481137,-52.335893));
#746 = VECTOR('',#747,1.);
#747 = DIRECTION('',(0.167506224545,-0.985871018308));
#748 = ( GEOMETRIC_REPRESENTATION_CONTEXT(2) 
PARAMETRIC_REPRESENTATION_CONTEXT() REPRESENTATION_CONTEXT('2D SPACE',''
  ) );
#749 = PCURVE('',#750,#755);
#750 = PLANE('',#751);
#751 = AXIS2_PLACEMENT_3D('',#752,#753,#754);
#752 = CARTESIAN_POINT('',(74.981137,-107.335893,0.));
#753 = DIRECTION('',(0.985871018308,-0.167506224545,0.));
#754 = DIRECTION('',(-0.167506224545,-0.985871018308,0.));
#755 = DEFINITIONAL_REPRESENTATION('',(#756),#760);
#756 = LINE('',#757,#758);
#757 = CARTESIAN_POINT('',(0.,0.));
#758 = VECTOR('',#759,1.);
#759 = DIRECTION('',(1.,0.));
#760 = ( GEOMETRIC_REPRESENTATION_CONTEXT(2) 
PARAMETRIC_REPRESENTATION_CONTEXT() REPRESENTATION_CONTEXT('2D SPACE',''
  ) );
#761 = ORIENTED_EDGE('',*,*,#762,.T.);
#762 = EDGE_CURVE('',#735,#763,#765,.T.);
#763 = VERTEX_POINT('',#764);
#764 = CARTESIAN_POINT('',(74.83165,-107.990837,0.));
#765 = SURFACE_CURVE('',#766,(#770,#777),.PCURVE_S1.);
#766 = LINE('',#767,#768);
#767 = CARTESIAN_POINT('',(74.924784,-107.667563,0.));
#768 = VECTOR('',#769,1.);
#769 = DIRECTION('',(-0.276836513242,-0.960917033326,0.));
#770 = PCURVE('',#144,#771);
#771 = DEFINITIONAL_REPRESENTATION('',(#772),#776);
#772 = LINE('',#773,#774);
#773 = CARTESIAN_POINT('',(-37.424784,-52.667563));
#774 = VECTOR('',#775,1.);
#775 = DIRECTION('',(0.276836513242,-0.960917033326));
#776 = ( GEOMETRIC_REPRESENTATION_CONTEXT(2) 
PARAMETRIC_REPRESENTATION_CONTEXT() REPRESENTATION_CONTEXT('2D SPACE',''
  ) );
#777 = PCURVE('',#778,#783);
#778 = PLANE('',#779);
#779 = AXIS2_PLACEMENT_3D('',#780,#781,#782);
#780 = CARTESIAN_POINT('',(74.924784,-107.667563,0.));
#781 = DIRECTION('',(0.960917033326,-0.276836513242,0.));
#782 = DIRECTION('',(-0.276836513242,-0.960917033326,0.));
#783 = DEFINITIONAL_REPRESENTATION('',(#784),#788);
#784 = LINE('',#785,#786);
#785 = CARTESIAN_POINT('',(0.,0.));
#786 = VECTOR('',#787,1.);
#787 = DIRECTION('',(1.,0.));
#788 = ( GEOMETRIC_REPRESENTATION_CONTEXT(2) 
PARAMETRIC_REPRESENTATION_CONTEXT() REPRESENTATION_CONTEXT('2D SPACE',''
  ) );
#789 = ORIENTED_EDGE('',*,*,#790,.T.);
#790 = EDGE_CURVE('',#763,#791,#793,.T.);
#791 = VERTEX_POINT('',#792);
#792 = CARTESIAN_POINT('',(74.702907,-108.301651,0.));
#793 = SURFACE_CURVE('',#794,(#798,#805),.PCURVE_S1.);
#794 = LINE('',#795,#796);
#795 = CARTESIAN_POINT('',(74.83165,-107.990837,0.));
#796 = VECTOR('',#797,1.);
#797 = DIRECTION('',(-0.382682483027,-0.92387992574,0.));
#798 = PCURVE('',#144,#799);
#799 = DEFINITIONAL_REPRESENTATION('',(#800),#804);
#800 = LINE('',#801,#802);
#801 = CARTESIAN_POINT('',(-37.33165,-52.990837));
#802 = VECTOR('',#803,1.);
#803 = DIRECTION('',(0.382682483027,-0.92387992574));
#804 = ( GEOMETRIC_REPRESENTATION_CONTEXT(2) 
PARAMETRIC_REPRESENTATION_CONTEXT() REPRESENTATION_CONTEXT('2D SPACE',''
  ) );
#805 = PCURVE('',#806,#811);
#806 = PLANE('',#807);
#807 = AXIS2_PLACEMENT_3D('',#808,#809,#810);
#808 = CARTESIAN_POINT('',(74.83165,-107.990837,0.));
#809 = DIRECTION('',(0.92387992574,-0.382682483027,0.));
#810 = DIRECTION('',(-0.382682483027,-0.92387992574,0.));
#811 = DEFINITIONAL_REPRESENTATION('',(#812),#816);
#812 = LINE('',#813,#814);
#813 = CARTESIAN_POINT('',(0.,0.));
#814 = VECTOR('',#815,1.);
#815 = DIRECTION('',(1.,0.));
#816 = ( GEOMETRIC_REPRESENTATION_CONTEXT(2) 
PARAMETRIC_REPRESENTATION_CONTEXT() REPRESENTATION_CONTEXT('2D SPACE',''
  ) );
#817 = ORIENTED_EDGE('',*,*,#818,.T.);
#818 = EDGE_CURVE('',#791,#819,#821,.T.);
#819 = VERTEX_POINT('',#820);
#820 = CARTESIAN_POINT('',(74.540173,-108.596096,0.));
#821 = SURFACE_CURVE('',#822,(#826,#833),.PCURVE_S1.);
#822 = LINE('',#823,#824);
#823 = CARTESIAN_POINT('',(74.702907,-108.301651,0.));
#824 = VECTOR('',#825,1.);
#825 = DIRECTION('',(-0.483718888737,-0.875223421007,0.));
#826 = PCURVE('',#144,#827);
#827 = DEFINITIONAL_REPRESENTATION('',(#828),#832);
#828 = LINE('',#829,#830);
#829 = CARTESIAN_POINT('',(-37.202907,-53.301651));
#830 = VECTOR('',#831,1.);
#831 = DIRECTION('',(0.483718888737,-0.875223421007));
#832 = ( GEOMETRIC_REPRESENTATION_CONTEXT(2) 
PARAMETRIC_REPRESENTATION_CONTEXT() REPRESENTATION_CONTEXT('2D SPACE',''
  ) );
#833 = PCURVE('',#834,#839);
#834 = PLANE('',#835);
#835 = AXIS2_PLACEMENT_3D('',#836,#837,#838);
#836 = CARTESIAN_POINT('',(74.702907,-108.301651,0.));
#837 = DIRECTION('',(0.875223421007,-0.483718888737,0.));
#838 = DIRECTION('',(-0.483718888737,-0.875223421007,0.));
#839 = DEFINITIONAL_REPRESENTATION('',(#840),#844);
#840 = LINE('',#841,#842);
#841 = CARTESIAN_POINT('',(0.,0.));
#842 = VECTOR('',#843,1.);
#843 = DIRECTION('',(1.,0.));
#844 = ( GEOMETRIC_REPRESENTATION_CONTEXT(2) 
PARAMETRIC_REPRESENTATION_CONTEXT() REPRESENTATION_CONTEXT('2D SPACE',''
  ) );
#845 = ORIENTED_EDGE('',*,*,#846,.T.);
#846 = EDGE_CURVE('',#819,#847,#849,.T.);
#847 = VERTEX_POINT('',#848);
#848 = CARTESIAN_POINT('',(74.345494,-108.870469,0.));
#849 = SURFACE_CURVE('',#850,(#854,#861),.PCURVE_S1.);
#850 = LINE('',#851,#852);
#851 = CARTESIAN_POINT('',(74.540173,-108.596096,0.));
#852 = VECTOR('',#853,1.);
#853 = DIRECTION('',(-0.578673223091,-0.815559501739,0.));
#854 = PCURVE('',#144,#855);
#855 = DEFINITIONAL_REPRESENTATION('',(#856),#860);
#856 = LINE('',#857,#858);
#857 = CARTESIAN_POINT('',(-37.040173,-53.596096));
#858 = VECTOR('',#859,1.);
#859 = DIRECTION('',(0.578673223091,-0.815559501739));
#860 = ( GEOMETRIC_REPRESENTATION_CONTEXT(2) 
PARAMETRIC_REPRESENTATION_CONTEXT() REPRESENTATION_CONTEXT('2D SPACE',''
  ) );
#861 = PCURVE('',#862,#867);
#862 = PLANE('',#863);
#863 = AXIS2_PLACEMENT_3D('',#864,#865,#866);
#864 = CARTESIAN_POINT('',(74.540173,-108.596096,0.));
#865 = DIRECTION('',(0.815559501739,-0.578673223091,0.));
#866 = DIRECTION('',(-0.578673223091,-0.815559501739,0.));
#867 = DEFINITIONAL_REPRESENTATION('',(#868),#872);
#868 = LINE('',#869,#870);
#869 = CARTESIAN_POINT('',(0.,0.));
#870 = VECTOR('',#871,1.);
#871 = DIRECTION('',(1.,0.));
#872 = ( GEOMETRIC_REPRESENTATION_CONTEXT(2) 
PARAMETRIC_REPRESENTATION_CONTEXT() REPRESENTATION_CONTEXT('2D SPACE',''
  ) );
#873 = ORIENTED_EDGE('',*,*,#874,.T.);
#874 = EDGE_CURVE('',#847,#875,#877,.T.);
#875 = VERTEX_POINT('',#876);
#876 = CARTESIAN_POINT('',(74.12132,-109.12132,0.));
#877 = SURFACE_CURVE('',#878,(#882,#889),.PCURVE_S1.);
#878 = LINE('',#879,#880);
#879 = CARTESIAN_POINT('',(74.345494,-108.870469,0.));
#880 = VECTOR('',#881,1.);
#881 = DIRECTION('',(-0.666346314744,-0.7456424001,0.));
#882 = PCURVE('',#144,#883);
#883 = DEFINITIONAL_REPRESENTATION('',(#884),#888);
#884 = LINE('',#885,#886);
#885 = CARTESIAN_POINT('',(-36.845494,-53.870469));
#886 = VECTOR('',#887,1.);
#887 = DIRECTION('',(0.666346314744,-0.7456424001));
#888 = ( GEOMETRIC_REPRESENTATION_CONTEXT(2) 
PARAMETRIC_REPRESENTATION_CONTEXT() REPRESENTATION_CONTEXT('2D SPACE',''
  ) );
#889 = PCURVE('',#890,#895);
#890 = PLANE('',#891);
#891 = AXIS2_PLACEMENT_3D('',#892,#893,#894);
#892 = CARTESIAN_POINT('',(74.345494,-108.870469,0.));
#893 = DIRECTION('',(0.7456424001,-0.666346314744,0.));
#894 = DIRECTION('',(-0.666346314744,-0.7456424001,0.));
#895 = DEFINITIONAL_REPRESENTATION('',(#896),#900);
#896 = LINE('',#897,#898);
#897 = CARTESIAN_POINT('',(0.,0.));
#898 = VECTOR('',#899,1.);
#899 = DIRECTION('',(1.,0.));
#900 = ( GEOMETRIC_REPRESENTATION_CONTEXT(2) 
PARAMETRIC_REPRESENTATION_CONTEXT() REPRESENTATION_CONTEXT('2D SPACE',''
  ) );
#901 = ORIENTED_EDGE('',*,*,#902,.T.);
#902 = EDGE_CURVE('',#875,#903,#905,.T.);
#903 = VERTEX_POINT('',#904);
#904 = CARTESIAN_POINT('',(73.870469,-109.345494,0.));
#905 = SURFACE_CURVE('',#906,(#910,#917),.PCURVE_S1.);
#906 = LINE('',#907,#908);
#907 = CARTESIAN_POINT('',(74.12132,-109.12132,0.));
#908 = VECTOR('',#909,1.);
#909 = DIRECTION('',(-0.7456424001,-0.666346314744,0.));
#910 = PCURVE('',#144,#911);
#911 = DEFINITIONAL_REPRESENTATION('',(#912),#916);
#912 = LINE('',#913,#914);
#913 = CARTESIAN_POINT('',(-36.62132,-54.12132));
#914 = VECTOR('',#915,1.);
#915 = DIRECTION('',(0.7456424001,-0.666346314744));
#916 = ( GEOMETRIC_REPRESENTATION_CONTEXT(2) 
PARAMETRIC_REPRESENTATION_CONTEXT() REPRESENTATION_CONTEXT('2D SPACE',''
  ) );
#917 = PCURVE('',#918,#923);
#918 = PLANE('',#919);
#919 = AXIS2_PLACEMENT_3D('',#920,#921,#922);
#920 = CARTESIAN_POINT('',(74.12132,-109.12132,0.));
#921 = DIRECTION('',(0.666346314744,-0.7456424001,0.));
#922 = DIRECTION('',(-0.7456424001,-0.666346314744,0.));
#923 = DEFINITIONAL_REPRESENTATION('',(#924),#928);
#924 = LINE('',#925,#926);
#925 = CARTESIAN_POINT('',(0.,0.));
#926 = VECTOR('',#927,1.);
#927 = DIRECTION('',(1.,0.));
#928 = ( GEOMETRIC_REPRESENTATION_CONTEXT(2) 
PARAMETRIC_REPRESENTATION_CONTEXT() REPRESENTATION_CONTEXT('2D SPACE',''
  ) );
#929 = ORIENTED_EDGE('',*,*,#930,.T.);
#930 = EDGE_CURVE('',#903,#931,#933,.T.);
#931 = VERTEX_POINT('',#932);
#932 = CARTESIAN_POINT('',(73.596096,-109.540173,0.));
#933 = SURFACE_CURVE('',#934,(#938,#945),.PCURVE_S1.);
#934 = LINE('',#935,#936);
#935 = CARTESIAN_POINT('',(73.870469,-109.345494,0.));
#936 = VECTOR('',#937,1.);
#937 = DIRECTION('',(-0.815559501739,-0.578673223091,0.));
#938 = PCURVE('',#144,#939);
#939 = DEFINITIONAL_REPRESENTATION('',(#940),#944);
#940 = LINE('',#941,#942);
#941 = CARTESIAN_POINT('',(-36.370469,-54.345494));
#942 = VECTOR('',#943,1.);
#943 = DIRECTION('',(0.815559501739,-0.578673223091));
#944 = ( GEOMETRIC_REPRESENTATION_CONTEXT(2) 
PARAMETRIC_REPRESENTATION_CONTEXT() REPRESENTATION_CONTEXT('2D SPACE',''
  ) );
#945 = PCURVE('',#946,#951);
#946 = PLANE('',#947);
#947 = AXIS2_PLACEMENT_3D('',#948,#949,#950);
#948 = CARTESIAN_POINT('',(73.870469,-109.345494,0.));
#949 = DIRECTION('',(0.578673223091,-0.815559501739,0.));
#950 = DIRECTION('',(-0.815559501739,-0.578673223091,0.));
#951 = DEFINITIONAL_REPRESENTATION('',(#952),#956);
#952 = LINE('',#953,#954);
#953 = CARTESIAN_POINT('',(0.,0.));
#954 = VECTOR('',#955,1.);
#955 = DIRECTION('',(1.,0.));
#956 = ( GEOMETRIC_REPRESENTATION_CONTEXT(2) 
PARAMETRIC_REPRESENTATION_CONTEXT() REPRESENTATION_CONTEXT('2D SPACE',''
  ) );
#957 = ORIENTED_EDGE('',*,*,#958,.T.);
#958 = EDGE_CURVE('',#931,#959,#961,.T.);
#959 = VERTEX_POINT('',#960);
#960 = CARTESIAN_POINT('',(73.301651,-109.702907,0.));
#961 = SURFACE_CURVE('',#962,(#966,#973),.PCURVE_S1.);
#962 = LINE('',#963,#964);
#963 = CARTESIAN_POINT('',(73.596096,-109.540173,0.));
#964 = VECTOR('',#965,1.);
#965 = DIRECTION('',(-0.875223421007,-0.483718888737,0.));
#966 = PCURVE('',#144,#967);
#967 = DEFINITIONAL_REPRESENTATION('',(#968),#972);
#968 = LINE('',#969,#970);
#969 = CARTESIAN_POINT('',(-36.096096,-54.540173));
#970 = VECTOR('',#971,1.);
#971 = DIRECTION('',(0.875223421007,-0.483718888737));
#972 = ( GEOMETRIC_REPRESENTATION_CONTEXT(2) 
PARAMETRIC_REPRESENTATION_CONTEXT() REPRESENTATION_CONTEXT('2D SPACE',''
  ) );
#973 = PCURVE('',#974,#979);
#974 = PLANE('',#975);
#975 = AXIS2_PLACEMENT_3D('',#976,#977,#978);
#976 = CARTESIAN_POINT('',(73.596096,-109.540173,0.));
#977 = DIRECTION('',(0.483718888737,-0.875223421007,0.));
#978 = DIRECTION('',(-0.875223421007,-0.483718888737,0.));
#979 = DEFINITIONAL_REPRESENTATION('',(#980),#984);
#980 = LINE('',#981,#982);
#981 = CARTESIAN_POINT('',(0.,0.));
#982 = VECTOR('',#983,1.);
#983 = DIRECTION('',(1.,0.));
#984 = ( GEOMETRIC_REPRESENTATION_CONTEXT(2) 
PARAMETRIC_REPRESENTATION_CONTEXT() REPRESENTATION_CONTEXT('2D SPACE',''
  ) );
#985 = ORIENTED_EDGE('',*,*,#986,.T.);
#986 = EDGE_CURVE('',#959,#987,#989,.T.);
#987 = VERTEX_POINT('',#988);
#988 = CARTESIAN_POINT('',(72.990837,-109.83165,0.));
#989 = SURFACE_CURVE('',#990,(#994,#1001),.PCURVE_S1.);
#990 = LINE('',#991,#992);
#991 = CARTESIAN_POINT('',(73.301651,-109.702907,0.));
#992 = VECTOR('',#993,1.);
#993 = DIRECTION('',(-0.92387992574,-0.382682483027,0.));
#994 = PCURVE('',#144,#995);
#995 = DEFINITIONAL_REPRESENTATION('',(#996),#1000);
#996 = LINE('',#997,#998);
#997 = CARTESIAN_POINT('',(-35.801651,-54.702907));
#998 = VECTOR('',#999,1.);
#999 = DIRECTION('',(0.92387992574,-0.382682483027));
#1000 = ( GEOMETRIC_REPRESENTATION_CONTEXT(2) 
PARAMETRIC_REPRESENTATION_CONTEXT() REPRESENTATION_CONTEXT('2D SPACE',''
  ) );
#1001 = PCURVE('',#1002,#1007);
#1002 = PLANE('',#1003);
#1003 = AXIS2_PLACEMENT_3D('',#1004,#1005,#1006);
#1004 = CARTESIAN_POINT('',(73.301651,-109.702907,0.));
#1005 = DIRECTION('',(0.382682483027,-0.92387992574,0.));
#1006 = DIRECTION('',(-0.92387992574,-0.382682483027,0.));
#1007 = DEFINITIONAL_REPRESENTATION('',(#1008),#1012);
#1008 = LINE('',#1009,#1010);
#1009 = CARTESIAN_POINT('',(0.,0.));
#1010 = VECTOR('',#1011,1.);
#1011 = DIRECTION('',(1.,0.));
#1012 = ( GEOMETRIC_REPRESENTATION_CONTEXT(2) 
PARAMETRIC_REPRESENTATION_CONTEXT() REPRESENTATION_CONTEXT('2D SPACE',''
  ) );
#1013 = ORIENTED_EDGE('',*,*,#1014,.T.);
#1014 = EDGE_CURVE('',#987,#1015,#1017,.T.);
#1015 = VERTEX_POINT('',#1016);
#1016 = CARTESIAN_POINT('',(72.667563,-109.924784,0.));
#1017 = SURFACE_CURVE('',#1018,(#1022,#1029),.PCURVE_S1.);
#1018 = LINE('',#1019,#1020);
#1019 = CARTESIAN_POINT('',(72.990837,-109.83165,0.));
#1020 = VECTOR('',#1021,1.);
#1021 = DIRECTION('',(-0.960917033326,-0.276836513242,0.));
#1022 = PCURVE('',#144,#1023);
#1023 = DEFINITIONAL_REPRESENTATION('',(#1024),#1028);
#1024 = LINE('',#1025,#1026);
#1025 = CARTESIAN_POINT('',(-35.490837,-54.83165));
#1026 = VECTOR('',#1027,1.);
#1027 = DIRECTION('',(0.960917033326,-0.276836513242));
#1028 = ( GEOMETRIC_REPRESENTATION_CONTEXT(2) 
PARAMETRIC_REPRESENTATION_CONTEXT() REPRESENTATION_CONTEXT('2D SPACE',''
  ) );
#1029 = PCURVE('',#1030,#1035);
#1030 = PLANE('',#1031);
#1031 = AXIS2_PLACEMENT_3D('',#1032,#1033,#1034);
#1032 = CARTESIAN_POINT('',(72.990837,-109.83165,0.));
#1033 = DIRECTION('',(0.276836513242,-0.960917033326,0.));
#1034 = DIRECTION('',(-0.960917033326,-0.276836513242,0.));
#1035 = DEFINITIONAL_REPRESENTATION('',(#1036),#1040);
#1036 = LINE('',#1037,#1038);
#1037 = CARTESIAN_POINT('',(0.,0.));
#1038 = VECTOR('',#1039,1.);
#1039 = DIRECTION('',(1.,0.));
#1040 = ( GEOMETRIC_REPRESENTATION_CONTEXT(2) 
PARAMETRIC_REPRESENTATION_CONTEXT() REPRESENTATION_CONTEXT('2D SPACE',''
  ) );
#1041 = ORIENTED_EDGE('',*,*,#1042,.T.);
#1042 = EDGE_CURVE('',#1015,#1043,#1045,.T.);
#1043 = VERTEX_POINT('',#1044);
#1044 = CARTESIAN_POINT('',(72.335893,-109.981137,0.));
#1045 = SURFACE_CURVE('',#1046,(#1050,#1057),.PCURVE_S1.);
#1046 = LINE('',#1047,#1048);
#1047 = CARTESIAN_POINT('',(72.667563,-109.924784,0.));
#1048 = VECTOR('',#1049,1.);
#1049 = DIRECTION('',(-0.985871018308,-0.167506224545,0.));
#1050 = PCURVE('',#144,#1051);
#1051 = DEFINITIONAL_REPRESENTATION('',(#1052),#1056);
#1052 = LINE('',#1053,#1054);
#1053 = CARTESIAN_POINT('',(-35.167563,-54.924784));
#1054 = VECTOR('',#1055,1.);
#1055 = DIRECTION('',(0.985871018308,-0.167506224545));
#1056 = ( GEOMETRIC_REPRESENTATION_CONTEXT(2) 
PARAMETRIC_REPRESENTATION_CONTEXT() REPRESENTATION_CONTEXT('2D SPACE',''
  ) );
#1057 = PCURVE('',#1058,#1063);
#1058 = PLANE('',#1059);
#1059 = AXIS2_PLACEMENT_3D('',#1060,#1061,#1062);
#1060 = CARTESIAN_POINT('',(72.667563,-109.924784,0.));
#1061 = DIRECTION('',(0.167506224545,-0.985871018308,0.));
#1062 = DIRECTION('',(-0.985871018308,-0.167506224545,0.));
#1063 = DEFINITIONAL_REPRESENTATION('',(#1064),#1068);
#1064 = LINE('',#1065,#1066);
#1065 = CARTESIAN_POINT('',(0.,0.));
#1066 = VECTOR('',#1067,1.);
#1067 = DIRECTION('',(1.,0.));
#1068 = ( GEOMETRIC_REPRESENTATION_CONTEXT(2) 
PARAMETRIC_REPRESENTATION_CONTEXT() REPRESENTATION_CONTEXT('2D SPACE',''
  ) );
#1069 = ORIENTED_EDGE('',*,*,#1070,.T.);
#1070 = EDGE_CURVE('',#1043,#1071,#1073,.T.);
#1071 = VERTEX_POINT('',#1072);
#1072 = CARTESIAN_POINT('',(72.,-110.,0.));
#1073 = SURFACE_CURVE('',#1074,(#1078,#1085),.PCURVE_S1.);
#1074 = LINE('',#1075,#1076);
#1075 = CARTESIAN_POINT('',(72.335893,-109.981137,0.));
#1076 = VECTOR('',#1077,1.);
#1077 = DIRECTION('',(-0.998426872638,-5.606942121021E-02,0.));
#1078 = PCURVE('',#144,#1079);
#1079 = DEFINITIONAL_REPRESENTATION('',(#1080),#1084);
#1080 = LINE('',#1081,#1082);
#1081 = CARTESIAN_POINT('',(-34.835893,-54.981137));
#1082 = VECTOR('',#1083,1.);
#1083 = DIRECTION('',(0.998426872638,-5.606942121021E-02));
#1084 = ( GEOMETRIC_REPRESENTATION_CONTEXT(2) 
PARAMETRIC_REPRESENTATION_CONTEXT() REPRESENTATION_CONTEXT('2D SPACE',''
  ) );
#1085 = PCURVE('',#1086,#1091);
#1086 = PLANE('',#1087);
#1087 = AXIS2_PLACEMENT_3D('',#1088,#1089,#1090);
#1088 = CARTESIAN_POINT('',(72.335893,-109.981137,0.));
#1089 = DIRECTION('',(5.606942121021E-02,-0.998426872638,0.));
#1090 = DIRECTION('',(-0.998426872638,-5.606942121021E-02,0.));
#1091 = DEFINITIONAL_REPRESENTATION('',(#1092),#1096);
#1092 = LINE('',#1093,#1094);
#1093 = CARTESIAN_POINT('',(0.,0.));
#1094 = VECTOR('',#1095,1.);
#1095 = DIRECTION('',(1.,0.));
#1096 = ( GEOMETRIC_REPRESENTATION_CONTEXT(2) 
PARAMETRIC_REPRESENTATION_CONTEXT() REPRESENTATION_CONTEXT('2D SPACE',''
  ) );
#1097 = ORIENTED_EDGE('',*,*,#1098,.T.);
#1098 = EDGE_CURVE('',#1071,#1099,#1101,.T.);
#1099 = VERTEX_POINT('',#1100);
#1100 = CARTESIAN_POINT('',(3.,-110.,0.));
#1101 = SURFACE_CURVE('',#1102,(#1106,#1113),.PCURVE_S1.);
#1102 = LINE('',#1103,#1104);
#1103 = CARTESIAN_POINT('',(72.,-110.,0.));
#1104 = VECTOR('',#1105,1.);
#1105 = DIRECTION('',(-1.,0.,0.));
#1106 = PCURVE('',#144,#1107);
#1107 = DEFINITIONAL_REPRESENTATION('',(#1108),#1112);
#1108 = LINE('',#1109,#1110);
#1109 = CARTESIAN_POINT('',(-34.5,-55.));
#1110 = VECTOR('',#1111,1.);
#1111 = DIRECTION('',(1.,0.));
#1112 = ( GEOMETRIC_REPRESENTATION_CONTEXT(2) 
PARAMETRIC_REPRESENTATION_CONTEXT() REPRESENTATION_CONTEXT('2D SPACE',''
  ) );
#1113 = PCURVE('',#1114,#1119);
#1114 = PLANE('',#1115);
#1115 = AXIS2_PLACEMENT_3D('',#1116,#1117,#1118);
#1116 = CARTESIAN_POINT('',(72.,-110.,0.));
#1117 = DIRECTION('',(0.,-1.,0.));
#1118 = DIRECTION('',(-1.,0.,0.));
#1119 = DEFINITIONAL_REPRESENTATION('',(#1120),#1124);
#1120 = LINE('',#1121,#1122);
#1121 = CARTESIAN_POINT('',(0.,-0.));
#1122 = VECTOR('',#1123,1.);
#1123 = DIRECTION('',(1.,0.));
#1124 = ( GEOMETRIC_REPRESENTATION_CONTEXT(2) 
PARAMETRIC_REPRESENTATION_CONTEXT() REPRESENTATION_CONTEXT('2D SPACE',''
  ) );
#1125 = ORIENTED_EDGE('',*,*,#1126,.T.);
#1126 = EDGE_CURVE('',#1099,#1127,#1129,.T.);
#1127 = VERTEX_POINT('',#1128);
#1128 = CARTESIAN_POINT('',(2.664107,-109.981137,0.));
#1129 = SURFACE_CURVE('',#1130,(#1134,#1141),.PCURVE_S1.);
#1130 = LINE('',#1131,#1132);
#1131 = CARTESIAN_POINT('',(3.,-110.,0.));
#1132 = VECTOR('',#1133,1.);
#1133 = DIRECTION('',(-0.998426872638,5.606942121021E-02,0.));
#1134 = PCURVE('',#144,#1135);
#1135 = DEFINITIONAL_REPRESENTATION('',(#1136),#1140);
#1136 = LINE('',#1137,#1138);
#1137 = CARTESIAN_POINT('',(34.5,-55.));
#1138 = VECTOR('',#1139,1.);
#1139 = DIRECTION('',(0.998426872638,5.606942121021E-02));
#1140 = ( GEOMETRIC_REPRESENTATION_CONTEXT(2) 
PARAMETRIC_REPRESENTATION_CONTEXT() REPRESENTATION_CONTEXT('2D SPACE',''
  ) );
#1141 = PCURVE('',#1142,#1147);
#1142 = PLANE('',#1143);
#1143 = AXIS2_PLACEMENT_3D('',#1144,#1145,#1146);
#1144 = CARTESIAN_POINT('',(3.,-110.,0.));
#1145 = DIRECTION('',(-5.606942121021E-02,-0.998426872638,0.));
#1146 = DIRECTION('',(-0.998426872638,5.606942121021E-02,0.));
#1147 = DEFINITIONAL_REPRESENTATION('',(#1148),#1152);
#1148 = LINE('',#1149,#1150);
#1149 = CARTESIAN_POINT('',(0.,0.));
#1150 = VECTOR('',#1151,1.);
#1151 = DIRECTION('',(1.,0.));
#1152 = ( GEOMETRIC_REPRESENTATION_CONTEXT(2) 
PARAMETRIC_REPRESENTATION_CONTEXT() REPRESENTATION_CONTEXT('2D SPACE',''
  ) );
#1153 = ORIENTED_EDGE('',*,*,#1154,.T.);
#1154 = EDGE_CURVE('',#1127,#1155,#1157,.T.);
#1155 = VERTEX_POINT('',#1156);
#1156 = CARTESIAN_POINT('',(2.332437,-109.924784,0.));
#1157 = SURFACE_CURVE('',#1158,(#1162,#1169),.PCURVE_S1.);
#1158 = LINE('',#1159,#1160);
#1159 = CARTESIAN_POINT('',(2.664107,-109.981137,0.));
#1160 = VECTOR('',#1161,1.);
#1161 = DIRECTION('',(-0.985871018308,0.167506224545,0.));
#1162 = PCURVE('',#144,#1163);
#1163 = DEFINITIONAL_REPRESENTATION('',(#1164),#1168);
#1164 = LINE('',#1165,#1166);
#1165 = CARTESIAN_POINT('',(34.835893,-54.981137));
#1166 = VECTOR('',#1167,1.);
#1167 = DIRECTION('',(0.985871018308,0.167506224545));
#1168 = ( GEOMETRIC_REPRESENTATION_CONTEXT(2) 
PARAMETRIC_REPRESENTATION_CONTEXT() REPRESENTATION_CONTEXT('2D SPACE',''
  ) );
#1169 = PCURVE('',#1170,#1175);
#1170 = PLANE('',#1171);
#1171 = AXIS2_PLACEMENT_3D('',#1172,#1173,#1174);
#1172 = CARTESIAN_POINT('',(2.664107,-109.981137,0.));
#1173 = DIRECTION('',(-0.167506224545,-0.985871018308,0.));
#1174 = DIRECTION('',(-0.985871018308,0.167506224545,0.));
#1175 = DEFINITIONAL_REPRESENTATION('',(#1176),#1180);
#1176 = LINE('',#1177,#1178);
#1177 = CARTESIAN_POINT('',(0.,0.));
#1178 = VECTOR('',#1179,1.);
#1179 = DIRECTION('',(1.,0.));
#1180 = ( GEOMETRIC_REPRESENTATION_CONTEXT(2) 
PARAMETRIC_REPRESENTATION_CONTEXT() REPRESENTATION_CONTEXT('2D SPACE',''
  ) );
#1181 = ORIENTED_EDGE('',*,*,#1182,.T.);
#1182 = EDGE_CURVE('',#1155,#1183,#1185,.T.);
#1183 = VERTEX_POINT('',#1184);
#1184 = CARTESIAN_POINT('',(2.009163,-109.83165,0.));
#1185 = SURFACE_CURVE('',#1186,(#1190,#1197),.PCURVE_S1.);
#1186 = LINE('',#1187,#1188);
#1187 = CARTESIAN_POINT('',(2.332437,-109.924784,0.));
#1188 = VECTOR('',#1189,1.);
#1189 = DIRECTION('',(-0.960917033326,0.276836513242,0.));
#1190 = PCURVE('',#144,#1191);
#1191 = DEFINITIONAL_REPRESENTATION('',(#1192),#1196);
#1192 = LINE('',#1193,#1194);
#1193 = CARTESIAN_POINT('',(35.167563,-54.924784));
#1194 = VECTOR('',#1195,1.);
#1195 = DIRECTION('',(0.960917033326,0.276836513242));
#1196 = ( GEOMETRIC_REPRESENTATION_CONTEXT(2) 
PARAMETRIC_REPRESENTATION_CONTEXT() REPRESENTATION_CONTEXT('2D SPACE',''
  ) );
#1197 = PCURVE('',#1198,#1203);
#1198 = PLANE('',#1199);
#1199 = AXIS2_PLACEMENT_3D('',#1200,#1201,#1202);
#1200 = CARTESIAN_POINT('',(2.332437,-109.924784,0.));
#1201 = DIRECTION('',(-0.276836513242,-0.960917033326,0.));
#1202 = DIRECTION('',(-0.960917033326,0.276836513242,0.));
#1203 = DEFINITIONAL_REPRESENTATION('',(#1204),#1208);
#1204 = LINE('',#1205,#1206);
#1205 = CARTESIAN_POINT('',(0.,0.));
#1206 = VECTOR('',#1207,1.);
#1207 = DIRECTION('',(1.,0.));
#1208 = ( GEOMETRIC_REPRESENTATION_CONTEXT(2) 
PARAMETRIC_REPRESENTATION_CONTEXT() REPRESENTATION_CONTEXT('2D SPACE',''
  ) );
#1209 = ORIENTED_EDGE('',*,*,#1210,.T.);
#1210 = EDGE_CURVE('',#1183,#1211,#1213,.T.);
#1211 = VERTEX_POINT('',#1212);
#1212 = CARTESIAN_POINT('',(1.698349,-109.702907,0.));
#1213 = SURFACE_CURVE('',#1214,(#1218,#1225),.PCURVE_S1.);
#1214 = LINE('',#1215,#1216);
#1215 = CARTESIAN_POINT('',(2.009163,-109.83165,0.));
#1216 = VECTOR('',#1217,1.);
#1217 = DIRECTION('',(-0.92387992574,0.382682483027,0.));
#1218 = PCURVE('',#144,#1219);
#1219 = DEFINITIONAL_REPRESENTATION('',(#1220),#1224);
#1220 = LINE('',#1221,#1222);
#1221 = CARTESIAN_POINT('',(35.490837,-54.83165));
#1222 = VECTOR('',#1223,1.);
#1223 = DIRECTION('',(0.92387992574,0.382682483027));
#1224 = ( GEOMETRIC_REPRESENTATION_CONTEXT(2) 
PARAMETRIC_REPRESENTATION_CONTEXT() REPRESENTATION_CONTEXT('2D SPACE',''
  ) );
#1225 = PCURVE('',#1226,#1231);
#1226 = PLANE('',#1227);
#1227 = AXIS2_PLACEMENT_3D('',#1228,#1229,#1230);
#1228 = CARTESIAN_POINT('',(2.009163,-109.83165,0.));
#1229 = DIRECTION('',(-0.382682483027,-0.92387992574,0.));
#1230 = DIRECTION('',(-0.92387992574,0.382682483027,0.));
#1231 = DEFINITIONAL_REPRESENTATION('',(#1232),#1236);
#1232 = LINE('',#1233,#1234);
#1233 = CARTESIAN_POINT('',(0.,0.));
#1234 = VECTOR('',#1235,1.);
#1235 = DIRECTION('',(1.,0.));
#1236 = ( GEOMETRIC_REPRESENTATION_CONTEXT(2) 
PARAMETRIC_REPRESENTATION_CONTEXT() REPRESENTATION_CONTEXT('2D SPACE',''
  ) );
#1237 = ORIENTED_EDGE('',*,*,#1238,.T.);
#1238 = EDGE_CURVE('',#1211,#1239,#1241,.T.);
#1239 = VERTEX_POINT('',#1240);
#1240 = CARTESIAN_POINT('',(1.403904,-109.540173,0.));
#1241 = SURFACE_CURVE('',#1242,(#1246,#1253),.PCURVE_S1.);
#1242 = LINE('',#1243,#1244);
#1243 = CARTESIAN_POINT('',(1.698349,-109.702907,0.));
#1244 = VECTOR('',#1245,1.);
#1245 = DIRECTION('',(-0.875223421007,0.483718888737,0.));
#1246 = PCURVE('',#144,#1247);
#1247 = DEFINITIONAL_REPRESENTATION('',(#1248),#1252);
#1248 = LINE('',#1249,#1250);
#1249 = CARTESIAN_POINT('',(35.801651,-54.702907));
#1250 = VECTOR('',#1251,1.);
#1251 = DIRECTION('',(0.875223421007,0.483718888737));
#1252 = ( GEOMETRIC_REPRESENTATION_CONTEXT(2) 
PARAMETRIC_REPRESENTATION_CONTEXT() REPRESENTATION_CONTEXT('2D SPACE',''
  ) );
#1253 = PCURVE('',#1254,#1259);
#1254 = PLANE('',#1255);
#1255 = AXIS2_PLACEMENT_3D('',#1256,#1257,#1258);
#1256 = CARTESIAN_POINT('',(1.698349,-109.702907,0.));
#1257 = DIRECTION('',(-0.483718888737,-0.875223421007,0.));
#1258 = DIRECTION('',(-0.875223421007,0.483718888737,0.));
#1259 = DEFINITIONAL_REPRESENTATION('',(#1260),#1264);
#1260 = LINE('',#1261,#1262);
#1261 = CARTESIAN_POINT('',(0.,0.));
#1262 = VECTOR('',#1263,1.);
#1263 = DIRECTION('',(1.,0.));
#1264 = ( GEOMETRIC_REPRESENTATION_CONTEXT(2) 
PARAMETRIC_REPRESENTATION_CONTEXT() REPRESENTATION_CONTEXT('2D SPACE',''
  ) );
#1265 = ORIENTED_EDGE('',*,*,#1266,.T.);
#1266 = EDGE_CURVE('',#1239,#1267,#1269,.T.);
#1267 = VERTEX_POINT('',#1268);
#1268 = CARTESIAN_POINT('',(1.129531,-109.345494,0.));
#1269 = SURFACE_CURVE('',#1270,(#1274,#1281),.PCURVE_S1.);
#1270 = LINE('',#1271,#1272);
#1271 = CARTESIAN_POINT('',(1.403904,-109.540173,0.));
#1272 = VECTOR('',#1273,1.);
#1273 = DIRECTION('',(-0.815559501739,0.578673223091,0.));
#1274 = PCURVE('',#144,#1275);
#1275 = DEFINITIONAL_REPRESENTATION('',(#1276),#1280);
#1276 = LINE('',#1277,#1278);
#1277 = CARTESIAN_POINT('',(36.096096,-54.540173));
#1278 = VECTOR('',#1279,1.);
#1279 = DIRECTION('',(0.815559501739,0.578673223091));
#1280 = ( GEOMETRIC_REPRESENTATION_CONTEXT(2) 
PARAMETRIC_REPRESENTATION_CONTEXT() REPRESENTATION_CONTEXT('2D SPACE',''
  ) );
#1281 = PCURVE('',#1282,#1287);
#1282 = PLANE('',#1283);
#1283 = AXIS2_PLACEMENT_3D('',#1284,#1285,#1286);
#1284 = CARTESIAN_POINT('',(1.403904,-109.540173,0.));
#1285 = DIRECTION('',(-0.578673223091,-0.815559501739,0.));
#1286 = DIRECTION('',(-0.815559501739,0.578673223091,0.));
#1287 = DEFINITIONAL_REPRESENTATION('',(#1288),#1292);
#1288 = LINE('',#1289,#1290);
#1289 = CARTESIAN_POINT('',(0.,0.));
#1290 = VECTOR('',#1291,1.);
#1291 = DIRECTION('',(1.,0.));
#1292 = ( GEOMETRIC_REPRESENTATION_CONTEXT(2) 
PARAMETRIC_REPRESENTATION_CONTEXT() REPRESENTATION_CONTEXT('2D SPACE',''
  ) );
#1293 = ORIENTED_EDGE('',*,*,#1294,.T.);
#1294 = EDGE_CURVE('',#1267,#1295,#1297,.T.);
#1295 = VERTEX_POINT('',#1296);
#1296 = CARTESIAN_POINT('',(0.87868,-109.12132,0.));
#1297 = SURFACE_CURVE('',#1298,(#1302,#1309),.PCURVE_S1.);
#1298 = LINE('',#1299,#1300);
#1299 = CARTESIAN_POINT('',(1.129531,-109.345494,0.));
#1300 = VECTOR('',#1301,1.);
#1301 = DIRECTION('',(-0.7456424001,0.666346314744,0.));
#1302 = PCURVE('',#144,#1303);
#1303 = DEFINITIONAL_REPRESENTATION('',(#1304),#1308);
#1304 = LINE('',#1305,#1306);
#1305 = CARTESIAN_POINT('',(36.370469,-54.345494));
#1306 = VECTOR('',#1307,1.);
#1307 = DIRECTION('',(0.7456424001,0.666346314744));
#1308 = ( GEOMETRIC_REPRESENTATION_CONTEXT(2) 
PARAMETRIC_REPRESENTATION_CONTEXT() REPRESENTATION_CONTEXT('2D SPACE',''
  ) );
#1309 = PCURVE('',#1310,#1315);
#1310 = PLANE('',#1311);
#1311 = AXIS2_PLACEMENT_3D('',#1312,#1313,#1314);
#1312 = CARTESIAN_POINT('',(1.129531,-109.345494,0.));
#1313 = DIRECTION('',(-0.666346314744,-0.7456424001,0.));
#1314 = DIRECTION('',(-0.7456424001,0.666346314744,0.));
#1315 = DEFINITIONAL_REPRESENTATION('',(#1316),#1320);
#1316 = LINE('',#1317,#1318);
#1317 = CARTESIAN_POINT('',(0.,0.));
#1318 = VECTOR('',#1319,1.);
#1319 = DIRECTION('',(1.,0.));
#1320 = ( GEOMETRIC_REPRESENTATION_CONTEXT(2) 
PARAMETRIC_REPRESENTATION_CONTEXT() REPRESENTATION_CONTEXT('2D SPACE',''
  ) );
#1321 = ORIENTED_EDGE('',*,*,#1322,.T.);
#1322 = EDGE_CURVE('',#1295,#1323,#1325,.T.);
#1323 = VERTEX_POINT('',#1324);
#1324 = CARTESIAN_POINT('',(0.654506,-108.870469,0.));
#1325 = SURFACE_CURVE('',#1326,(#1330,#1337),.PCURVE_S1.);
#1326 = LINE('',#1327,#1328);
#1327 = CARTESIAN_POINT('',(0.87868,-109.12132,0.));
#1328 = VECTOR('',#1329,1.);
#1329 = DIRECTION('',(-0.666346314744,0.7456424001,0.));
#1330 = PCURVE('',#144,#1331);
#1331 = DEFINITIONAL_REPRESENTATION('',(#1332),#1336);
#1332 = LINE('',#1333,#1334);
#1333 = CARTESIAN_POINT('',(36.62132,-54.12132));
#1334 = VECTOR('',#1335,1.);
#1335 = DIRECTION('',(0.666346314744,0.7456424001));
#1336 = ( GEOMETRIC_REPRESENTATION_CONTEXT(2) 
PARAMETRIC_REPRESENTATION_CONTEXT() REPRESENTATION_CONTEXT('2D SPACE',''
  ) );
#1337 = PCURVE('',#1338,#1343);
#1338 = PLANE('',#1339);
#1339 = AXIS2_PLACEMENT_3D('',#1340,#1341,#1342);
#1340 = CARTESIAN_POINT('',(0.87868,-109.12132,0.));
#1341 = DIRECTION('',(-0.7456424001,-0.666346314744,0.));
#1342 = DIRECTION('',(-0.666346314744,0.7456424001,0.));
#1343 = DEFINITIONAL_REPRESENTATION('',(#1344),#1348);
#1344 = LINE('',#1345,#1346);
#1345 = CARTESIAN_POINT('',(0.,0.));
#1346 = VECTOR('',#1347,1.);
#1347 = DIRECTION('',(1.,0.));
#1348 = ( GEOMETRIC_REPRESENTATION_CONTEXT(2) 
PARAMETRIC_REPRESENTATION_CONTEXT() REPRESENTATION_CONTEXT('2D SPACE',''
  ) );
#1349 = ORIENTED_EDGE('',*,*,#1350,.T.);
#1350 = EDGE_CURVE('',#1323,#1351,#1353,.T.);
#1351 = VERTEX_POINT('',#1352);
#1352 = CARTESIAN_POINT('',(0.459827,-108.596096,0.));
#1353 = SURFACE_CURVE('',#1354,(#1358,#1365),.PCURVE_S1.);
#1354 = LINE('',#1355,#1356);
#1355 = CARTESIAN_POINT('',(0.654506,-108.870469,0.));
#1356 = VECTOR('',#1357,1.);
#1357 = DIRECTION('',(-0.578673223091,0.815559501739,0.));
#1358 = PCURVE('',#144,#1359);
#1359 = DEFINITIONAL_REPRESENTATION('',(#1360),#1364);
#1360 = LINE('',#1361,#1362);
#1361 = CARTESIAN_POINT('',(36.845494,-53.870469));
#1362 = VECTOR('',#1363,1.);
#1363 = DIRECTION('',(0.578673223091,0.815559501739));
#1364 = ( GEOMETRIC_REPRESENTATION_CONTEXT(2) 
PARAMETRIC_REPRESENTATION_CONTEXT() REPRESENTATION_CONTEXT('2D SPACE',''
  ) );
#1365 = PCURVE('',#1366,#1371);
#1366 = PLANE('',#1367);
#1367 = AXIS2_PLACEMENT_3D('',#1368,#1369,#1370);
#1368 = CARTESIAN_POINT('',(0.654506,-108.870469,0.));
#1369 = DIRECTION('',(-0.815559501739,-0.578673223091,0.));
#1370 = DIRECTION('',(-0.578673223091,0.815559501739,0.));
#1371 = DEFINITIONAL_REPRESENTATION('',(#1372),#1376);
#1372 = LINE('',#1373,#1374);
#1373 = CARTESIAN_POINT('',(0.,0.));
#1374 = VECTOR('',#1375,1.);
#1375 = DIRECTION('',(1.,0.));
#1376 = ( GEOMETRIC_REPRESENTATION_CONTEXT(2) 
PARAMETRIC_REPRESENTATION_CONTEXT() REPRESENTATION_CONTEXT('2D SPACE',''
  ) );
#1377 = ORIENTED_EDGE('',*,*,#1378,.T.);
#1378 = EDGE_CURVE('',#1351,#1379,#1381,.T.);
#1379 = VERTEX_POINT('',#1380);
#1380 = CARTESIAN_POINT('',(0.297093,-108.301651,0.));
#1381 = SURFACE_CURVE('',#1382,(#1386,#1393),.PCURVE_S1.);
#1382 = LINE('',#1383,#1384);
#1383 = CARTESIAN_POINT('',(0.459827,-108.596096,0.));
#1384 = VECTOR('',#1385,1.);
#1385 = DIRECTION('',(-0.483718888737,0.875223421007,0.));
#1386 = PCURVE('',#144,#1387);
#1387 = DEFINITIONAL_REPRESENTATION('',(#1388),#1392);
#1388 = LINE('',#1389,#1390);
#1389 = CARTESIAN_POINT('',(37.040173,-53.596096));
#1390 = VECTOR('',#1391,1.);
#1391 = DIRECTION('',(0.483718888737,0.875223421007));
#1392 = ( GEOMETRIC_REPRESENTATION_CONTEXT(2) 
PARAMETRIC_REPRESENTATION_CONTEXT() REPRESENTATION_CONTEXT('2D SPACE',''
  ) );
#1393 = PCURVE('',#1394,#1399);
#1394 = PLANE('',#1395);
#1395 = AXIS2_PLACEMENT_3D('',#1396,#1397,#1398);
#1396 = CARTESIAN_POINT('',(0.459827,-108.596096,0.));
#1397 = DIRECTION('',(-0.875223421007,-0.483718888737,0.));
#1398 = DIRECTION('',(-0.483718888737,0.875223421007,0.));
#1399 = DEFINITIONAL_REPRESENTATION('',(#1400),#1404);
#1400 = LINE('',#1401,#1402);
#1401 = CARTESIAN_POINT('',(0.,0.));
#1402 = VECTOR('',#1403,1.);
#1403 = DIRECTION('',(1.,0.));
#1404 = ( GEOMETRIC_REPRESENTATION_CONTEXT(2) 
PARAMETRIC_REPRESENTATION_CONTEXT() REPRESENTATION_CONTEXT('2D SPACE',''
  ) );
#1405 = ORIENTED_EDGE('',*,*,#1406,.T.);
#1406 = EDGE_CURVE('',#1379,#1407,#1409,.T.);
#1407 = VERTEX_POINT('',#1408);
#1408 = CARTESIAN_POINT('',(0.16835,-107.990837,0.));
#1409 = SURFACE_CURVE('',#1410,(#1414,#1421),.PCURVE_S1.);
#1410 = LINE('',#1411,#1412);
#1411 = CARTESIAN_POINT('',(0.297093,-108.301651,0.));
#1412 = VECTOR('',#1413,1.);
#1413 = DIRECTION('',(-0.382682483027,0.92387992574,0.));
#1414 = PCURVE('',#144,#1415);
#1415 = DEFINITIONAL_REPRESENTATION('',(#1416),#1420);
#1416 = LINE('',#1417,#1418);
#1417 = CARTESIAN_POINT('',(37.202907,-53.301651));
#1418 = VECTOR('',#1419,1.);
#1419 = DIRECTION('',(0.382682483027,0.92387992574));
#1420 = ( GEOMETRIC_REPRESENTATION_CONTEXT(2) 
PARAMETRIC_REPRESENTATION_CONTEXT() REPRESENTATION_CONTEXT('2D SPACE',''
  ) );
#1421 = PCURVE('',#1422,#1427);
#1422 = PLANE('',#1423);
#1423 = AXIS2_PLACEMENT_3D('',#1424,#1425,#1426);
#1424 = CARTESIAN_POINT('',(0.297093,-108.301651,0.));
#1425 = DIRECTION('',(-0.92387992574,-0.382682483027,0.));
#1426 = DIRECTION('',(-0.382682483027,0.92387992574,0.));
#1427 = DEFINITIONAL_REPRESENTATION('',(#1428),#1432);
#1428 = LINE('',#1429,#1430);
#1429 = CARTESIAN_POINT('',(0.,0.));
#1430 = VECTOR('',#1431,1.);
#1431 = DIRECTION('',(1.,0.));
#1432 = ( GEOMETRIC_REPRESENTATION_CONTEXT(2) 
PARAMETRIC_REPRESENTATION_CONTEXT() REPRESENTATION_CONTEXT('2D SPACE',''
  ) );
#1433 = ORIENTED_EDGE('',*,*,#1434,.T.);
#1434 = EDGE_CURVE('',#1407,#1435,#1437,.T.);
#1435 = VERTEX_POINT('',#1436);
#1436 = CARTESIAN_POINT('',(7.5216E-02,-107.667563,0.));
#1437 = SURFACE_CURVE('',#1438,(#1442,#1449),.PCURVE_S1.);
#1438 = LINE('',#1439,#1440);
#1439 = CARTESIAN_POINT('',(0.16835,-107.990837,0.));
#1440 = VECTOR('',#1441,1.);
#1441 = DIRECTION('',(-0.276836513242,0.960917033326,0.));
#1442 = PCURVE('',#144,#1443);
#1443 = DEFINITIONAL_REPRESENTATION('',(#1444),#1448);
#1444 = LINE('',#1445,#1446);
#1445 = CARTESIAN_POINT('',(37.33165,-52.990837));
#1446 = VECTOR('',#1447,1.);
#1447 = DIRECTION('',(0.276836513242,0.960917033326));
#1448 = ( GEOMETRIC_REPRESENTATION_CONTEXT(2) 
PARAMETRIC_REPRESENTATION_CONTEXT() REPRESENTATION_CONTEXT('2D SPACE',''
  ) );
#1449 = PCURVE('',#1450,#1455);
#1450 = PLANE('',#1451);
#1451 = AXIS2_PLACEMENT_3D('',#1452,#1453,#1454);
#1452 = CARTESIAN_POINT('',(0.16835,-107.990837,0.));
#1453 = DIRECTION('',(-0.960917033326,-0.276836513242,0.));
#1454 = DIRECTION('',(-0.276836513242,0.960917033326,0.));
#1455 = DEFINITIONAL_REPRESENTATION('',(#1456),#1460);
#1456 = LINE('',#1457,#1458);
#1457 = CARTESIAN_POINT('',(0.,0.));
#1458 = VECTOR('',#1459,1.);
#1459 = DIRECTION('',(1.,0.));
#1460 = ( GEOMETRIC_REPRESENTATION_CONTEXT(2) 
PARAMETRIC_REPRESENTATION_CONTEXT() REPRESENTATION_CONTEXT('2D SPACE',''
  ) );
#1461 = ORIENTED_EDGE('',*,*,#1462,.T.);
#1462 = EDGE_CURVE('',#1435,#1463,#1465,.T.);
#1463 = VERTEX_POINT('',#1464);
#1464 = CARTESIAN_POINT('',(1.8863E-02,-107.335893,0.));
#1465 = SURFACE_CURVE('',#1466,(#1470,#1477),.PCURVE_S1.);
#1466 = LINE('',#1467,#1468);
#1467 = CARTESIAN_POINT('',(7.5216E-02,-107.667563,0.));
#1468 = VECTOR('',#1469,1.);
#1469 = DIRECTION('',(-0.167506224545,0.985871018308,0.));
#1470 = PCURVE('',#144,#1471);
#1471 = DEFINITIONAL_REPRESENTATION('',(#1472),#1476);
#1472 = LINE('',#1473,#1474);
#1473 = CARTESIAN_POINT('',(37.424784,-52.667563));
#1474 = VECTOR('',#1475,1.);
#1475 = DIRECTION('',(0.167506224545,0.985871018308));
#1476 = ( GEOMETRIC_REPRESENTATION_CONTEXT(2) 
PARAMETRIC_REPRESENTATION_CONTEXT() REPRESENTATION_CONTEXT('2D SPACE',''
  ) );
#1477 = PCURVE('',#1478,#1483);
#1478 = PLANE('',#1479);
#1479 = AXIS2_PLACEMENT_3D('',#1480,#1481,#1482);
#1480 = CARTESIAN_POINT('',(7.5216E-02,-107.667563,0.));
#1481 = DIRECTION('',(-0.985871018308,-0.167506224545,0.));
#1482 = DIRECTION('',(-0.167506224545,0.985871018308,0.));
#1483 = DEFINITIONAL_REPRESENTATION('',(#1484),#1488);
#1484 = LINE('',#1485,#1486);
#1485 = CARTESIAN_POINT('',(0.,0.));
#1486 = VECTOR('',#1487,1.);
#1487 = DIRECTION('',(1.,0.));
#1488 = ( GEOMETRIC_REPRESENTATION_CONTEXT(2) 
PARAMETRIC_REPRESENTATION_CONTEXT() REPRESENTATION_CONTEXT('2D SPACE',''
  ) );
#1489 = ORIENTED_EDGE('',*,*,#1490,.T.);
#1490 = EDGE_CURVE('',#1463,#1491,#1493,.T.);
#1491 = VERTEX_POINT('',#1492);
#1492 = CARTESIAN_POINT('',(0.,-107.,0.));
#1493 = SURFACE_CURVE('',#1494,(#1498,#1505),.PCURVE_S1.);
#1494 = LINE('',#1495,#1496);
#1495 = CARTESIAN_POINT('',(1.8863E-02,-107.335893,0.));
#1496 = VECTOR('',#1497,1.);
#1497 = DIRECTION('',(-5.606942121022E-02,0.998426872638,0.));
#1498 = PCURVE('',#144,#1499);
#1499 = DEFINITIONAL_REPRESENTATION('',(#1500),#1504);
#1500 = LINE('',#1501,#1502);
#1501 = CARTESIAN_POINT('',(37.481137,-52.335893));
#1502 = VECTOR('',#1503,1.);
#1503 = DIRECTION('',(5.606942121022E-02,0.998426872638));
#1504 = ( GEOMETRIC_REPRESENTATION_CONTEXT(2) 
PARAMETRIC_REPRESENTATION_CONTEXT() REPRESENTATION_CONTEXT('2D SPACE',''
  ) );
#1505 = PCURVE('',#1506,#1511);
#1506 = PLANE('',#1507);
#1507 = AXIS2_PLACEMENT_3D('',#1508,#1509,#1510);
#1508 = CARTESIAN_POINT('',(1.8863E-02,-107.335893,0.));
#1509 = DIRECTION('',(-0.998426872638,-5.606942121022E-02,0.));
#1510 = DIRECTION('',(-5.606942121022E-02,0.998426872638,0.));
#1511 = DEFINITIONAL_REPRESENTATION('',(#1512),#1516);
#1512 = LINE('',#1513,#1514);
#1513 = CARTESIAN_POINT('',(0.,0.));
#1514 = VECTOR('',#1515,1.);
#1515 = DIRECTION('',(1.,0.));
#1516 = ( GEOMETRIC_REPRESENTATION_CONTEXT(2) 
PARAMETRIC_REPRESENTATION_CONTEXT() REPRESENTATION_CONTEXT('2D SPACE',''
  ) );
#1517 = ORIENTED_EDGE('',*,*,#1518,.T.);
#1518 = EDGE_CURVE('',#1491,#1519,#1521,.T.);
#1519 = VERTEX_POINT('',#1520);
#1520 = CARTESIAN_POINT('',(0.,-3.,0.));
#1521 = SURFACE_CURVE('',#1522,(#1526,#1533),.PCURVE_S1.);
#1522 = LINE('',#1523,#1524);
#1523 = CARTESIAN_POINT('',(0.,-107.,0.));
#1524 = VECTOR('',#1525,1.);
#1525 = DIRECTION('',(0.,1.,0.));
#1526 = PCURVE('',#144,#1527);
#1527 = DEFINITIONAL_REPRESENTATION('',(#1528),#1532);
#1528 = LINE('',#1529,#1530);
#1529 = CARTESIAN_POINT('',(37.5,-52.));
#1530 = VECTOR('',#1531,1.);
#1531 = DIRECTION('',(0.,1.));
#1532 = ( GEOMETRIC_REPRESENTATION_CONTEXT(2) 
PARAMETRIC_REPRESENTATION_CONTEXT() REPRESENTATION_CONTEXT('2D SPACE',''
  ) );
#1533 = PCURVE('',#1534,#1539);
#1534 = PLANE('',#1535);
#1535 = AXIS2_PLACEMENT_3D('',#1536,#1537,#1538);
#1536 = CARTESIAN_POINT('',(0.,-107.,0.));
#1537 = DIRECTION('',(-1.,0.,0.));
#1538 = DIRECTION('',(0.,1.,0.));
#1539 = DEFINITIONAL_REPRESENTATION('',(#1540),#1544);
#1540 = LINE('',#1541,#1542);
#1541 = CARTESIAN_POINT('',(0.,0.));
#1542 = VECTOR('',#1543,1.);
#1543 = DIRECTION('',(1.,0.));
#1544 = ( GEOMETRIC_REPRESENTATION_CONTEXT(2) 
PARAMETRIC_REPRESENTATION_CONTEXT() REPRESENTATION_CONTEXT('2D SPACE',''
  ) );
#1545 = ORIENTED_EDGE('',*,*,#1546,.T.);
#1546 = EDGE_CURVE('',#1519,#1547,#1549,.T.);
#1547 = VERTEX_POINT('',#1548);
#1548 = CARTESIAN_POINT('',(1.8863E-02,-2.664107,0.));
#1549 = SURFACE_CURVE('',#1550,(#1554,#1561),.PCURVE_S1.);
#1550 = LINE('',#1551,#1552);
#1551 = CARTESIAN_POINT('',(0.,-3.,0.));
#1552 = VECTOR('',#1553,1.);
#1553 = DIRECTION('',(5.606942121022E-02,0.998426872638,0.));
#1554 = PCURVE('',#144,#1555);
#1555 = DEFINITIONAL_REPRESENTATION('',(#1556),#1560);
#1556 = LINE('',#1557,#1558);
#1557 = CARTESIAN_POINT('',(37.5,52.));
#1558 = VECTOR('',#1559,1.);
#1559 = DIRECTION('',(-5.606942121022E-02,0.998426872638));
#1560 = ( GEOMETRIC_REPRESENTATION_CONTEXT(2) 
PARAMETRIC_REPRESENTATION_CONTEXT() REPRESENTATION_CONTEXT('2D SPACE',''
  ) );
#1561 = PCURVE('',#1562,#1567);
#1562 = PLANE('',#1563);
#1563 = AXIS2_PLACEMENT_3D('',#1564,#1565,#1566);
#1564 = CARTESIAN_POINT('',(0.,-3.,0.));
#1565 = DIRECTION('',(-0.998426872638,5.606942121022E-02,0.));
#1566 = DIRECTION('',(5.606942121022E-02,0.998426872638,0.));
#1567 = DEFINITIONAL_REPRESENTATION('',(#1568),#1572);
#1568 = LINE('',#1569,#1570);
#1569 = CARTESIAN_POINT('',(0.,0.));
#1570 = VECTOR('',#1571,1.);
#1571 = DIRECTION('',(1.,0.));
#1572 = ( GEOMETRIC_REPRESENTATION_CONTEXT(2) 
PARAMETRIC_REPRESENTATION_CONTEXT() REPRESENTATION_CONTEXT('2D SPACE',''
  ) );
#1573 = ORIENTED_EDGE('',*,*,#1574,.T.);
#1574 = EDGE_CURVE('',#1547,#1575,#1577,.T.);
#1575 = VERTEX_POINT('',#1576);
#1576 = CARTESIAN_POINT('',(7.5216E-02,-2.332437,0.));
#1577 = SURFACE_CURVE('',#1578,(#1582,#1589),.PCURVE_S1.);
#1578 = LINE('',#1579,#1580);
#1579 = CARTESIAN_POINT('',(1.8863E-02,-2.664107,0.));
#1580 = VECTOR('',#1581,1.);
#1581 = DIRECTION('',(0.167506224545,0.985871018308,0.));
#1582 = PCURVE('',#144,#1583);
#1583 = DEFINITIONAL_REPRESENTATION('',(#1584),#1588);
#1584 = LINE('',#1585,#1586);
#1585 = CARTESIAN_POINT('',(37.481137,52.335893));
#1586 = VECTOR('',#1587,1.);
#1587 = DIRECTION('',(-0.167506224545,0.985871018308));
#1588 = ( GEOMETRIC_REPRESENTATION_CONTEXT(2) 
PARAMETRIC_REPRESENTATION_CONTEXT() REPRESENTATION_CONTEXT('2D SPACE',''
  ) );
#1589 = PCURVE('',#1590,#1595);
#1590 = PLANE('',#1591);
#1591 = AXIS2_PLACEMENT_3D('',#1592,#1593,#1594);
#1592 = CARTESIAN_POINT('',(1.8863E-02,-2.664107,0.));
#1593 = DIRECTION('',(-0.985871018308,0.167506224545,0.));
#1594 = DIRECTION('',(0.167506224545,0.985871018308,0.));
#1595 = DEFINITIONAL_REPRESENTATION('',(#1596),#1600);
#1596 = LINE('',#1597,#1598);
#1597 = CARTESIAN_POINT('',(0.,0.));
#1598 = VECTOR('',#1599,1.);
#1599 = DIRECTION('',(1.,0.));
#1600 = ( GEOMETRIC_REPRESENTATION_CONTEXT(2) 
PARAMETRIC_REPRESENTATION_CONTEXT() REPRESENTATION_CONTEXT('2D SPACE',''
  ) );
#1601 = ORIENTED_EDGE('',*,*,#1602,.T.);
#1602 = EDGE_CURVE('',#1575,#1603,#1605,.T.);
#1603 = VERTEX_POINT('',#1604);
#1604 = CARTESIAN_POINT('',(0.16835,-2.009163,0.));
#1605 = SURFACE_CURVE('',#1606,(#1610,#1617),.PCURVE_S1.);
#1606 = LINE('',#1607,#1608);
#1607 = CARTESIAN_POINT('',(7.5216E-02,-2.332437,0.));
#1608 = VECTOR('',#1609,1.);
#1609 = DIRECTION('',(0.276836513242,0.960917033326,0.));
#1610 = PCURVE('',#144,#1611);
#1611 = DEFINITIONAL_REPRESENTATION('',(#1612),#1616);
#1612 = LINE('',#1613,#1614);
#1613 = CARTESIAN_POINT('',(37.424784,52.667563));
#1614 = VECTOR('',#1615,1.);
#1615 = DIRECTION('',(-0.276836513242,0.960917033326));
#1616 = ( GEOMETRIC_REPRESENTATION_CONTEXT(2) 
PARAMETRIC_REPRESENTATION_CONTEXT() REPRESENTATION_CONTEXT('2D SPACE',''
  ) );
#1617 = PCURVE('',#1618,#1623);
#1618 = PLANE('',#1619);
#1619 = AXIS2_PLACEMENT_3D('',#1620,#1621,#1622);
#1620 = CARTESIAN_POINT('',(7.5216E-02,-2.332437,0.));
#1621 = DIRECTION('',(-0.960917033326,0.276836513242,0.));
#1622 = DIRECTION('',(0.276836513242,0.960917033326,0.));
#1623 = DEFINITIONAL_REPRESENTATION('',(#1624),#1628);
#1624 = LINE('',#1625,#1626);
#1625 = CARTESIAN_POINT('',(0.,0.));
#1626 = VECTOR('',#1627,1.);
#1627 = DIRECTION('',(1.,0.));
#1628 = ( GEOMETRIC_REPRESENTATION_CONTEXT(2) 
PARAMETRIC_REPRESENTATION_CONTEXT() REPRESENTATION_CONTEXT('2D SPACE',''
  ) );
#1629 = ORIENTED_EDGE('',*,*,#1630,.T.);
#1630 = EDGE_CURVE('',#1603,#1631,#1633,.T.);
#1631 = VERTEX_POINT('',#1632);
#1632 = CARTESIAN_POINT('',(0.297093,-1.698349,0.));
#1633 = SURFACE_CURVE('',#1634,(#1638,#1645),.PCURVE_S1.);
#1634 = LINE('',#1635,#1636);
#1635 = CARTESIAN_POINT('',(0.16835,-2.009163,0.));
#1636 = VECTOR('',#1637,1.);
#1637 = DIRECTION('',(0.382682483027,0.92387992574,0.));
#1638 = PCURVE('',#144,#1639);
#1639 = DEFINITIONAL_REPRESENTATION('',(#1640),#1644);
#1640 = LINE('',#1641,#1642);
#1641 = CARTESIAN_POINT('',(37.33165,52.990837));
#1642 = VECTOR('',#1643,1.);
#1643 = DIRECTION('',(-0.382682483027,0.92387992574));
#1644 = ( GEOMETRIC_REPRESENTATION_CONTEXT(2) 
PARAMETRIC_REPRESENTATION_CONTEXT() REPRESENTATION_CONTEXT('2D SPACE',''
  ) );
#1645 = PCURVE('',#1646,#1651);
#1646 = PLANE('',#1647);
#1647 = AXIS2_PLACEMENT_3D('',#1648,#1649,#1650);
#1648 = CARTESIAN_POINT('',(0.16835,-2.009163,0.));
#1649 = DIRECTION('',(-0.92387992574,0.382682483027,0.));
#1650 = DIRECTION('',(0.382682483027,0.92387992574,0.));
#1651 = DEFINITIONAL_REPRESENTATION('',(#1652),#1656);
#1652 = LINE('',#1653,#1654);
#1653 = CARTESIAN_POINT('',(0.,0.));
#1654 = VECTOR('',#1655,1.);
#1655 = DIRECTION('',(1.,0.));
#1656 = ( GEOMETRIC_REPRESENTATION_CONTEXT(2) 
PARAMETRIC_REPRESENTATION_CONTEXT() REPRESENTATION_CONTEXT('2D SPACE',''
  ) );
#1657 = ORIENTED_EDGE('',*,*,#1658,.T.);
#1658 = EDGE_CURVE('',#1631,#1659,#1661,.T.);
#1659 = VERTEX_POINT('',#1660);
#1660 = CARTESIAN_POINT('',(0.459827,-1.403904,0.));
#1661 = SURFACE_CURVE('',#1662,(#1666,#1673),.PCURVE_S1.);
#1662 = LINE('',#1663,#1664);
#1663 = CARTESIAN_POINT('',(0.297093,-1.698349,0.));
#1664 = VECTOR('',#1665,1.);
#1665 = DIRECTION('',(0.483718888737,0.875223421007,0.));
#1666 = PCURVE('',#144,#1667);
#1667 = DEFINITIONAL_REPRESENTATION('',(#1668),#1672);
#1668 = LINE('',#1669,#1670);
#1669 = CARTESIAN_POINT('',(37.202907,53.301651));
#1670 = VECTOR('',#1671,1.);
#1671 = DIRECTION('',(-0.483718888737,0.875223421007));
#1672 = ( GEOMETRIC_REPRESENTATION_CONTEXT(2) 
PARAMETRIC_REPRESENTATION_CONTEXT() REPRESENTATION_CONTEXT('2D SPACE',''
  ) );
#1673 = PCURVE('',#1674,#1679);
#1674 = PLANE('',#1675);
#1675 = AXIS2_PLACEMENT_3D('',#1676,#1677,#1678);
#1676 = CARTESIAN_POINT('',(0.297093,-1.698349,0.));
#1677 = DIRECTION('',(-0.875223421007,0.483718888737,0.));
#1678 = DIRECTION('',(0.483718888737,0.875223421007,0.));
#1679 = DEFINITIONAL_REPRESENTATION('',(#1680),#1684);
#1680 = LINE('',#1681,#1682);
#1681 = CARTESIAN_POINT('',(0.,0.));
#1682 = VECTOR('',#1683,1.);
#1683 = DIRECTION('',(1.,0.));
#1684 = ( GEOMETRIC_REPRESENTATION_CONTEXT(2) 
PARAMETRIC_REPRESENTATION_CONTEXT() REPRESENTATION_CONTEXT('2D SPACE',''
  ) );
#1685 = ORIENTED_EDGE('',*,*,#1686,.T.);
#1686 = EDGE_CURVE('',#1659,#1687,#1689,.T.);
#1687 = VERTEX_POINT('',#1688);
#1688 = CARTESIAN_POINT('',(0.654506,-1.129531,0.));
#1689 = SURFACE_CURVE('',#1690,(#1694,#1701),.PCURVE_S1.);
#1690 = LINE('',#1691,#1692);
#1691 = CARTESIAN_POINT('',(0.459827,-1.403904,0.));
#1692 = VECTOR('',#1693,1.);
#1693 = DIRECTION('',(0.578673223091,0.815559501739,0.));
#1694 = PCURVE('',#144,#1695);
#1695 = DEFINITIONAL_REPRESENTATION('',(#1696),#1700);
#1696 = LINE('',#1697,#1698);
#1697 = CARTESIAN_POINT('',(37.040173,53.596096));
#1698 = VECTOR('',#1699,1.);
#1699 = DIRECTION('',(-0.578673223091,0.815559501739));
#1700 = ( GEOMETRIC_REPRESENTATION_CONTEXT(2) 
PARAMETRIC_REPRESENTATION_CONTEXT() REPRESENTATION_CONTEXT('2D SPACE',''
  ) );
#1701 = PCURVE('',#1702,#1707);
#1702 = PLANE('',#1703);
#1703 = AXIS2_PLACEMENT_3D('',#1704,#1705,#1706);
#1704 = CARTESIAN_POINT('',(0.459827,-1.403904,0.));
#1705 = DIRECTION('',(-0.815559501739,0.578673223091,0.));
#1706 = DIRECTION('',(0.578673223091,0.815559501739,0.));
#1707 = DEFINITIONAL_REPRESENTATION('',(#1708),#1712);
#1708 = LINE('',#1709,#1710);
#1709 = CARTESIAN_POINT('',(0.,0.));
#1710 = VECTOR('',#1711,1.);
#1711 = DIRECTION('',(1.,0.));
#1712 = ( GEOMETRIC_REPRESENTATION_CONTEXT(2) 
PARAMETRIC_REPRESENTATION_CONTEXT() REPRESENTATION_CONTEXT('2D SPACE',''
  ) );
#1713 = ORIENTED_EDGE('',*,*,#1714,.T.);
#1714 = EDGE_CURVE('',#1687,#1715,#1717,.T.);
#1715 = VERTEX_POINT('',#1716);
#1716 = CARTESIAN_POINT('',(0.87868,-0.87868,0.));
#1717 = SURFACE_CURVE('',#1718,(#1722,#1729),.PCURVE_S1.);
#1718 = LINE('',#1719,#1720);
#1719 = CARTESIAN_POINT('',(0.654506,-1.129531,0.));
#1720 = VECTOR('',#1721,1.);
#1721 = DIRECTION('',(0.666346314744,0.7456424001,0.));
#1722 = PCURVE('',#144,#1723);
#1723 = DEFINITIONAL_REPRESENTATION('',(#1724),#1728);
#1724 = LINE('',#1725,#1726);
#1725 = CARTESIAN_POINT('',(36.845494,53.870469));
#1726 = VECTOR('',#1727,1.);
#1727 = DIRECTION('',(-0.666346314744,0.7456424001));
#1728 = ( GEOMETRIC_REPRESENTATION_CONTEXT(2) 
PARAMETRIC_REPRESENTATION_CONTEXT() REPRESENTATION_CONTEXT('2D SPACE',''
  ) );
#1729 = PCURVE('',#1730,#1735);
#1730 = PLANE('',#1731);
#1731 = AXIS2_PLACEMENT_3D('',#1732,#1733,#1734);
#1732 = CARTESIAN_POINT('',(0.654506,-1.129531,0.));
#1733 = DIRECTION('',(-0.7456424001,0.666346314744,0.));
#1734 = DIRECTION('',(0.666346314744,0.7456424001,0.));
#1735 = DEFINITIONAL_REPRESENTATION('',(#1736),#1740);
#1736 = LINE('',#1737,#1738);
#1737 = CARTESIAN_POINT('',(0.,0.));
#1738 = VECTOR('',#1739,1.);
#1739 = DIRECTION('',(1.,0.));
#1740 = ( GEOMETRIC_REPRESENTATION_CONTEXT(2) 
PARAMETRIC_REPRESENTATION_CONTEXT() REPRESENTATION_CONTEXT('2D SPACE',''
  ) );
#1741 = ORIENTED_EDGE('',*,*,#1742,.T.);
#1742 = EDGE_CURVE('',#1715,#1743,#1745,.T.);
#1743 = VERTEX_POINT('',#1744);
#1744 = CARTESIAN_POINT('',(1.129531,-0.654506,0.));
#1745 = SURFACE_CURVE('',#1746,(#1750,#1757),.PCURVE_S1.);
#1746 = LINE('',#1747,#1748);
#1747 = CARTESIAN_POINT('',(0.87868,-0.87868,0.));
#1748 = VECTOR('',#1749,1.);
#1749 = DIRECTION('',(0.7456424001,0.666346314744,0.));
#1750 = PCURVE('',#144,#1751);
#1751 = DEFINITIONAL_REPRESENTATION('',(#1752),#1756);
#1752 = LINE('',#1753,#1754);
#1753 = CARTESIAN_POINT('',(36.62132,54.12132));
#1754 = VECTOR('',#1755,1.);
#1755 = DIRECTION('',(-0.7456424001,0.666346314744));
#1756 = ( GEOMETRIC_REPRESENTATION_CONTEXT(2) 
PARAMETRIC_REPRESENTATION_CONTEXT() REPRESENTATION_CONTEXT('2D SPACE',''
  ) );
#1757 = PCURVE('',#1758,#1763);
#1758 = PLANE('',#1759);
#1759 = AXIS2_PLACEMENT_3D('',#1760,#1761,#1762);
#1760 = CARTESIAN_POINT('',(0.87868,-0.87868,0.));
#1761 = DIRECTION('',(-0.666346314744,0.7456424001,0.));
#1762 = DIRECTION('',(0.7456424001,0.666346314744,0.));
#1763 = DEFINITIONAL_REPRESENTATION('',(#1764),#1768);
#1764 = LINE('',#1765,#1766);
#1765 = CARTESIAN_POINT('',(0.,0.));
#1766 = VECTOR('',#1767,1.);
#1767 = DIRECTION('',(1.,0.));
#1768 = ( GEOMETRIC_REPRESENTATION_CONTEXT(2) 
PARAMETRIC_REPRESENTATION_CONTEXT() REPRESENTATION_CONTEXT('2D SPACE',''
  ) );
#1769 = ORIENTED_EDGE('',*,*,#1770,.T.);
#1770 = EDGE_CURVE('',#1743,#1771,#1773,.T.);
#1771 = VERTEX_POINT('',#1772);
#1772 = CARTESIAN_POINT('',(1.403904,-0.459827,0.));
#1773 = SURFACE_CURVE('',#1774,(#1778,#1785),.PCURVE_S1.);
#1774 = LINE('',#1775,#1776);
#1775 = CARTESIAN_POINT('',(1.129531,-0.654506,0.));
#1776 = VECTOR('',#1777,1.);
#1777 = DIRECTION('',(0.815559501739,0.578673223091,0.));
#1778 = PCURVE('',#144,#1779);
#1779 = DEFINITIONAL_REPRESENTATION('',(#1780),#1784);
#1780 = LINE('',#1781,#1782);
#1781 = CARTESIAN_POINT('',(36.370469,54.345494));
#1782 = VECTOR('',#1783,1.);
#1783 = DIRECTION('',(-0.815559501739,0.578673223091));
#1784 = ( GEOMETRIC_REPRESENTATION_CONTEXT(2) 
PARAMETRIC_REPRESENTATION_CONTEXT() REPRESENTATION_CONTEXT('2D SPACE',''
  ) );
#1785 = PCURVE('',#1786,#1791);
#1786 = PLANE('',#1787);
#1787 = AXIS2_PLACEMENT_3D('',#1788,#1789,#1790);
#1788 = CARTESIAN_POINT('',(1.129531,-0.654506,0.));
#1789 = DIRECTION('',(-0.578673223091,0.815559501739,0.));
#1790 = DIRECTION('',(0.815559501739,0.578673223091,0.));
#1791 = DEFINITIONAL_REPRESENTATION('',(#1792),#1796);
#1792 = LINE('',#1793,#1794);
#1793 = CARTESIAN_POINT('',(0.,0.));
#1794 = VECTOR('',#1795,1.);
#1795 = DIRECTION('',(1.,0.));
#1796 = ( GEOMETRIC_REPRESENTATION_CONTEXT(2) 
PARAMETRIC_REPRESENTATION_CONTEXT() REPRESENTATION_CONTEXT('2D SPACE',''
  ) );
#1797 = ORIENTED_EDGE('',*,*,#1798,.T.);
#1798 = EDGE_CURVE('',#1771,#1799,#1801,.T.);
#1799 = VERTEX_POINT('',#1800);
#1800 = CARTESIAN_POINT('',(1.698349,-0.297093,0.));
#1801 = SURFACE_CURVE('',#1802,(#1806,#1813),.PCURVE_S1.);
#1802 = LINE('',#1803,#1804);
#1803 = CARTESIAN_POINT('',(1.403904,-0.459827,0.));
#1804 = VECTOR('',#1805,1.);
#1805 = DIRECTION('',(0.875223421007,0.483718888737,0.));
#1806 = PCURVE('',#144,#1807);
#1807 = DEFINITIONAL_REPRESENTATION('',(#1808),#1812);
#1808 = LINE('',#1809,#1810);
#1809 = CARTESIAN_POINT('',(36.096096,54.540173));
#1810 = VECTOR('',#1811,1.);
#1811 = DIRECTION('',(-0.875223421007,0.483718888737));
#1812 = ( GEOMETRIC_REPRESENTATION_CONTEXT(2) 
PARAMETRIC_REPRESENTATION_CONTEXT() REPRESENTATION_CONTEXT('2D SPACE',''
  ) );
#1813 = PCURVE('',#1814,#1819);
#1814 = PLANE('',#1815);
#1815 = AXIS2_PLACEMENT_3D('',#1816,#1817,#1818);
#1816 = CARTESIAN_POINT('',(1.403904,-0.459827,0.));
#1817 = DIRECTION('',(-0.483718888737,0.875223421007,0.));
#1818 = DIRECTION('',(0.875223421007,0.483718888737,0.));
#1819 = DEFINITIONAL_REPRESENTATION('',(#1820),#1824);
#1820 = LINE('',#1821,#1822);
#1821 = CARTESIAN_POINT('',(0.,0.));
#1822 = VECTOR('',#1823,1.);
#1823 = DIRECTION('',(1.,0.));
#1824 = ( GEOMETRIC_REPRESENTATION_CONTEXT(2) 
PARAMETRIC_REPRESENTATION_CONTEXT() REPRESENTATION_CONTEXT('2D SPACE',''
  ) );
#1825 = ORIENTED_EDGE('',*,*,#1826,.T.);
#1826 = EDGE_CURVE('',#1799,#1827,#1829,.T.);
#1827 = VERTEX_POINT('',#1828);
#1828 = CARTESIAN_POINT('',(2.009163,-0.16835,0.));
#1829 = SURFACE_CURVE('',#1830,(#1834,#1841),.PCURVE_S1.);
#1830 = LINE('',#1831,#1832);
#1831 = CARTESIAN_POINT('',(1.698349,-0.297093,0.));
#1832 = VECTOR('',#1833,1.);
#1833 = DIRECTION('',(0.92387992574,0.382682483027,0.));
#1834 = PCURVE('',#144,#1835);
#1835 = DEFINITIONAL_REPRESENTATION('',(#1836),#1840);
#1836 = LINE('',#1837,#1838);
#1837 = CARTESIAN_POINT('',(35.801651,54.702907));
#1838 = VECTOR('',#1839,1.);
#1839 = DIRECTION('',(-0.92387992574,0.382682483027));
#1840 = ( GEOMETRIC_REPRESENTATION_CONTEXT(2) 
PARAMETRIC_REPRESENTATION_CONTEXT() REPRESENTATION_CONTEXT('2D SPACE',''
  ) );
#1841 = PCURVE('',#1842,#1847);
#1842 = PLANE('',#1843);
#1843 = AXIS2_PLACEMENT_3D('',#1844,#1845,#1846);
#1844 = CARTESIAN_POINT('',(1.698349,-0.297093,0.));
#1845 = DIRECTION('',(-0.382682483027,0.92387992574,0.));
#1846 = DIRECTION('',(0.92387992574,0.382682483027,0.));
#1847 = DEFINITIONAL_REPRESENTATION('',(#1848),#1852);
#1848 = LINE('',#1849,#1850);
#1849 = CARTESIAN_POINT('',(0.,0.));
#1850 = VECTOR('',#1851,1.);
#1851 = DIRECTION('',(1.,0.));
#1852 = ( GEOMETRIC_REPRESENTATION_CONTEXT(2) 
PARAMETRIC_REPRESENTATION_CONTEXT() REPRESENTATION_CONTEXT('2D SPACE',''
  ) );
#1853 = ORIENTED_EDGE('',*,*,#1854,.T.);
#1854 = EDGE_CURVE('',#1827,#1855,#1857,.T.);
#1855 = VERTEX_POINT('',#1856);
#1856 = CARTESIAN_POINT('',(2.332437,-7.5216E-02,0.));
#1857 = SURFACE_CURVE('',#1858,(#1862,#1869),.PCURVE_S1.);
#1858 = LINE('',#1859,#1860);
#1859 = CARTESIAN_POINT('',(2.009163,-0.16835,0.));
#1860 = VECTOR('',#1861,1.);
#1861 = DIRECTION('',(0.960917033326,0.276836513242,0.));
#1862 = PCURVE('',#144,#1863);
#1863 = DEFINITIONAL_REPRESENTATION('',(#1864),#1868);
#1864 = LINE('',#1865,#1866);
#1865 = CARTESIAN_POINT('',(35.490837,54.83165));
#1866 = VECTOR('',#1867,1.);
#1867 = DIRECTION('',(-0.960917033326,0.276836513242));
#1868 = ( GEOMETRIC_REPRESENTATION_CONTEXT(2) 
PARAMETRIC_REPRESENTATION_CONTEXT() REPRESENTATION_CONTEXT('2D SPACE',''
  ) );
#1869 = PCURVE('',#1870,#1875);
#1870 = PLANE('',#1871);
#1871 = AXIS2_PLACEMENT_3D('',#1872,#1873,#1874);
#1872 = CARTESIAN_POINT('',(2.009163,-0.16835,0.));
#1873 = DIRECTION('',(-0.276836513242,0.960917033326,0.));
#1874 = DIRECTION('',(0.960917033326,0.276836513242,0.));
#1875 = DEFINITIONAL_REPRESENTATION('',(#1876),#1880);
#1876 = LINE('',#1877,#1878);
#1877 = CARTESIAN_POINT('',(0.,0.));
#1878 = VECTOR('',#1879,1.);
#1879 = DIRECTION('',(1.,0.));
#1880 = ( GEOMETRIC_REPRESENTATION_CONTEXT(2) 
PARAMETRIC_REPRESENTATION_CONTEXT() REPRESENTATION_CONTEXT('2D SPACE',''
  ) );
#1881 = ORIENTED_EDGE('',*,*,#1882,.T.);
#1882 = EDGE_CURVE('',#1855,#1883,#1885,.T.);
#1883 = VERTEX_POINT('',#1884);
#1884 = CARTESIAN_POINT('',(2.664107,-1.8863E-02,0.));
#1885 = SURFACE_CURVE('',#1886,(#1890,#1897),.PCURVE_S1.);
#1886 = LINE('',#1887,#1888);
#1887 = CARTESIAN_POINT('',(2.332437,-7.5216E-02,0.));
#1888 = VECTOR('',#1889,1.);
#1889 = DIRECTION('',(0.985871018308,0.167506224545,0.));
#1890 = PCURVE('',#144,#1891);
#1891 = DEFINITIONAL_REPRESENTATION('',(#1892),#1896);
#1892 = LINE('',#1893,#1894);
#1893 = CARTESIAN_POINT('',(35.167563,54.924784));
#1894 = VECTOR('',#1895,1.);
#1895 = DIRECTION('',(-0.985871018308,0.167506224545));
#1896 = ( GEOMETRIC_REPRESENTATION_CONTEXT(2) 
PARAMETRIC_REPRESENTATION_CONTEXT() REPRESENTATION_CONTEXT('2D SPACE',''
  ) );
#1897 = PCURVE('',#1898,#1903);
#1898 = PLANE('',#1899);
#1899 = AXIS2_PLACEMENT_3D('',#1900,#1901,#1902);
#1900 = CARTESIAN_POINT('',(2.332437,-7.5216E-02,0.));
#1901 = DIRECTION('',(-0.167506224545,0.985871018308,0.));
#1902 = DIRECTION('',(0.985871018308,0.167506224545,0.));
#1903 = DEFINITIONAL_REPRESENTATION('',(#1904),#1908);
#1904 = LINE('',#1905,#1906);
#1905 = CARTESIAN_POINT('',(0.,0.));
#1906 = VECTOR('',#1907,1.);
#1907 = DIRECTION('',(1.,0.));
#1908 = ( GEOMETRIC_REPRESENTATION_CONTEXT(2) 
PARAMETRIC_REPRESENTATION_CONTEXT() REPRESENTATION_CONTEXT('2D SPACE',''
  ) );
#1909 = ORIENTED_EDGE('',*,*,#1910,.T.);
#1910 = EDGE_CURVE('',#1883,#1911,#1913,.T.);
#1911 = VERTEX_POINT('',#1912);
#1912 = CARTESIAN_POINT('',(3.,-0.,0.));
#1913 = SURFACE_CURVE('',#1914,(#1918,#1925),.PCURVE_S1.);
#1914 = LINE('',#1915,#1916);
#1915 = CARTESIAN_POINT('',(2.664107,-1.8863E-02,0.));
#1916 = VECTOR('',#1917,1.);
#1917 = DIRECTION('',(0.998426872638,5.606942121022E-02,0.));
#1918 = PCURVE('',#144,#1919);
#1919 = DEFINITIONAL_REPRESENTATION('',(#1920),#1924);
#1920 = LINE('',#1921,#1922);
#1921 = CARTESIAN_POINT('',(34.835893,54.981137));
#1922 = VECTOR('',#1923,1.);
#1923 = DIRECTION('',(-0.998426872638,5.606942121022E-02));
#1924 = ( GEOMETRIC_REPRESENTATION_CONTEXT(2) 
PARAMETRIC_REPRESENTATION_CONTEXT() REPRESENTATION_CONTEXT('2D SPACE',''
  ) );
#1925 = PCURVE('',#1926,#1931);
#1926 = PLANE('',#1927);
#1927 = AXIS2_PLACEMENT_3D('',#1928,#1929,#1930);
#1928 = CARTESIAN_POINT('',(2.664107,-1.8863E-02,0.));
#1929 = DIRECTION('',(-5.606942121022E-02,0.998426872638,0.));
#1930 = DIRECTION('',(0.998426872638,5.606942121022E-02,0.));
#1931 = DEFINITIONAL_REPRESENTATION('',(#1932),#1936);
#1932 = LINE('',#1933,#1934);
#1933 = CARTESIAN_POINT('',(0.,0.));
#1934 = VECTOR('',#1935,1.);
#1935 = DIRECTION('',(1.,0.));
#1936 = ( GEOMETRIC_REPRESENTATION_CONTEXT(2) 
PARAMETRIC_REPRESENTATION_CONTEXT() REPRESENTATION_CONTEXT('2D SPACE',''
  ) );
#1937 = ORIENTED_EDGE('',*,*,#1938,.T.);
#1938 = EDGE_CURVE('',#1911,#160,#1939,.T.);
#1939 = SURFACE_CURVE('',#1940,(#1944,#1951),.PCURVE_S1.);
#1940 = LINE('',#1941,#1942);
#1941 = CARTESIAN_POINT('',(3.,-0.,0.));
#1942 = VECTOR('',#1943,1.);
#1943 = DIRECTION('',(1.,0.,0.));
#1944 = PCURVE('',#144,#1945);
#1945 = DEFINITIONAL_REPRESENTATION('',(#1946),#1950);
#1946 = LINE('',#1947,#1948);
#1947 = CARTESIAN_POINT('',(34.5,55.));
#1948 = VECTOR('',#1949,1.);
#1949 = DIRECTION('',(-1.,0.));
#1950 = ( GEOMETRIC_REPRESENTATION_CONTEXT(2) 
PARAMETRIC_REPRESENTATION_CONTEXT() REPRESENTATION_CONTEXT('2D SPACE',''
  ) );
#1951 = PCURVE('',#177,#1952);
#1952 = DEFINITIONAL_REPRESENTATION('',(#1953),#1957);
#1953 = LINE('',#1954,#1955);
#1954 = CARTESIAN_POINT('',(0.,0.));
#1955 = VECTOR('',#1956,1.);
#1956 = DIRECTION('',(1.,0.));
#1957 = ( GEOMETRIC_REPRESENTATION_CONTEXT(2) 
PARAMETRIC_REPRESENTATION_CONTEXT() REPRESENTATION_CONTEXT('2D SPACE',''
  ) );
#1958 = FACE_BOUND('',#1959,.T.);
#1959 = EDGE_LOOP('',(#1960));
#1960 = ORIENTED_EDGE('',*,*,#1961,.T.);
#1961 = EDGE_CURVE('',#1962,#1962,#1964,.T.);
#1962 = VERTEX_POINT('',#1963);
#1963 = CARTESIAN_POINT('',(72.6,-106.,0.));
#1964 = SURFACE_CURVE('',#1965,(#1970,#1981),.PCURVE_S1.);
#1965 = CIRCLE('',#1966,1.6);
#1966 = AXIS2_PLACEMENT_3D('',#1967,#1968,#1969);
#1967 = CARTESIAN_POINT('',(71.,-106.,0.));
#1968 = DIRECTION('',(0.,0.,1.));
#1969 = DIRECTION('',(1.,0.,-0.));
#1970 = PCURVE('',#144,#1971);
#1971 = DEFINITIONAL_REPRESENTATION('',(#1972),#1980);
#1972 = ( BOUNDED_CURVE() B_SPLINE_CURVE(2,(#1973,#1974,#1975,#1976,
#1977,#1978,#1979),.UNSPECIFIED.,.T.,.F.) B_SPLINE_CURVE_WITH_KNOTS((1,2
    ,2,2,2,1),(-2.094395102393,0.,2.094395102393,4.188790204786,
6.28318530718,8.377580409573),.UNSPECIFIED.) CURVE() 
GEOMETRIC_REPRESENTATION_ITEM() RATIONAL_B_SPLINE_CURVE((1.,0.5,1.,0.5,
1.,0.5,1.)) REPRESENTATION_ITEM('') );
#1973 = CARTESIAN_POINT('',(-35.1,-51.));
#1974 = CARTESIAN_POINT('',(-35.1,-48.22871870789));
#1975 = CARTESIAN_POINT('',(-32.7,-49.61435935394));
#1976 = CARTESIAN_POINT('',(-30.3,-51.));
#1977 = CARTESIAN_POINT('',(-32.7,-52.38564064605));
#1978 = CARTESIAN_POINT('',(-35.1,-53.77128129211));
#1979 = CARTESIAN_POINT('',(-35.1,-51.));
#1980 = ( GEOMETRIC_REPRESENTATION_CONTEXT(2) 
PARAMETRIC_REPRESENTATION_CONTEXT() REPRESENTATION_CONTEXT('2D SPACE',''
  ) );
#1981 = PCURVE('',#1982,#1987);
#1982 = CYLINDRICAL_SURFACE('',#1983,1.6);
#1983 = AXIS2_PLACEMENT_3D('',#1984,#1985,#1986);
#1984 = CARTESIAN_POINT('',(71.,-106.,-1.E-02));
#1985 = DIRECTION('',(0.,0.,1.));
#1986 = DIRECTION('',(1.,0.,-0.));
#1987 = DEFINITIONAL_REPRESENTATION('',(#1988),#1992);
#1988 = LINE('',#1989,#1990);
#1989 = CARTESIAN_POINT('',(0.,1.E-02));
#1990 = VECTOR('',#1991,1.);
#1991 = DIRECTION('',(1.,0.));
#1992 = ( GEOMETRIC_REPRESENTATION_CONTEXT(2) 
PARAMETRIC_REPRESENTATION_CONTEXT() REPRESENTATION_CONTEXT('2D SPACE',''
  ) );
#1993 = FACE_BOUND('',#1994,.T.);
#1994 = EDGE_LOOP('',(#1995));
#1995 = ORIENTED_EDGE('',*,*,#1996,.T.);
#1996 = EDGE_CURVE('',#1997,#1997,#1999,.T.);
#1997 = VERTEX_POINT('',#1998);
#1998 = CARTESIAN_POINT('',(68.66,-101.025,0.));
#1999 = SURFACE_CURVE('',#2000,(#2005,#2016),.PCURVE_S1.);
#2000 = CIRCLE('',#2001,0.66);
#2001 = AXIS2_PLACEMENT_3D('',#2002,#2003,#2004);
#2002 = CARTESIAN_POINT('',(68.,-101.025,0.));
#2003 = DIRECTION('',(0.,0.,1.));
#2004 = DIRECTION('',(1.,0.,-0.));
#2005 = PCURVE('',#144,#2006);
#2006 = DEFINITIONAL_REPRESENTATION('',(#2007),#2015);
#2007 = ( BOUNDED_CURVE() B_SPLINE_CURVE(2,(#2008,#2009,#2010,#2011,
#2012,#2013,#2014),.UNSPECIFIED.,.T.,.F.) B_SPLINE_CURVE_WITH_KNOTS((1,2
    ,2,2,2,1),(-2.094395102393,0.,2.094395102393,4.188790204786,
6.28318530718,8.377580409573),.UNSPECIFIED.) CURVE() 
GEOMETRIC_REPRESENTATION_ITEM() RATIONAL_B_SPLINE_CURVE((1.,0.5,1.,0.5,
1.,0.5,1.)) REPRESENTATION_ITEM('') );
#2008 = CARTESIAN_POINT('',(-31.16,-46.025));
#2009 = CARTESIAN_POINT('',(-31.16,-44.881846467));
#2010 = CARTESIAN_POINT('',(-30.17,-45.4534232335));
#2011 = CARTESIAN_POINT('',(-29.18,-46.025));
#2012 = CARTESIAN_POINT('',(-30.17,-46.59657676649));
#2013 = CARTESIAN_POINT('',(-31.16,-47.16815353299));
#2014 = CARTESIAN_POINT('',(-31.16,-46.025));
#2015 = ( GEOMETRIC_REPRESENTATION_CONTEXT(2) 
PARAMETRIC_REPRESENTATION_CONTEXT() REPRESENTATION_CONTEXT('2D SPACE',''
  ) );
#2016 = PCURVE('',#2017,#2022);
#2017 = CYLINDRICAL_SURFACE('',#2018,0.66);
#2018 = AXIS2_PLACEMENT_3D('',#2019,#2020,#2021);
#2019 = CARTESIAN_POINT('',(68.,-101.025,-1.E-02));
#2020 = DIRECTION('',(0.,0.,1.));
#2021 = DIRECTION('',(1.,0.,-0.));
#2022 = DEFINITIONAL_REPRESENTATION('',(#2023),#2027);
#2023 = LINE('',#2024,#2025);
#2024 = CARTESIAN_POINT('',(0.,1.E-02));
#2025 = VECTOR('',#2026,1.);
#2026 = DIRECTION('',(1.,0.));
#2027 = ( GEOMETRIC_REPRESENTATION_CONTEXT(2) 
PARAMETRIC_REPRESENTATION_CONTEXT() REPRESENTATION_CONTEXT('2D SPACE',''
  ) );
#2028 = FACE_BOUND('',#2029,.T.);
#2029 = EDGE_LOOP('',(#2030));
#2030 = ORIENTED_EDGE('',*,*,#2031,.T.);
#2031 = EDGE_CURVE('',#2032,#2032,#2034,.T.);
#2032 = VERTEX_POINT('',#2033);
#2033 = CARTESIAN_POINT('',(68.66,-96.025,0.));
#2034 = SURFACE_CURVE('',#2035,(#2040,#2051),.PCURVE_S1.);
#2035 = CIRCLE('',#2036,0.66);
#2036 = AXIS2_PLACEMENT_3D('',#2037,#2038,#2039);
#2037 = CARTESIAN_POINT('',(68.,-96.025,0.));
#2038 = DIRECTION('',(0.,0.,1.));
#2039 = DIRECTION('',(1.,0.,-0.));
#2040 = PCURVE('',#144,#2041);
#2041 = DEFINITIONAL_REPRESENTATION('',(#2042),#2050);
#2042 = ( BOUNDED_CURVE() B_SPLINE_CURVE(2,(#2043,#2044,#2045,#2046,
#2047,#2048,#2049),.UNSPECIFIED.,.T.,.F.) B_SPLINE_CURVE_WITH_KNOTS((1,2
    ,2,2,2,1),(-2.094395102393,0.,2.094395102393,4.188790204786,
6.28318530718,8.377580409573),.UNSPECIFIED.) CURVE() 
GEOMETRIC_REPRESENTATION_ITEM() RATIONAL_B_SPLINE_CURVE((1.,0.5,1.,0.5,
1.,0.5,1.)) REPRESENTATION_ITEM('') );
#2043 = CARTESIAN_POINT('',(-31.16,-41.025));
#2044 = CARTESIAN_POINT('',(-31.16,-39.881846467));
#2045 = CARTESIAN_POINT('',(-30.17,-40.4534232335));
#2046 = CARTESIAN_POINT('',(-29.18,-41.025));
#2047 = CARTESIAN_POINT('',(-30.17,-41.59657676649));
#2048 = CARTESIAN_POINT('',(-31.16,-42.16815353299));
#2049 = CARTESIAN_POINT('',(-31.16,-41.025));
#2050 = ( GEOMETRIC_REPRESENTATION_CONTEXT(2) 
PARAMETRIC_REPRESENTATION_CONTEXT() REPRESENTATION_CONTEXT('2D SPACE',''
  ) );
#2051 = PCURVE('',#2052,#2057);
#2052 = CYLINDRICAL_SURFACE('',#2053,0.66);
#2053 = AXIS2_PLACEMENT_3D('',#2054,#2055,#2056);
#2054 = CARTESIAN_POINT('',(68.,-96.025,-1.E-02));
#2055 = DIRECTION('',(0.,0.,1.));
#2056 = DIRECTION('',(1.,0.,-0.));
#2057 = DEFINITIONAL_REPRESENTATION('',(#2058),#2062);
#2058 = LINE('',#2059,#2060);
#2059 = CARTESIAN_POINT('',(0.,1.E-02));
#2060 = VECTOR('',#2061,1.);
#2061 = DIRECTION('',(1.,0.));
#2062 = ( GEOMETRIC_REPRESENTATION_CONTEXT(2) 
PARAMETRIC_REPRESENTATION_CONTEXT() REPRESENTATION_CONTEXT('2D SPACE',''
  ) );
#2063 = FACE_BOUND('',#2064,.T.);
#2064 = EDGE_LOOP('',(#2065));
#2065 = ORIENTED_EDGE('',*,*,#2066,.T.);
#2066 = EDGE_CURVE('',#2067,#2067,#2069,.T.);
#2067 = VERTEX_POINT('',#2068);
#2068 = CARTESIAN_POINT('',(60.65,-105.,0.));
#2069 = SURFACE_CURVE('',#2070,(#2075,#2086),.PCURVE_S1.);
#2070 = CIRCLE('',#2071,0.65);
#2071 = AXIS2_PLACEMENT_3D('',#2072,#2073,#2074);
#2072 = CARTESIAN_POINT('',(60.,-105.,0.));
#2073 = DIRECTION('',(0.,0.,1.));
#2074 = DIRECTION('',(1.,0.,-0.));
#2075 = PCURVE('',#144,#2076);
#2076 = DEFINITIONAL_REPRESENTATION('',(#2077),#2085);
#2077 = ( BOUNDED_CURVE() B_SPLINE_CURVE(2,(#2078,#2079,#2080,#2081,
#2082,#2083,#2084),.UNSPECIFIED.,.T.,.F.) B_SPLINE_CURVE_WITH_KNOTS((1,2
    ,2,2,2,1),(-2.094395102393,0.,2.094395102393,4.188790204786,
6.28318530718,8.377580409573),.UNSPECIFIED.) CURVE() 
GEOMETRIC_REPRESENTATION_ITEM() RATIONAL_B_SPLINE_CURVE((1.,0.5,1.,0.5,
1.,0.5,1.)) REPRESENTATION_ITEM('') );
#2078 = CARTESIAN_POINT('',(-23.15,-50.));
#2079 = CARTESIAN_POINT('',(-23.15,-48.87416697508));
#2080 = CARTESIAN_POINT('',(-22.175,-49.43708348754));
#2081 = CARTESIAN_POINT('',(-21.2,-50.));
#2082 = CARTESIAN_POINT('',(-22.175,-50.56291651246));
#2083 = CARTESIAN_POINT('',(-23.15,-51.12583302492));
#2084 = CARTESIAN_POINT('',(-23.15,-50.));
#2085 = ( GEOMETRIC_REPRESENTATION_CONTEXT(2) 
PARAMETRIC_REPRESENTATION_CONTEXT() REPRESENTATION_CONTEXT('2D SPACE',''
  ) );
#2086 = PCURVE('',#2087,#2092);
#2087 = CYLINDRICAL_SURFACE('',#2088,0.65);
#2088 = AXIS2_PLACEMENT_3D('',#2089,#2090,#2091);
#2089 = CARTESIAN_POINT('',(60.,-105.,-1.E-02));
#2090 = DIRECTION('',(0.,0.,1.));
#2091 = DIRECTION('',(1.,0.,-0.));
#2092 = DEFINITIONAL_REPRESENTATION('',(#2093),#2097);
#2093 = LINE('',#2094,#2095);
#2094 = CARTESIAN_POINT('',(0.,1.E-02));
#2095 = VECTOR('',#2096,1.);
#2096 = DIRECTION('',(1.,0.));
#2097 = ( GEOMETRIC_REPRESENTATION_CONTEXT(2) 
PARAMETRIC_REPRESENTATION_CONTEXT() REPRESENTATION_CONTEXT('2D SPACE',''
  ) );
#2098 = FACE_BOUND('',#2099,.T.);
#2099 = EDGE_LOOP('',(#2100));
#2100 = ORIENTED_EDGE('',*,*,#2101,.T.);
#2101 = EDGE_CURVE('',#2102,#2102,#2104,.T.);
#2102 = VERTEX_POINT('',#2103);
#2103 = CARTESIAN_POINT('',(58.02,-102.54,0.));
#2104 = SURFACE_CURVE('',#2105,(#2110,#2121),.PCURVE_S1.);
#2105 = CIRCLE('',#2106,0.4);
#2106 = AXIS2_PLACEMENT_3D('',#2107,#2108,#2109);
#2107 = CARTESIAN_POINT('',(57.62,-102.54,0.));
#2108 = DIRECTION('',(0.,0.,1.));
#2109 = DIRECTION('',(1.,0.,-0.));
#2110 = PCURVE('',#144,#2111);
#2111 = DEFINITIONAL_REPRESENTATION('',(#2112),#2120);
#2112 = ( BOUNDED_CURVE() B_SPLINE_CURVE(2,(#2113,#2114,#2115,#2116,
#2117,#2118,#2119),.UNSPECIFIED.,.T.,.F.) B_SPLINE_CURVE_WITH_KNOTS((1,2
    ,2,2,2,1),(-2.094395102393,0.,2.094395102393,4.188790204786,
6.28318530718,8.377580409573),.UNSPECIFIED.) CURVE() 
GEOMETRIC_REPRESENTATION_ITEM() RATIONAL_B_SPLINE_CURVE((1.,0.5,1.,0.5,
1.,0.5,1.)) REPRESENTATION_ITEM('') );
#2113 = CARTESIAN_POINT('',(-20.52,-47.54));
#2114 = CARTESIAN_POINT('',(-20.52,-46.84717967697));
#2115 = CARTESIAN_POINT('',(-19.92,-47.19358983848));
#2116 = CARTESIAN_POINT('',(-19.32,-47.54));
#2117 = CARTESIAN_POINT('',(-19.92,-47.88641016151));
#2118 = CARTESIAN_POINT('',(-20.52,-48.23282032302));
#2119 = CARTESIAN_POINT('',(-20.52,-47.54));
#2120 = ( GEOMETRIC_REPRESENTATION_CONTEXT(2) 
PARAMETRIC_REPRESENTATION_CONTEXT() REPRESENTATION_CONTEXT('2D SPACE',''
  ) );
#2121 = PCURVE('',#2122,#2127);
#2122 = CYLINDRICAL_SURFACE('',#2123,0.4);
#2123 = AXIS2_PLACEMENT_3D('',#2124,#2125,#2126);
#2124 = CARTESIAN_POINT('',(57.62,-102.54,-1.E-02));
#2125 = DIRECTION('',(0.,0.,1.));
#2126 = DIRECTION('',(1.,0.,-0.));
#2127 = DEFINITIONAL_REPRESENTATION('',(#2128),#2132);
#2128 = LINE('',#2129,#2130);
#2129 = CARTESIAN_POINT('',(0.,1.E-02));
#2130 = VECTOR('',#2131,1.);
#2131 = DIRECTION('',(1.,0.));
#2132 = ( GEOMETRIC_REPRESENTATION_CONTEXT(2) 
PARAMETRIC_REPRESENTATION_CONTEXT() REPRESENTATION_CONTEXT('2D SPACE',''
  ) );
#2133 = FACE_BOUND('',#2134,.T.);
#2134 = EDGE_LOOP('',(#2135));
#2135 = ORIENTED_EDGE('',*,*,#2136,.T.);
#2136 = EDGE_CURVE('',#2137,#2137,#2139,.T.);
#2137 = VERTEX_POINT('',#2138);
#2138 = CARTESIAN_POINT('',(60.65,-97.5,0.));
#2139 = SURFACE_CURVE('',#2140,(#2145,#2156),.PCURVE_S1.);
#2140 = CIRCLE('',#2141,0.65);
#2141 = AXIS2_PLACEMENT_3D('',#2142,#2143,#2144);
#2142 = CARTESIAN_POINT('',(60.,-97.5,0.));
#2143 = DIRECTION('',(0.,0.,1.));
#2144 = DIRECTION('',(1.,0.,-0.));
#2145 = PCURVE('',#144,#2146);
#2146 = DEFINITIONAL_REPRESENTATION('',(#2147),#2155);
#2147 = ( BOUNDED_CURVE() B_SPLINE_CURVE(2,(#2148,#2149,#2150,#2151,
#2152,#2153,#2154),.UNSPECIFIED.,.T.,.F.) B_SPLINE_CURVE_WITH_KNOTS((1,2
    ,2,2,2,1),(-2.094395102393,0.,2.094395102393,4.188790204786,
6.28318530718,8.377580409573),.UNSPECIFIED.) CURVE() 
GEOMETRIC_REPRESENTATION_ITEM() RATIONAL_B_SPLINE_CURVE((1.,0.5,1.,0.5,
1.,0.5,1.)) REPRESENTATION_ITEM('') );
#2148 = CARTESIAN_POINT('',(-23.15,-42.5));
#2149 = CARTESIAN_POINT('',(-23.15,-41.37416697508));
#2150 = CARTESIAN_POINT('',(-22.175,-41.93708348754));
#2151 = CARTESIAN_POINT('',(-21.2,-42.5));
#2152 = CARTESIAN_POINT('',(-22.175,-43.06291651246));
#2153 = CARTESIAN_POINT('',(-23.15,-43.62583302492));
#2154 = CARTESIAN_POINT('',(-23.15,-42.5));
#2155 = ( GEOMETRIC_REPRESENTATION_CONTEXT(2) 
PARAMETRIC_REPRESENTATION_CONTEXT() REPRESENTATION_CONTEXT('2D SPACE',''
  ) );
#2156 = PCURVE('',#2157,#2162);
#2157 = CYLINDRICAL_SURFACE('',#2158,0.65);
#2158 = AXIS2_PLACEMENT_3D('',#2159,#2160,#2161);
#2159 = CARTESIAN_POINT('',(60.,-97.5,-1.E-02));
#2160 = DIRECTION('',(0.,0.,1.));
#2161 = DIRECTION('',(1.,0.,-0.));
#2162 = DEFINITIONAL_REPRESENTATION('',(#2163),#2167);
#2163 = LINE('',#2164,#2165);
#2164 = CARTESIAN_POINT('',(0.,1.E-02));
#2165 = VECTOR('',#2166,1.);
#2166 = DIRECTION('',(1.,0.));
#2167 = ( GEOMETRIC_REPRESENTATION_CONTEXT(2) 
PARAMETRIC_REPRESENTATION_CONTEXT() REPRESENTATION_CONTEXT('2D SPACE',''
  ) );
#2168 = FACE_BOUND('',#2169,.T.);
#2169 = EDGE_LOOP('',(#2170));
#2170 = ORIENTED_EDGE('',*,*,#2171,.T.);
#2171 = EDGE_CURVE('',#2172,#2172,#2174,.T.);
#2172 = VERTEX_POINT('',#2173);
#2173 = CARTESIAN_POINT('',(58.02,-100.,0.));
#2174 = SURFACE_CURVE('',#2175,(#2180,#2191),.PCURVE_S1.);
#2175 = CIRCLE('',#2176,0.4);
#2176 = AXIS2_PLACEMENT_3D('',#2177,#2178,#2179);
#2177 = CARTESIAN_POINT('',(57.62,-100.,0.));
#2178 = DIRECTION('',(0.,0.,1.));
#2179 = DIRECTION('',(1.,0.,-0.));
#2180 = PCURVE('',#144,#2181);
#2181 = DEFINITIONAL_REPRESENTATION('',(#2182),#2190);
#2182 = ( BOUNDED_CURVE() B_SPLINE_CURVE(2,(#2183,#2184,#2185,#2186,
#2187,#2188,#2189),.UNSPECIFIED.,.T.,.F.) B_SPLINE_CURVE_WITH_KNOTS((1,2
    ,2,2,2,1),(-2.094395102393,0.,2.094395102393,4.188790204786,
6.28318530718,8.377580409573),.UNSPECIFIED.) CURVE() 
GEOMETRIC_REPRESENTATION_ITEM() RATIONAL_B_SPLINE_CURVE((1.,0.5,1.,0.5,
1.,0.5,1.)) REPRESENTATION_ITEM('') );
#2183 = CARTESIAN_POINT('',(-20.52,-45.));
#2184 = CARTESIAN_POINT('',(-20.52,-44.30717967697));
#2185 = CARTESIAN_POINT('',(-19.92,-44.65358983848));
#2186 = CARTESIAN_POINT('',(-19.32,-45.));
#2187 = CARTESIAN_POINT('',(-19.92,-45.34641016151));
#2188 = CARTESIAN_POINT('',(-20.52,-45.69282032302));
#2189 = CARTESIAN_POINT('',(-20.52,-45.));
#2190 = ( GEOMETRIC_REPRESENTATION_CONTEXT(2) 
PARAMETRIC_REPRESENTATION_CONTEXT() REPRESENTATION_CONTEXT('2D SPACE',''
  ) );
#2191 = PCURVE('',#2192,#2197);
#2192 = CYLINDRICAL_SURFACE('',#2193,0.4);
#2193 = AXIS2_PLACEMENT_3D('',#2194,#2195,#2196);
#2194 = CARTESIAN_POINT('',(57.62,-100.,-1.E-02));
#2195 = DIRECTION('',(0.,0.,1.));
#2196 = DIRECTION('',(1.,0.,-0.));
#2197 = DEFINITIONAL_REPRESENTATION('',(#2198),#2202);
#2198 = LINE('',#2199,#2200);
#2199 = CARTESIAN_POINT('',(0.,1.E-02));
#2200 = VECTOR('',#2201,1.);
#2201 = DIRECTION('',(1.,0.));
#2202 = ( GEOMETRIC_REPRESENTATION_CONTEXT(2) 
PARAMETRIC_REPRESENTATION_CONTEXT() REPRESENTATION_CONTEXT('2D SPACE',''
  ) );
#2203 = FACE_BOUND('',#2204,.T.);
#2204 = EDGE_LOOP('',(#2205));
#2205 = ORIENTED_EDGE('',*,*,#2206,.T.);
#2206 = EDGE_CURVE('',#2207,#2207,#2209,.T.);
#2207 = VERTEX_POINT('',#2208);
#2208 = CARTESIAN_POINT('',(73.2,-87.895,0.));
#2209 = SURFACE_CURVE('',#2210,(#2215,#2226),.PCURVE_S1.);
#2210 = CIRCLE('',#2211,0.5);
#2211 = AXIS2_PLACEMENT_3D('',#2212,#2213,#2214);
#2212 = CARTESIAN_POINT('',(72.7,-87.895,0.));
#2213 = DIRECTION('',(0.,0.,1.));
#2214 = DIRECTION('',(1.,0.,-0.));
#2215 = PCURVE('',#144,#2216);
#2216 = DEFINITIONAL_REPRESENTATION('',(#2217),#2225);
#2217 = ( BOUNDED_CURVE() B_SPLINE_CURVE(2,(#2218,#2219,#2220,#2221,
#2222,#2223,#2224),.UNSPECIFIED.,.T.,.F.) B_SPLINE_CURVE_WITH_KNOTS((1,2
    ,2,2,2,1),(-2.094395102393,0.,2.094395102393,4.188790204786,
6.28318530718,8.377580409573),.UNSPECIFIED.) CURVE() 
GEOMETRIC_REPRESENTATION_ITEM() RATIONAL_B_SPLINE_CURVE((1.,0.5,1.,0.5,
1.,0.5,1.)) REPRESENTATION_ITEM('') );
#2218 = CARTESIAN_POINT('',(-35.7,-32.895));
#2219 = CARTESIAN_POINT('',(-35.7,-32.02897459621));
#2220 = CARTESIAN_POINT('',(-34.95,-32.4619872981));
#2221 = CARTESIAN_POINT('',(-34.2,-32.895));
#2222 = CARTESIAN_POINT('',(-34.95,-33.32801270189));
#2223 = CARTESIAN_POINT('',(-35.7,-33.76102540378));
#2224 = CARTESIAN_POINT('',(-35.7,-32.895));
#2225 = ( GEOMETRIC_REPRESENTATION_CONTEXT(2) 
PARAMETRIC_REPRESENTATION_CONTEXT() REPRESENTATION_CONTEXT('2D SPACE',''
  ) );
#2226 = PCURVE('',#2227,#2232);
#2227 = CYLINDRICAL_SURFACE('',#2228,0.5);
#2228 = AXIS2_PLACEMENT_3D('',#2229,#2230,#2231);
#2229 = CARTESIAN_POINT('',(72.7,-87.895,-1.E-02));
#2230 = DIRECTION('',(0.,0.,1.));
#2231 = DIRECTION('',(1.,0.,-0.));
#2232 = DEFINITIONAL_REPRESENTATION('',(#2233),#2237);
#2233 = LINE('',#2234,#2235);
#2234 = CARTESIAN_POINT('',(0.,1.E-02));
#2235 = VECTOR('',#2236,1.);
#2236 = DIRECTION('',(1.,0.));
#2237 = ( GEOMETRIC_REPRESENTATION_CONTEXT(2) 
PARAMETRIC_REPRESENTATION_CONTEXT() REPRESENTATION_CONTEXT('2D SPACE',''
  ) );
#2238 = FACE_BOUND('',#2239,.T.);
#2239 = EDGE_LOOP('',(#2240));
#2240 = ORIENTED_EDGE('',*,*,#2241,.T.);
#2241 = EDGE_CURVE('',#2242,#2242,#2244,.T.);
#2242 = VERTEX_POINT('',#2243);
#2243 = CARTESIAN_POINT('',(70.66,-87.895,0.));
#2244 = SURFACE_CURVE('',#2245,(#2250,#2261),.PCURVE_S1.);
#2245 = CIRCLE('',#2246,0.5);
#2246 = AXIS2_PLACEMENT_3D('',#2247,#2248,#2249);
#2247 = CARTESIAN_POINT('',(70.16,-87.895,0.));
#2248 = DIRECTION('',(0.,0.,1.));
#2249 = DIRECTION('',(1.,0.,-0.));
#2250 = PCURVE('',#144,#2251);
#2251 = DEFINITIONAL_REPRESENTATION('',(#2252),#2260);
#2252 = ( BOUNDED_CURVE() B_SPLINE_CURVE(2,(#2253,#2254,#2255,#2256,
#2257,#2258,#2259),.UNSPECIFIED.,.T.,.F.) B_SPLINE_CURVE_WITH_KNOTS((1,2
    ,2,2,2,1),(-2.094395102393,0.,2.094395102393,4.188790204786,
6.28318530718,8.377580409573),.UNSPECIFIED.) CURVE() 
GEOMETRIC_REPRESENTATION_ITEM() RATIONAL_B_SPLINE_CURVE((1.,0.5,1.,0.5,
1.,0.5,1.)) REPRESENTATION_ITEM('') );
#2253 = CARTESIAN_POINT('',(-33.16,-32.895));
#2254 = CARTESIAN_POINT('',(-33.16,-32.02897459621));
#2255 = CARTESIAN_POINT('',(-32.41,-32.4619872981));
#2256 = CARTESIAN_POINT('',(-31.66,-32.895));
#2257 = CARTESIAN_POINT('',(-32.41,-33.32801270189));
#2258 = CARTESIAN_POINT('',(-33.16,-33.76102540378));
#2259 = CARTESIAN_POINT('',(-33.16,-32.895));
#2260 = ( GEOMETRIC_REPRESENTATION_CONTEXT(2) 
PARAMETRIC_REPRESENTATION_CONTEXT() REPRESENTATION_CONTEXT('2D SPACE',''
  ) );
#2261 = PCURVE('',#2262,#2267);
#2262 = CYLINDRICAL_SURFACE('',#2263,0.5);
#2263 = AXIS2_PLACEMENT_3D('',#2264,#2265,#2266);
#2264 = CARTESIAN_POINT('',(70.16,-87.895,-1.E-02));
#2265 = DIRECTION('',(0.,0.,1.));
#2266 = DIRECTION('',(1.,0.,-0.));
#2267 = DEFINITIONAL_REPRESENTATION('',(#2268),#2272);
#2268 = LINE('',#2269,#2270);
#2269 = CARTESIAN_POINT('',(0.,1.E-02));
#2270 = VECTOR('',#2271,1.);
#2271 = DIRECTION('',(1.,0.));
#2272 = ( GEOMETRIC_REPRESENTATION_CONTEXT(2) 
PARAMETRIC_REPRESENTATION_CONTEXT() REPRESENTATION_CONTEXT('2D SPACE',''
  ) );
#2273 = FACE_BOUND('',#2274,.T.);
#2274 = EDGE_LOOP('',(#2275));
#2275 = ORIENTED_EDGE('',*,*,#2276,.T.);
#2276 = EDGE_CURVE('',#2277,#2277,#2279,.T.);
#2277 = VERTEX_POINT('',#2278);
#2278 = CARTESIAN_POINT('',(68.66,-91.025,0.));
#2279 = SURFACE_CURVE('',#2280,(#2285,#2296),.PCURVE_S1.);
#2280 = CIRCLE('',#2281,0.66);
#2281 = AXIS2_PLACEMENT_3D('',#2282,#2283,#2284);
#2282 = CARTESIAN_POINT('',(68.,-91.025,0.));
#2283 = DIRECTION('',(0.,0.,1.));
#2284 = DIRECTION('',(1.,0.,-0.));
#2285 = PCURVE('',#144,#2286);
#2286 = DEFINITIONAL_REPRESENTATION('',(#2287),#2295);
#2287 = ( BOUNDED_CURVE() B_SPLINE_CURVE(2,(#2288,#2289,#2290,#2291,
#2292,#2293,#2294),.UNSPECIFIED.,.T.,.F.) B_SPLINE_CURVE_WITH_KNOTS((1,2
    ,2,2,2,1),(-2.094395102393,0.,2.094395102393,4.188790204786,
6.28318530718,8.377580409573),.UNSPECIFIED.) CURVE() 
GEOMETRIC_REPRESENTATION_ITEM() RATIONAL_B_SPLINE_CURVE((1.,0.5,1.,0.5,
1.,0.5,1.)) REPRESENTATION_ITEM('') );
#2288 = CARTESIAN_POINT('',(-31.16,-36.025));
#2289 = CARTESIAN_POINT('',(-31.16,-34.881846467));
#2290 = CARTESIAN_POINT('',(-30.17,-35.4534232335));
#2291 = CARTESIAN_POINT('',(-29.18,-36.025));
#2292 = CARTESIAN_POINT('',(-30.17,-36.59657676649));
#2293 = CARTESIAN_POINT('',(-31.16,-37.16815353299));
#2294 = CARTESIAN_POINT('',(-31.16,-36.025));
#2295 = ( GEOMETRIC_REPRESENTATION_CONTEXT(2) 
PARAMETRIC_REPRESENTATION_CONTEXT() REPRESENTATION_CONTEXT('2D SPACE',''
  ) );
#2296 = PCURVE('',#2297,#2302);
#2297 = CYLINDRICAL_SURFACE('',#2298,0.66);
#2298 = AXIS2_PLACEMENT_3D('',#2299,#2300,#2301);
#2299 = CARTESIAN_POINT('',(68.,-91.025,-1.E-02));
#2300 = DIRECTION('',(0.,0.,1.));
#2301 = DIRECTION('',(1.,0.,-0.));
#2302 = DEFINITIONAL_REPRESENTATION('',(#2303),#2307);
#2303 = LINE('',#2304,#2305);
#2304 = CARTESIAN_POINT('',(0.,1.E-02));
#2305 = VECTOR('',#2306,1.);
#2306 = DIRECTION('',(1.,0.));
#2307 = ( GEOMETRIC_REPRESENTATION_CONTEXT(2) 
PARAMETRIC_REPRESENTATION_CONTEXT() REPRESENTATION_CONTEXT('2D SPACE',''
  ) );
#2308 = FACE_BOUND('',#2309,.T.);
#2309 = EDGE_LOOP('',(#2310));
#2310 = ORIENTED_EDGE('',*,*,#2311,.T.);
#2311 = EDGE_CURVE('',#2312,#2312,#2314,.T.);
#2312 = VERTEX_POINT('',#2313);
#2313 = CARTESIAN_POINT('',(68.12,-87.895,0.));
#2314 = SURFACE_CURVE('',#2315,(#2320,#2331),.PCURVE_S1.);
#2315 = CIRCLE('',#2316,0.5);
#2316 = AXIS2_PLACEMENT_3D('',#2317,#2318,#2319);
#2317 = CARTESIAN_POINT('',(67.62,-87.895,0.));
#2318 = DIRECTION('',(0.,0.,1.));
#2319 = DIRECTION('',(1.,0.,-0.));
#2320 = PCURVE('',#144,#2321);
#2321 = DEFINITIONAL_REPRESENTATION('',(#2322),#2330);
#2322 = ( BOUNDED_CURVE() B_SPLINE_CURVE(2,(#2323,#2324,#2325,#2326,
#2327,#2328,#2329),.UNSPECIFIED.,.T.,.F.) B_SPLINE_CURVE_WITH_KNOTS((1,2
    ,2,2,2,1),(-2.094395102393,0.,2.094395102393,4.188790204786,
6.28318530718,8.377580409573),.UNSPECIFIED.) CURVE() 
GEOMETRIC_REPRESENTATION_ITEM() RATIONAL_B_SPLINE_CURVE((1.,0.5,1.,0.5,
1.,0.5,1.)) REPRESENTATION_ITEM('') );
#2323 = CARTESIAN_POINT('',(-30.62,-32.895));
#2324 = CARTESIAN_POINT('',(-30.62,-32.02897459621));
#2325 = CARTESIAN_POINT('',(-29.87,-32.4619872981));
#2326 = CARTESIAN_POINT('',(-29.12,-32.895));
#2327 = CARTESIAN_POINT('',(-29.87,-33.32801270189));
#2328 = CARTESIAN_POINT('',(-30.62,-33.76102540378));
#2329 = CARTESIAN_POINT('',(-30.62,-32.895));
#2330 = ( GEOMETRIC_REPRESENTATION_CONTEXT(2) 
PARAMETRIC_REPRESENTATION_CONTEXT() REPRESENTATION_CONTEXT('2D SPACE',''
  ) );
#2331 = PCURVE('',#2332,#2337);
#2332 = CYLINDRICAL_SURFACE('',#2333,0.5);
#2333 = AXIS2_PLACEMENT_3D('',#2334,#2335,#2336);
#2334 = CARTESIAN_POINT('',(67.62,-87.895,-1.E-02));
#2335 = DIRECTION('',(0.,0.,1.));
#2336 = DIRECTION('',(1.,0.,-0.));
#2337 = DEFINITIONAL_REPRESENTATION('',(#2338),#2342);
#2338 = LINE('',#2339,#2340);
#2339 = CARTESIAN_POINT('',(0.,1.E-02));
#2340 = VECTOR('',#2341,1.);
#2341 = DIRECTION('',(1.,0.));
#2342 = ( GEOMETRIC_REPRESENTATION_CONTEXT(2) 
PARAMETRIC_REPRESENTATION_CONTEXT() REPRESENTATION_CONTEXT('2D SPACE',''
  ) );
#2343 = FACE_BOUND('',#2344,.T.);
#2344 = EDGE_LOOP('',(#2345));
#2345 = ORIENTED_EDGE('',*,*,#2346,.T.);
#2346 = EDGE_CURVE('',#2347,#2347,#2349,.T.);
#2347 = VERTEX_POINT('',#2348);
#2348 = CARTESIAN_POINT('',(65.58,-87.895,0.));
#2349 = SURFACE_CURVE('',#2350,(#2355,#2366),.PCURVE_S1.);
#2350 = CIRCLE('',#2351,0.5);
#2351 = AXIS2_PLACEMENT_3D('',#2352,#2353,#2354);
#2352 = CARTESIAN_POINT('',(65.08,-87.895,0.));
#2353 = DIRECTION('',(0.,0.,1.));
#2354 = DIRECTION('',(1.,0.,-0.));
#2355 = PCURVE('',#144,#2356);
#2356 = DEFINITIONAL_REPRESENTATION('',(#2357),#2365);
#2357 = ( BOUNDED_CURVE() B_SPLINE_CURVE(2,(#2358,#2359,#2360,#2361,
#2362,#2363,#2364),.UNSPECIFIED.,.T.,.F.) B_SPLINE_CURVE_WITH_KNOTS((1,2
    ,2,2,2,1),(-2.094395102393,0.,2.094395102393,4.188790204786,
6.28318530718,8.377580409573),.UNSPECIFIED.) CURVE() 
GEOMETRIC_REPRESENTATION_ITEM() RATIONAL_B_SPLINE_CURVE((1.,0.5,1.,0.5,
1.,0.5,1.)) REPRESENTATION_ITEM('') );
#2358 = CARTESIAN_POINT('',(-28.08,-32.895));
#2359 = CARTESIAN_POINT('',(-28.08,-32.02897459621));
#2360 = CARTESIAN_POINT('',(-27.33,-32.4619872981));
#2361 = CARTESIAN_POINT('',(-26.58,-32.895));
#2362 = CARTESIAN_POINT('',(-27.33,-33.32801270189));
#2363 = CARTESIAN_POINT('',(-28.08,-33.76102540378));
#2364 = CARTESIAN_POINT('',(-28.08,-32.895));
#2365 = ( GEOMETRIC_REPRESENTATION_CONTEXT(2) 
PARAMETRIC_REPRESENTATION_CONTEXT() REPRESENTATION_CONTEXT('2D SPACE',''
  ) );
#2366 = PCURVE('',#2367,#2372);
#2367 = CYLINDRICAL_SURFACE('',#2368,0.5);
#2368 = AXIS2_PLACEMENT_3D('',#2369,#2370,#2371);
#2369 = CARTESIAN_POINT('',(65.08,-87.895,-1.E-02));
#2370 = DIRECTION('',(0.,0.,1.));
#2371 = DIRECTION('',(1.,0.,-0.));
#2372 = DEFINITIONAL_REPRESENTATION('',(#2373),#2377);
#2373 = LINE('',#2374,#2375);
#2374 = CARTESIAN_POINT('',(0.,1.E-02));
#2375 = VECTOR('',#2376,1.);
#2376 = DIRECTION('',(1.,0.));
#2377 = ( GEOMETRIC_REPRESENTATION_CONTEXT(2) 
PARAMETRIC_REPRESENTATION_CONTEXT() REPRESENTATION_CONTEXT('2D SPACE',''
  ) );
#2378 = FACE_BOUND('',#2379,.T.);
#2379 = EDGE_LOOP('',(#2380));
#2380 = ORIENTED_EDGE('',*,*,#2381,.T.);
#2381 = EDGE_CURVE('',#2382,#2382,#2384,.T.);
#2382 = VERTEX_POINT('',#2383);
#2383 = CARTESIAN_POINT('',(63.04,-87.895,0.));
#2384 = SURFACE_CURVE('',#2385,(#2390,#2401),.PCURVE_S1.);
#2385 = CIRCLE('',#2386,0.5);
#2386 = AXIS2_PLACEMENT_3D('',#2387,#2388,#2389);
#2387 = CARTESIAN_POINT('',(62.54,-87.895,0.));
#2388 = DIRECTION('',(0.,0.,1.));
#2389 = DIRECTION('',(1.,0.,-0.));
#2390 = PCURVE('',#144,#2391);
#2391 = DEFINITIONAL_REPRESENTATION('',(#2392),#2400);
#2392 = ( BOUNDED_CURVE() B_SPLINE_CURVE(2,(#2393,#2394,#2395,#2396,
#2397,#2398,#2399),.UNSPECIFIED.,.T.,.F.) B_SPLINE_CURVE_WITH_KNOTS((1,2
    ,2,2,2,1),(-2.094395102393,0.,2.094395102393,4.188790204786,
6.28318530718,8.377580409573),.UNSPECIFIED.) CURVE() 
GEOMETRIC_REPRESENTATION_ITEM() RATIONAL_B_SPLINE_CURVE((1.,0.5,1.,0.5,
1.,0.5,1.)) REPRESENTATION_ITEM('') );
#2393 = CARTESIAN_POINT('',(-25.54,-32.895));
#2394 = CARTESIAN_POINT('',(-25.54,-32.02897459621));
#2395 = CARTESIAN_POINT('',(-24.79,-32.4619872981));
#2396 = CARTESIAN_POINT('',(-24.04,-32.895));
#2397 = CARTESIAN_POINT('',(-24.79,-33.32801270189));
#2398 = CARTESIAN_POINT('',(-25.54,-33.76102540378));
#2399 = CARTESIAN_POINT('',(-25.54,-32.895));
#2400 = ( GEOMETRIC_REPRESENTATION_CONTEXT(2) 
PARAMETRIC_REPRESENTATION_CONTEXT() REPRESENTATION_CONTEXT('2D SPACE',''
  ) );
#2401 = PCURVE('',#2402,#2407);
#2402 = CYLINDRICAL_SURFACE('',#2403,0.5);
#2403 = AXIS2_PLACEMENT_3D('',#2404,#2405,#2406);
#2404 = CARTESIAN_POINT('',(62.54,-87.895,-1.E-02));
#2405 = DIRECTION('',(0.,0.,1.));
#2406 = DIRECTION('',(1.,0.,-0.));
#2407 = DEFINITIONAL_REPRESENTATION('',(#2408),#2412);
#2408 = LINE('',#2409,#2410);
#2409 = CARTESIAN_POINT('',(0.,1.E-02));
#2410 = VECTOR('',#2411,1.);
#2411 = DIRECTION('',(1.,0.));
#2412 = ( GEOMETRIC_REPRESENTATION_CONTEXT(2) 
PARAMETRIC_REPRESENTATION_CONTEXT() REPRESENTATION_CONTEXT('2D SPACE',''
  ) );
#2413 = FACE_BOUND('',#2414,.T.);
#2414 = EDGE_LOOP('',(#2415));
#2415 = ORIENTED_EDGE('',*,*,#2416,.T.);
#2416 = EDGE_CURVE('',#2417,#2417,#2419,.T.);
#2417 = VERTEX_POINT('',#2418);
#2418 = CARTESIAN_POINT('',(60.5,-87.895,0.));
#2419 = SURFACE_CURVE('',#2420,(#2425,#2436),.PCURVE_S1.);
#2420 = CIRCLE('',#2421,0.5);
#2421 = AXIS2_PLACEMENT_3D('',#2422,#2423,#2424);
#2422 = CARTESIAN_POINT('',(60.,-87.895,0.));
#2423 = DIRECTION('',(0.,0.,1.));
#2424 = DIRECTION('',(1.,0.,-0.));
#2425 = PCURVE('',#144,#2426);
#2426 = DEFINITIONAL_REPRESENTATION('',(#2427),#2435);
#2427 = ( BOUNDED_CURVE() B_SPLINE_CURVE(2,(#2428,#2429,#2430,#2431,
#2432,#2433,#2434),.UNSPECIFIED.,.T.,.F.) B_SPLINE_CURVE_WITH_KNOTS((1,2
    ,2,2,2,1),(-2.094395102393,0.,2.094395102393,4.188790204786,
6.28318530718,8.377580409573),.UNSPECIFIED.) CURVE() 
GEOMETRIC_REPRESENTATION_ITEM() RATIONAL_B_SPLINE_CURVE((1.,0.5,1.,0.5,
1.,0.5,1.)) REPRESENTATION_ITEM('') );
#2428 = CARTESIAN_POINT('',(-23.,-32.895));
#2429 = CARTESIAN_POINT('',(-23.,-32.02897459621));
#2430 = CARTESIAN_POINT('',(-22.25,-32.4619872981));
#2431 = CARTESIAN_POINT('',(-21.5,-32.895));
#2432 = CARTESIAN_POINT('',(-22.25,-33.32801270189));
#2433 = CARTESIAN_POINT('',(-23.,-33.76102540378));
#2434 = CARTESIAN_POINT('',(-23.,-32.895));
#2435 = ( GEOMETRIC_REPRESENTATION_CONTEXT(2) 
PARAMETRIC_REPRESENTATION_CONTEXT() REPRESENTATION_CONTEXT('2D SPACE',''
  ) );
#2436 = PCURVE('',#2437,#2442);
#2437 = CYLINDRICAL_SURFACE('',#2438,0.5);
#2438 = AXIS2_PLACEMENT_3D('',#2439,#2440,#2441);
#2439 = CARTESIAN_POINT('',(60.,-87.895,-1.E-02));
#2440 = DIRECTION('',(0.,0.,1.));
#2441 = DIRECTION('',(1.,0.,-0.));
#2442 = DEFINITIONAL_REPRESENTATION('',(#2443),#2447);
#2443 = LINE('',#2444,#2445);
#2444 = CARTESIAN_POINT('',(0.,1.E-02));
#2445 = VECTOR('',#2446,1.);
#2446 = DIRECTION('',(1.,0.));
#2447 = ( GEOMETRIC_REPRESENTATION_CONTEXT(2) 
PARAMETRIC_REPRESENTATION_CONTEXT() REPRESENTATION_CONTEXT('2D SPACE',''
  ) );
#2448 = FACE_BOUND('',#2449,.T.);
#2449 = EDGE_LOOP('',(#2450));
#2450 = ORIENTED_EDGE('',*,*,#2451,.T.);
#2451 = EDGE_CURVE('',#2452,#2452,#2454,.T.);
#2452 = VERTEX_POINT('',#2453);
#2453 = CARTESIAN_POINT('',(63.12,-84.,0.));
#2454 = SURFACE_CURVE('',#2455,(#2460,#2471),.PCURVE_S1.);
#2455 = CIRCLE('',#2456,0.5);
#2456 = AXIS2_PLACEMENT_3D('',#2457,#2458,#2459);
#2457 = CARTESIAN_POINT('',(62.62,-84.,0.));
#2458 = DIRECTION('',(0.,0.,1.));
#2459 = DIRECTION('',(1.,0.,-0.));
#2460 = PCURVE('',#144,#2461);
#2461 = DEFINITIONAL_REPRESENTATION('',(#2462),#2470);
#2462 = ( BOUNDED_CURVE() B_SPLINE_CURVE(2,(#2463,#2464,#2465,#2466,
#2467,#2468,#2469),.UNSPECIFIED.,.T.,.F.) B_SPLINE_CURVE_WITH_KNOTS((1,2
    ,2,2,2,1),(-2.094395102393,0.,2.094395102393,4.188790204786,
6.28318530718,8.377580409573),.UNSPECIFIED.) CURVE() 
GEOMETRIC_REPRESENTATION_ITEM() RATIONAL_B_SPLINE_CURVE((1.,0.5,1.,0.5,
1.,0.5,1.)) REPRESENTATION_ITEM('') );
#2463 = CARTESIAN_POINT('',(-25.62,-29.));
#2464 = CARTESIAN_POINT('',(-25.62,-28.13397459621));
#2465 = CARTESIAN_POINT('',(-24.87,-28.5669872981));
#2466 = CARTESIAN_POINT('',(-24.12,-29.));
#2467 = CARTESIAN_POINT('',(-24.87,-29.43301270189));
#2468 = CARTESIAN_POINT('',(-25.62,-29.86602540378));
#2469 = CARTESIAN_POINT('',(-25.62,-29.));
#2470 = ( GEOMETRIC_REPRESENTATION_CONTEXT(2) 
PARAMETRIC_REPRESENTATION_CONTEXT() REPRESENTATION_CONTEXT('2D SPACE',''
  ) );
#2471 = PCURVE('',#2472,#2477);
#2472 = CYLINDRICAL_SURFACE('',#2473,0.5);
#2473 = AXIS2_PLACEMENT_3D('',#2474,#2475,#2476);
#2474 = CARTESIAN_POINT('',(62.62,-84.,-1.E-02));
#2475 = DIRECTION('',(0.,0.,1.));
#2476 = DIRECTION('',(1.,0.,-0.));
#2477 = DEFINITIONAL_REPRESENTATION('',(#2478),#2482);
#2478 = LINE('',#2479,#2480);
#2479 = CARTESIAN_POINT('',(0.,1.E-02));
#2480 = VECTOR('',#2481,1.);
#2481 = DIRECTION('',(1.,0.));
#2482 = ( GEOMETRIC_REPRESENTATION_CONTEXT(2) 
PARAMETRIC_REPRESENTATION_CONTEXT() REPRESENTATION_CONTEXT('2D SPACE',''
  ) );
#2483 = FACE_BOUND('',#2484,.T.);
#2484 = EDGE_LOOP('',(#2485));
#2485 = ORIENTED_EDGE('',*,*,#2486,.T.);
#2486 = EDGE_CURVE('',#2487,#2487,#2489,.T.);
#2487 = VERTEX_POINT('',#2488);
#2488 = CARTESIAN_POINT('',(60.58,-84.,0.));
#2489 = SURFACE_CURVE('',#2490,(#2495,#2506),.PCURVE_S1.);
#2490 = CIRCLE('',#2491,0.5);
#2491 = AXIS2_PLACEMENT_3D('',#2492,#2493,#2494);
#2492 = CARTESIAN_POINT('',(60.08,-84.,0.));
#2493 = DIRECTION('',(0.,0.,1.));
#2494 = DIRECTION('',(1.,0.,-0.));
#2495 = PCURVE('',#144,#2496);
#2496 = DEFINITIONAL_REPRESENTATION('',(#2497),#2505);
#2497 = ( BOUNDED_CURVE() B_SPLINE_CURVE(2,(#2498,#2499,#2500,#2501,
#2502,#2503,#2504),.UNSPECIFIED.,.T.,.F.) B_SPLINE_CURVE_WITH_KNOTS((1,2
    ,2,2,2,1),(-2.094395102393,0.,2.094395102393,4.188790204786,
6.28318530718,8.377580409573),.UNSPECIFIED.) CURVE() 
GEOMETRIC_REPRESENTATION_ITEM() RATIONAL_B_SPLINE_CURVE((1.,0.5,1.,0.5,
1.,0.5,1.)) REPRESENTATION_ITEM('') );
#2498 = CARTESIAN_POINT('',(-23.08,-29.));
#2499 = CARTESIAN_POINT('',(-23.08,-28.13397459621));
#2500 = CARTESIAN_POINT('',(-22.33,-28.5669872981));
#2501 = CARTESIAN_POINT('',(-21.58,-29.));
#2502 = CARTESIAN_POINT('',(-22.33,-29.43301270189));
#2503 = CARTESIAN_POINT('',(-23.08,-29.86602540378));
#2504 = CARTESIAN_POINT('',(-23.08,-29.));
#2505 = ( GEOMETRIC_REPRESENTATION_CONTEXT(2) 
PARAMETRIC_REPRESENTATION_CONTEXT() REPRESENTATION_CONTEXT('2D SPACE',''
  ) );
#2506 = PCURVE('',#2507,#2512);
#2507 = CYLINDRICAL_SURFACE('',#2508,0.5);
#2508 = AXIS2_PLACEMENT_3D('',#2509,#2510,#2511);
#2509 = CARTESIAN_POINT('',(60.08,-84.,-1.E-02));
#2510 = DIRECTION('',(0.,0.,1.));
#2511 = DIRECTION('',(1.,0.,-0.));
#2512 = DEFINITIONAL_REPRESENTATION('',(#2513),#2517);
#2513 = LINE('',#2514,#2515);
#2514 = CARTESIAN_POINT('',(0.,1.E-02));
#2515 = VECTOR('',#2516,1.);
#2516 = DIRECTION('',(1.,0.));
#2517 = ( GEOMETRIC_REPRESENTATION_CONTEXT(2) 
PARAMETRIC_REPRESENTATION_CONTEXT() REPRESENTATION_CONTEXT('2D SPACE',''
  ) );
#2518 = FACE_BOUND('',#2519,.T.);
#2519 = EDGE_LOOP('',(#2520));
#2520 = ORIENTED_EDGE('',*,*,#2521,.T.);
#2521 = EDGE_CURVE('',#2522,#2522,#2524,.T.);
#2522 = VERTEX_POINT('',#2523);
#2523 = CARTESIAN_POINT('',(58.04,-84.,0.));
#2524 = SURFACE_CURVE('',#2525,(#2530,#2541),.PCURVE_S1.);
#2525 = CIRCLE('',#2526,0.5);
#2526 = AXIS2_PLACEMENT_3D('',#2527,#2528,#2529);
#2527 = CARTESIAN_POINT('',(57.54,-84.,0.));
#2528 = DIRECTION('',(0.,0.,1.));
#2529 = DIRECTION('',(1.,0.,-0.));
#2530 = PCURVE('',#144,#2531);
#2531 = DEFINITIONAL_REPRESENTATION('',(#2532),#2540);
#2532 = ( BOUNDED_CURVE() B_SPLINE_CURVE(2,(#2533,#2534,#2535,#2536,
#2537,#2538,#2539),.UNSPECIFIED.,.T.,.F.) B_SPLINE_CURVE_WITH_KNOTS((1,2
    ,2,2,2,1),(-2.094395102393,0.,2.094395102393,4.188790204786,
6.28318530718,8.377580409573),.UNSPECIFIED.) CURVE() 
GEOMETRIC_REPRESENTATION_ITEM() RATIONAL_B_SPLINE_CURVE((1.,0.5,1.,0.5,
1.,0.5,1.)) REPRESENTATION_ITEM('') );
#2533 = CARTESIAN_POINT('',(-20.54,-29.));
#2534 = CARTESIAN_POINT('',(-20.54,-28.13397459621));
#2535 = CARTESIAN_POINT('',(-19.79,-28.5669872981));
#2536 = CARTESIAN_POINT('',(-19.04,-29.));
#2537 = CARTESIAN_POINT('',(-19.79,-29.43301270189));
#2538 = CARTESIAN_POINT('',(-20.54,-29.86602540378));
#2539 = CARTESIAN_POINT('',(-20.54,-29.));
#2540 = ( GEOMETRIC_REPRESENTATION_CONTEXT(2) 
PARAMETRIC_REPRESENTATION_CONTEXT() REPRESENTATION_CONTEXT('2D SPACE',''
  ) );
#2541 = PCURVE('',#2542,#2547);
#2542 = CYLINDRICAL_SURFACE('',#2543,0.5);
#2543 = AXIS2_PLACEMENT_3D('',#2544,#2545,#2546);
#2544 = CARTESIAN_POINT('',(57.54,-84.,-1.E-02));
#2545 = DIRECTION('',(0.,0.,1.));
#2546 = DIRECTION('',(1.,0.,-0.));
#2547 = DEFINITIONAL_REPRESENTATION('',(#2548),#2552);
#2548 = LINE('',#2549,#2550);
#2549 = CARTESIAN_POINT('',(0.,1.E-02));
#2550 = VECTOR('',#2551,1.);
#2551 = DIRECTION('',(1.,0.));
#2552 = ( GEOMETRIC_REPRESENTATION_CONTEXT(2) 
PARAMETRIC_REPRESENTATION_CONTEXT() REPRESENTATION_CONTEXT('2D SPACE',''
  ) );
#2553 = FACE_BOUND('',#2554,.T.);
#2554 = EDGE_LOOP('',(#2555));
#2555 = ORIENTED_EDGE('',*,*,#2556,.T.);
#2556 = EDGE_CURVE('',#2557,#2557,#2559,.T.);
#2557 = VERTEX_POINT('',#2558);
#2558 = CARTESIAN_POINT('',(50.4,-102.54,0.));
#2559 = SURFACE_CURVE('',#2560,(#2565,#2576),.PCURVE_S1.);
#2560 = CIRCLE('',#2561,0.4);
#2561 = AXIS2_PLACEMENT_3D('',#2562,#2563,#2564);
#2562 = CARTESIAN_POINT('',(50.,-102.54,0.));
#2563 = DIRECTION('',(0.,0.,1.));
#2564 = DIRECTION('',(1.,0.,-0.));
#2565 = PCURVE('',#144,#2566);
#2566 = DEFINITIONAL_REPRESENTATION('',(#2567),#2575);
#2567 = ( BOUNDED_CURVE() B_SPLINE_CURVE(2,(#2568,#2569,#2570,#2571,
#2572,#2573,#2574),.UNSPECIFIED.,.T.,.F.) B_SPLINE_CURVE_WITH_KNOTS((1,2
    ,2,2,2,1),(-2.094395102393,0.,2.094395102393,4.188790204786,
6.28318530718,8.377580409573),.UNSPECIFIED.) CURVE() 
GEOMETRIC_REPRESENTATION_ITEM() RATIONAL_B_SPLINE_CURVE((1.,0.5,1.,0.5,
1.,0.5,1.)) REPRESENTATION_ITEM('') );
#2568 = CARTESIAN_POINT('',(-12.9,-47.54));
#2569 = CARTESIAN_POINT('',(-12.9,-46.84717967697));
#2570 = CARTESIAN_POINT('',(-12.3,-47.19358983848));
#2571 = CARTESIAN_POINT('',(-11.7,-47.54));
#2572 = CARTESIAN_POINT('',(-12.3,-47.88641016151));
#2573 = CARTESIAN_POINT('',(-12.9,-48.23282032302));
#2574 = CARTESIAN_POINT('',(-12.9,-47.54));
#2575 = ( GEOMETRIC_REPRESENTATION_CONTEXT(2) 
PARAMETRIC_REPRESENTATION_CONTEXT() REPRESENTATION_CONTEXT('2D SPACE',''
  ) );
#2576 = PCURVE('',#2577,#2582);
#2577 = CYLINDRICAL_SURFACE('',#2578,0.4);
#2578 = AXIS2_PLACEMENT_3D('',#2579,#2580,#2581);
#2579 = CARTESIAN_POINT('',(50.,-102.54,-1.E-02));
#2580 = DIRECTION('',(0.,0.,1.));
#2581 = DIRECTION('',(1.,0.,-0.));
#2582 = DEFINITIONAL_REPRESENTATION('',(#2583),#2587);
#2583 = LINE('',#2584,#2585);
#2584 = CARTESIAN_POINT('',(0.,1.E-02));
#2585 = VECTOR('',#2586,1.);
#2586 = DIRECTION('',(1.,0.));
#2587 = ( GEOMETRIC_REPRESENTATION_CONTEXT(2) 
PARAMETRIC_REPRESENTATION_CONTEXT() REPRESENTATION_CONTEXT('2D SPACE',''
  ) );
#2588 = FACE_BOUND('',#2589,.T.);
#2589 = EDGE_LOOP('',(#2590));
#2590 = ORIENTED_EDGE('',*,*,#2591,.T.);
#2591 = EDGE_CURVE('',#2592,#2592,#2594,.T.);
#2592 = VERTEX_POINT('',#2593);
#2593 = CARTESIAN_POINT('',(50.4,-100.,0.));
#2594 = SURFACE_CURVE('',#2595,(#2600,#2611),.PCURVE_S1.);
#2595 = CIRCLE('',#2596,0.4);
#2596 = AXIS2_PLACEMENT_3D('',#2597,#2598,#2599);
#2597 = CARTESIAN_POINT('',(50.,-100.,0.));
#2598 = DIRECTION('',(0.,0.,1.));
#2599 = DIRECTION('',(1.,0.,-0.));
#2600 = PCURVE('',#144,#2601);
#2601 = DEFINITIONAL_REPRESENTATION('',(#2602),#2610);
#2602 = ( BOUNDED_CURVE() B_SPLINE_CURVE(2,(#2603,#2604,#2605,#2606,
#2607,#2608,#2609),.UNSPECIFIED.,.T.,.F.) B_SPLINE_CURVE_WITH_KNOTS((1,2
    ,2,2,2,1),(-2.094395102393,0.,2.094395102393,4.188790204786,
6.28318530718,8.377580409573),.UNSPECIFIED.) CURVE() 
GEOMETRIC_REPRESENTATION_ITEM() RATIONAL_B_SPLINE_CURVE((1.,0.5,1.,0.5,
1.,0.5,1.)) REPRESENTATION_ITEM('') );
#2603 = CARTESIAN_POINT('',(-12.9,-45.));
#2604 = CARTESIAN_POINT('',(-12.9,-44.30717967697));
#2605 = CARTESIAN_POINT('',(-12.3,-44.65358983848));
#2606 = CARTESIAN_POINT('',(-11.7,-45.));
#2607 = CARTESIAN_POINT('',(-12.3,-45.34641016151));
#2608 = CARTESIAN_POINT('',(-12.9,-45.69282032302));
#2609 = CARTESIAN_POINT('',(-12.9,-45.));
#2610 = ( GEOMETRIC_REPRESENTATION_CONTEXT(2) 
PARAMETRIC_REPRESENTATION_CONTEXT() REPRESENTATION_CONTEXT('2D SPACE',''
  ) );
#2611 = PCURVE('',#2612,#2617);
#2612 = CYLINDRICAL_SURFACE('',#2613,0.4);
#2613 = AXIS2_PLACEMENT_3D('',#2614,#2615,#2616);
#2614 = CARTESIAN_POINT('',(50.,-100.,-1.E-02));
#2615 = DIRECTION('',(0.,0.,1.));
#2616 = DIRECTION('',(1.,0.,-0.));
#2617 = DEFINITIONAL_REPRESENTATION('',(#2618),#2622);
#2618 = LINE('',#2619,#2620);
#2619 = CARTESIAN_POINT('',(0.,1.E-02));
#2620 = VECTOR('',#2621,1.);
#2621 = DIRECTION('',(1.,0.));
#2622 = ( GEOMETRIC_REPRESENTATION_CONTEXT(2) 
PARAMETRIC_REPRESENTATION_CONTEXT() REPRESENTATION_CONTEXT('2D SPACE',''
  ) );
#2623 = FACE_BOUND('',#2624,.T.);
#2624 = EDGE_LOOP('',(#2625));
#2625 = ORIENTED_EDGE('',*,*,#2626,.T.);
#2626 = EDGE_CURVE('',#2627,#2627,#2629,.T.);
#2627 = VERTEX_POINT('',#2628);
#2628 = CARTESIAN_POINT('',(55.5,-84.,0.));
#2629 = SURFACE_CURVE('',#2630,(#2635,#2646),.PCURVE_S1.);
#2630 = CIRCLE('',#2631,0.5);
#2631 = AXIS2_PLACEMENT_3D('',#2632,#2633,#2634);
#2632 = CARTESIAN_POINT('',(55.,-84.,0.));
#2633 = DIRECTION('',(0.,0.,1.));
#2634 = DIRECTION('',(1.,0.,-0.));
#2635 = PCURVE('',#144,#2636);
#2636 = DEFINITIONAL_REPRESENTATION('',(#2637),#2645);
#2637 = ( BOUNDED_CURVE() B_SPLINE_CURVE(2,(#2638,#2639,#2640,#2641,
#2642,#2643,#2644),.UNSPECIFIED.,.T.,.F.) B_SPLINE_CURVE_WITH_KNOTS((1,2
    ,2,2,2,1),(-2.094395102393,0.,2.094395102393,4.188790204786,
6.28318530718,8.377580409573),.UNSPECIFIED.) CURVE() 
GEOMETRIC_REPRESENTATION_ITEM() RATIONAL_B_SPLINE_CURVE((1.,0.5,1.,0.5,
1.,0.5,1.)) REPRESENTATION_ITEM('') );
#2638 = CARTESIAN_POINT('',(-18.,-29.));
#2639 = CARTESIAN_POINT('',(-18.,-28.13397459621));
#2640 = CARTESIAN_POINT('',(-17.25,-28.5669872981));
#2641 = CARTESIAN_POINT('',(-16.5,-29.));
#2642 = CARTESIAN_POINT('',(-17.25,-29.43301270189));
#2643 = CARTESIAN_POINT('',(-18.,-29.86602540378));
#2644 = CARTESIAN_POINT('',(-18.,-29.));
#2645 = ( GEOMETRIC_REPRESENTATION_CONTEXT(2) 
PARAMETRIC_REPRESENTATION_CONTEXT() REPRESENTATION_CONTEXT('2D SPACE',''
  ) );
#2646 = PCURVE('',#2647,#2652);
#2647 = CYLINDRICAL_SURFACE('',#2648,0.5);
#2648 = AXIS2_PLACEMENT_3D('',#2649,#2650,#2651);
#2649 = CARTESIAN_POINT('',(55.,-84.,-1.E-02));
#2650 = DIRECTION('',(0.,0.,1.));
#2651 = DIRECTION('',(1.,0.,-0.));
#2652 = DEFINITIONAL_REPRESENTATION('',(#2653),#2657);
#2653 = LINE('',#2654,#2655);
#2654 = CARTESIAN_POINT('',(0.,1.E-02));
#2655 = VECTOR('',#2656,1.);
#2656 = DIRECTION('',(1.,0.));
#2657 = ( GEOMETRIC_REPRESENTATION_CONTEXT(2) 
PARAMETRIC_REPRESENTATION_CONTEXT() REPRESENTATION_CONTEXT('2D SPACE',''
  ) );
#2658 = FACE_BOUND('',#2659,.T.);
#2659 = EDGE_LOOP('',(#2660));
#2660 = ORIENTED_EDGE('',*,*,#2661,.T.);
#2661 = EDGE_CURVE('',#2662,#2662,#2664,.T.);
#2662 = VERTEX_POINT('',#2663);
#2663 = CARTESIAN_POINT('',(5.6,-106.,0.));
#2664 = SURFACE_CURVE('',#2665,(#2670,#2681),.PCURVE_S1.);
#2665 = CIRCLE('',#2666,1.6);
#2666 = AXIS2_PLACEMENT_3D('',#2667,#2668,#2669);
#2667 = CARTESIAN_POINT('',(4.,-106.,0.));
#2668 = DIRECTION('',(0.,0.,1.));
#2669 = DIRECTION('',(1.,0.,-0.));
#2670 = PCURVE('',#144,#2671);
#2671 = DEFINITIONAL_REPRESENTATION('',(#2672),#2680);
#2672 = ( BOUNDED_CURVE() B_SPLINE_CURVE(2,(#2673,#2674,#2675,#2676,
#2677,#2678,#2679),.UNSPECIFIED.,.T.,.F.) B_SPLINE_CURVE_WITH_KNOTS((1,2
    ,2,2,2,1),(-2.094395102393,0.,2.094395102393,4.188790204786,
6.28318530718,8.377580409573),.UNSPECIFIED.) CURVE() 
GEOMETRIC_REPRESENTATION_ITEM() RATIONAL_B_SPLINE_CURVE((1.,0.5,1.,0.5,
1.,0.5,1.)) REPRESENTATION_ITEM('') );
#2673 = CARTESIAN_POINT('',(31.9,-51.));
#2674 = CARTESIAN_POINT('',(31.9,-48.22871870789));
#2675 = CARTESIAN_POINT('',(34.3,-49.61435935394));
#2676 = CARTESIAN_POINT('',(36.7,-51.));
#2677 = CARTESIAN_POINT('',(34.3,-52.38564064605));
#2678 = CARTESIAN_POINT('',(31.9,-53.77128129211));
#2679 = CARTESIAN_POINT('',(31.9,-51.));
#2680 = ( GEOMETRIC_REPRESENTATION_CONTEXT(2) 
PARAMETRIC_REPRESENTATION_CONTEXT() REPRESENTATION_CONTEXT('2D SPACE',''
  ) );
#2681 = PCURVE('',#2682,#2687);
#2682 = CYLINDRICAL_SURFACE('',#2683,1.6);
#2683 = AXIS2_PLACEMENT_3D('',#2684,#2685,#2686);
#2684 = CARTESIAN_POINT('',(4.,-106.,-1.E-02));
#2685 = DIRECTION('',(0.,0.,1.));
#2686 = DIRECTION('',(1.,0.,-0.));
#2687 = DEFINITIONAL_REPRESENTATION('',(#2688),#2692);
#2688 = LINE('',#2689,#2690);
#2689 = CARTESIAN_POINT('',(0.,1.E-02));
#2690 = VECTOR('',#2691,1.);
#2691 = DIRECTION('',(1.,0.));
#2692 = ( GEOMETRIC_REPRESENTATION_CONTEXT(2) 
PARAMETRIC_REPRESENTATION_CONTEXT() REPRESENTATION_CONTEXT('2D SPACE',''
  ) );
#2693 = FACE_BOUND('',#2694,.T.);
#2694 = EDGE_LOOP('',(#2695));
#2695 = ORIENTED_EDGE('',*,*,#2696,.T.);
#2696 = EDGE_CURVE('',#2697,#2697,#2699,.T.);
#2697 = VERTEX_POINT('',#2698);
#2698 = CARTESIAN_POINT('',(32.5,-69.54,0.));
#2699 = SURFACE_CURVE('',#2700,(#2705,#2716),.PCURVE_S1.);
#2700 = CIRCLE('',#2701,0.5);
#2701 = AXIS2_PLACEMENT_3D('',#2702,#2703,#2704);
#2702 = CARTESIAN_POINT('',(32.,-69.54,0.));
#2703 = DIRECTION('',(0.,0.,1.));
#2704 = DIRECTION('',(1.,0.,-0.));
#2705 = PCURVE('',#144,#2706);
#2706 = DEFINITIONAL_REPRESENTATION('',(#2707),#2715);
#2707 = ( BOUNDED_CURVE() B_SPLINE_CURVE(2,(#2708,#2709,#2710,#2711,
#2712,#2713,#2714),.UNSPECIFIED.,.T.,.F.) B_SPLINE_CURVE_WITH_KNOTS((1,2
    ,2,2,2,1),(-2.094395102393,0.,2.094395102393,4.188790204786,
6.28318530718,8.377580409573),.UNSPECIFIED.) CURVE() 
GEOMETRIC_REPRESENTATION_ITEM() RATIONAL_B_SPLINE_CURVE((1.,0.5,1.,0.5,
1.,0.5,1.)) REPRESENTATION_ITEM('') );
#2708 = CARTESIAN_POINT('',(5.,-14.54));
#2709 = CARTESIAN_POINT('',(5.,-13.67397459621));
#2710 = CARTESIAN_POINT('',(5.75,-14.1069872981));
#2711 = CARTESIAN_POINT('',(6.5,-14.54));
#2712 = CARTESIAN_POINT('',(5.75,-14.97301270189));
#2713 = CARTESIAN_POINT('',(5.,-15.40602540378));
#2714 = CARTESIAN_POINT('',(5.,-14.54));
#2715 = ( GEOMETRIC_REPRESENTATION_CONTEXT(2) 
PARAMETRIC_REPRESENTATION_CONTEXT() REPRESENTATION_CONTEXT('2D SPACE',''
  ) );
#2716 = PCURVE('',#2717,#2722);
#2717 = CYLINDRICAL_SURFACE('',#2718,0.5);
#2718 = AXIS2_PLACEMENT_3D('',#2719,#2720,#2721);
#2719 = CARTESIAN_POINT('',(32.,-69.54,-1.E-02));
#2720 = DIRECTION('',(0.,0.,1.));
#2721 = DIRECTION('',(1.,0.,-0.));
#2722 = DEFINITIONAL_REPRESENTATION('',(#2723),#2727);
#2723 = LINE('',#2724,#2725);
#2724 = CARTESIAN_POINT('',(0.,1.E-02));
#2725 = VECTOR('',#2726,1.);
#2726 = DIRECTION('',(1.,0.));
#2727 = ( GEOMETRIC_REPRESENTATION_CONTEXT(2) 
PARAMETRIC_REPRESENTATION_CONTEXT() REPRESENTATION_CONTEXT('2D SPACE',''
  ) );
#2728 = FACE_BOUND('',#2729,.T.);
#2729 = EDGE_LOOP('',(#2730));
#2730 = ORIENTED_EDGE('',*,*,#2731,.T.);
#2731 = EDGE_CURVE('',#2732,#2732,#2734,.T.);
#2732 = VERTEX_POINT('',#2733);
#2733 = CARTESIAN_POINT('',(32.5,-67.,0.));
#2734 = SURFACE_CURVE('',#2735,(#2740,#2751),.PCURVE_S1.);
#2735 = CIRCLE('',#2736,0.5);
#2736 = AXIS2_PLACEMENT_3D('',#2737,#2738,#2739);
#2737 = CARTESIAN_POINT('',(32.,-67.,0.));
#2738 = DIRECTION('',(0.,0.,1.));
#2739 = DIRECTION('',(1.,0.,-0.));
#2740 = PCURVE('',#144,#2741);
#2741 = DEFINITIONAL_REPRESENTATION('',(#2742),#2750);
#2742 = ( BOUNDED_CURVE() B_SPLINE_CURVE(2,(#2743,#2744,#2745,#2746,
#2747,#2748,#2749),.UNSPECIFIED.,.T.,.F.) B_SPLINE_CURVE_WITH_KNOTS((1,2
    ,2,2,2,1),(-2.094395102393,0.,2.094395102393,4.188790204786,
6.28318530718,8.377580409573),.UNSPECIFIED.) CURVE() 
GEOMETRIC_REPRESENTATION_ITEM() RATIONAL_B_SPLINE_CURVE((1.,0.5,1.,0.5,
1.,0.5,1.)) REPRESENTATION_ITEM('') );
#2743 = CARTESIAN_POINT('',(5.,-12.));
#2744 = CARTESIAN_POINT('',(5.,-11.13397459621));
#2745 = CARTESIAN_POINT('',(5.75,-11.5669872981));
#2746 = CARTESIAN_POINT('',(6.5,-12.));
#2747 = CARTESIAN_POINT('',(5.75,-12.43301270189));
#2748 = CARTESIAN_POINT('',(5.,-12.86602540378));
#2749 = CARTESIAN_POINT('',(5.,-12.));
#2750 = ( GEOMETRIC_REPRESENTATION_CONTEXT(2) 
PARAMETRIC_REPRESENTATION_CONTEXT() REPRESENTATION_CONTEXT('2D SPACE',''
  ) );
#2751 = PCURVE('',#2752,#2757);
#2752 = CYLINDRICAL_SURFACE('',#2753,0.5);
#2753 = AXIS2_PLACEMENT_3D('',#2754,#2755,#2756);
#2754 = CARTESIAN_POINT('',(32.,-67.,-1.E-02));
#2755 = DIRECTION('',(0.,0.,1.));
#2756 = DIRECTION('',(1.,0.,-0.));
#2757 = DEFINITIONAL_REPRESENTATION('',(#2758),#2762);
#2758 = LINE('',#2759,#2760);
#2759 = CARTESIAN_POINT('',(0.,1.E-02));
#2760 = VECTOR('',#2761,1.);
#2761 = DIRECTION('',(1.,0.));
#2762 = ( GEOMETRIC_REPRESENTATION_CONTEXT(2) 
PARAMETRIC_REPRESENTATION_CONTEXT() REPRESENTATION_CONTEXT('2D SPACE',''
  ) );
#2763 = FACE_BOUND('',#2764,.T.);
#2764 = EDGE_LOOP('',(#2765));
#2765 = ORIENTED_EDGE('',*,*,#2766,.T.);
#2766 = EDGE_CURVE('',#2767,#2767,#2769,.T.);
#2767 = VERTEX_POINT('',#2768);
#2768 = CARTESIAN_POINT('',(72.6,-4.,0.));
#2769 = SURFACE_CURVE('',#2770,(#2775,#2786),.PCURVE_S1.);
#2770 = CIRCLE('',#2771,1.6);
#2771 = AXIS2_PLACEMENT_3D('',#2772,#2773,#2774);
#2772 = CARTESIAN_POINT('',(71.,-4.,0.));
#2773 = DIRECTION('',(0.,0.,1.));
#2774 = DIRECTION('',(1.,0.,-0.));
#2775 = PCURVE('',#144,#2776);
#2776 = DEFINITIONAL_REPRESENTATION('',(#2777),#2785);
#2777 = ( BOUNDED_CURVE() B_SPLINE_CURVE(2,(#2778,#2779,#2780,#2781,
#2782,#2783,#2784),.UNSPECIFIED.,.T.,.F.) B_SPLINE_CURVE_WITH_KNOTS((1,2
    ,2,2,2,1),(-2.094395102393,0.,2.094395102393,4.188790204786,
6.28318530718,8.377580409573),.UNSPECIFIED.) CURVE() 
GEOMETRIC_REPRESENTATION_ITEM() RATIONAL_B_SPLINE_CURVE((1.,0.5,1.,0.5,
1.,0.5,1.)) REPRESENTATION_ITEM('') );
#2778 = CARTESIAN_POINT('',(-35.1,51.));
#2779 = CARTESIAN_POINT('',(-35.1,53.77128129211));
#2780 = CARTESIAN_POINT('',(-32.7,52.385640646055));
#2781 = CARTESIAN_POINT('',(-30.3,51.));
#2782 = CARTESIAN_POINT('',(-32.7,49.614359353945));
#2783 = CARTESIAN_POINT('',(-35.1,48.22871870789));
#2784 = CARTESIAN_POINT('',(-35.1,51.));
#2785 = ( GEOMETRIC_REPRESENTATION_CONTEXT(2) 
PARAMETRIC_REPRESENTATION_CONTEXT() REPRESENTATION_CONTEXT('2D SPACE',''
  ) );
#2786 = PCURVE('',#2787,#2792);
#2787 = CYLINDRICAL_SURFACE('',#2788,1.6);
#2788 = AXIS2_PLACEMENT_3D('',#2789,#2790,#2791);
#2789 = CARTESIAN_POINT('',(71.,-4.,-1.E-02));
#2790 = DIRECTION('',(0.,0.,1.));
#2791 = DIRECTION('',(1.,0.,-0.));
#2792 = DEFINITIONAL_REPRESENTATION('',(#2793),#2797);
#2793 = LINE('',#2794,#2795);
#2794 = CARTESIAN_POINT('',(0.,1.E-02));
#2795 = VECTOR('',#2796,1.);
#2796 = DIRECTION('',(1.,0.));
#2797 = ( GEOMETRIC_REPRESENTATION_CONTEXT(2) 
PARAMETRIC_REPRESENTATION_CONTEXT() REPRESENTATION_CONTEXT('2D SPACE',''
  ) );
#2798 = FACE_BOUND('',#2799,.T.);
#2799 = EDGE_LOOP('',(#2800,#2830,#2858,#2886,#2914,#2942,#2970,#2998,
    #3026,#3054,#3082,#3110,#3138,#3166,#3194,#3222,#3250,#3278));
#2800 = ORIENTED_EDGE('',*,*,#2801,.F.);
#2801 = EDGE_CURVE('',#2802,#2804,#2806,.T.);
#2802 = VERTEX_POINT('',#2803);
#2803 = CARTESIAN_POINT('',(13.235671,-54.25903,0.));
#2804 = VERTEX_POINT('',#2805);
#2805 = CARTESIAN_POINT('',(13.316777,-54.313223,0.));
#2806 = SURFACE_CURVE('',#2807,(#2811,#2818),.PCURVE_S1.);
#2807 = LINE('',#2808,#2809);
#2808 = CARTESIAN_POINT('',(13.235671,-54.25903,0.));
#2809 = VECTOR('',#2810,1.);
#2810 = DIRECTION('',(0.831471016927,-0.555568130845,0.));
#2811 = PCURVE('',#144,#2812);
#2812 = DEFINITIONAL_REPRESENTATION('',(#2813),#2817);
#2813 = LINE('',#2814,#2815);
#2814 = CARTESIAN_POINT('',(24.264329,0.74097));
#2815 = VECTOR('',#2816,1.);
#2816 = DIRECTION('',(-0.831471016927,-0.555568130845));
#2817 = ( GEOMETRIC_REPRESENTATION_CONTEXT(2) 
PARAMETRIC_REPRESENTATION_CONTEXT() REPRESENTATION_CONTEXT('2D SPACE',''
  ) );
#2818 = PCURVE('',#2819,#2824);
#2819 = PLANE('',#2820);
#2820 = AXIS2_PLACEMENT_3D('',#2821,#2822,#2823);
#2821 = CARTESIAN_POINT('',(13.235671,-54.25903,0.));
#2822 = DIRECTION('',(0.555568130845,0.831471016927,-0.));
#2823 = DIRECTION('',(0.831471016927,-0.555568130845,0.));
#2824 = DEFINITIONAL_REPRESENTATION('',(#2825),#2829);
#2825 = LINE('',#2826,#2827);
#2826 = CARTESIAN_POINT('',(0.,0.));
#2827 = VECTOR('',#2828,1.);
#2828 = DIRECTION('',(1.,0.));
#2829 = ( GEOMETRIC_REPRESENTATION_CONTEXT(2) 
PARAMETRIC_REPRESENTATION_CONTEXT() REPRESENTATION_CONTEXT('2D SPACE',''
  ) );
#2830 = ORIENTED_EDGE('',*,*,#2831,.F.);
#2831 = EDGE_CURVE('',#2832,#2802,#2834,.T.);
#2832 = VERTEX_POINT('',#2833);
#2833 = CARTESIAN_POINT('',(13.14,-54.24,0.));
#2834 = SURFACE_CURVE('',#2835,(#2839,#2846),.PCURVE_S1.);
#2835 = LINE('',#2836,#2837);
#2836 = CARTESIAN_POINT('',(13.14,-54.24,0.));
#2837 = VECTOR('',#2838,1.);
#2838 = DIRECTION('',(0.980785565025,-0.195088891121,0.));
#2839 = PCURVE('',#144,#2840);
#2840 = DEFINITIONAL_REPRESENTATION('',(#2841),#2845);
#2841 = LINE('',#2842,#2843);
#2842 = CARTESIAN_POINT('',(24.36,0.76));
#2843 = VECTOR('',#2844,1.);
#2844 = DIRECTION('',(-0.980785565025,-0.195088891121));
#2845 = ( GEOMETRIC_REPRESENTATION_CONTEXT(2) 
PARAMETRIC_REPRESENTATION_CONTEXT() REPRESENTATION_CONTEXT('2D SPACE',''
  ) );
#2846 = PCURVE('',#2847,#2852);
#2847 = PLANE('',#2848);
#2848 = AXIS2_PLACEMENT_3D('',#2849,#2850,#2851);
#2849 = CARTESIAN_POINT('',(13.14,-54.24,0.));
#2850 = DIRECTION('',(0.195088891121,0.980785565025,-0.));
#2851 = DIRECTION('',(0.980785565025,-0.195088891121,0.));
#2852 = DEFINITIONAL_REPRESENTATION('',(#2853),#2857);
#2853 = LINE('',#2854,#2855);
#2854 = CARTESIAN_POINT('',(0.,0.));
#2855 = VECTOR('',#2856,1.);
#2856 = DIRECTION('',(1.,0.));
#2857 = ( GEOMETRIC_REPRESENTATION_CONTEXT(2) 
PARAMETRIC_REPRESENTATION_CONTEXT() REPRESENTATION_CONTEXT('2D SPACE',''
  ) );
#2858 = ORIENTED_EDGE('',*,*,#2859,.F.);
#2859 = EDGE_CURVE('',#2860,#2832,#2862,.T.);
#2860 = VERTEX_POINT('',#2861);
#2861 = CARTESIAN_POINT('',(12.54,-54.24,0.));
#2862 = SURFACE_CURVE('',#2863,(#2867,#2874),.PCURVE_S1.);
#2863 = LINE('',#2864,#2865);
#2864 = CARTESIAN_POINT('',(12.54,-54.24,0.));
#2865 = VECTOR('',#2866,1.);
#2866 = DIRECTION('',(1.,0.,0.));
#2867 = PCURVE('',#144,#2868);
#2868 = DEFINITIONAL_REPRESENTATION('',(#2869),#2873);
#2869 = LINE('',#2870,#2871);
#2870 = CARTESIAN_POINT('',(24.96,0.76));
#2871 = VECTOR('',#2872,1.);
#2872 = DIRECTION('',(-1.,0.));
#2873 = ( GEOMETRIC_REPRESENTATION_CONTEXT(2) 
PARAMETRIC_REPRESENTATION_CONTEXT() REPRESENTATION_CONTEXT('2D SPACE',''
  ) );
#2874 = PCURVE('',#2875,#2880);
#2875 = PLANE('',#2876);
#2876 = AXIS2_PLACEMENT_3D('',#2877,#2878,#2879);
#2877 = CARTESIAN_POINT('',(12.54,-54.24,0.));
#2878 = DIRECTION('',(0.,1.,0.));
#2879 = DIRECTION('',(1.,0.,0.));
#2880 = DEFINITIONAL_REPRESENTATION('',(#2881),#2885);
#2881 = LINE('',#2882,#2883);
#2882 = CARTESIAN_POINT('',(0.,0.));
#2883 = VECTOR('',#2884,1.);
#2884 = DIRECTION('',(1.,0.));
#2885 = ( GEOMETRIC_REPRESENTATION_CONTEXT(2) 
PARAMETRIC_REPRESENTATION_CONTEXT() REPRESENTATION_CONTEXT('2D SPACE',''
  ) );
#2886 = ORIENTED_EDGE('',*,*,#2887,.F.);
#2887 = EDGE_CURVE('',#2888,#2860,#2890,.T.);
#2888 = VERTEX_POINT('',#2889);
#2889 = CARTESIAN_POINT('',(12.444329,-54.25903,0.));
#2890 = SURFACE_CURVE('',#2891,(#2895,#2902),.PCURVE_S1.);
#2891 = LINE('',#2892,#2893);
#2892 = CARTESIAN_POINT('',(12.444329,-54.25903,0.));
#2893 = VECTOR('',#2894,1.);
#2894 = DIRECTION('',(0.980785565025,0.195088891121,0.));
#2895 = PCURVE('',#144,#2896);
#2896 = DEFINITIONAL_REPRESENTATION('',(#2897),#2901);
#2897 = LINE('',#2898,#2899);
#2898 = CARTESIAN_POINT('',(25.055671,0.74097));
#2899 = VECTOR('',#2900,1.);
#2900 = DIRECTION('',(-0.980785565025,0.195088891121));
#2901 = ( GEOMETRIC_REPRESENTATION_CONTEXT(2) 
PARAMETRIC_REPRESENTATION_CONTEXT() REPRESENTATION_CONTEXT('2D SPACE',''
  ) );
#2902 = PCURVE('',#2903,#2908);
#2903 = PLANE('',#2904);
#2904 = AXIS2_PLACEMENT_3D('',#2905,#2906,#2907);
#2905 = CARTESIAN_POINT('',(12.444329,-54.25903,0.));
#2906 = DIRECTION('',(-0.195088891121,0.980785565025,0.));
#2907 = DIRECTION('',(0.980785565025,0.195088891121,0.));
#2908 = DEFINITIONAL_REPRESENTATION('',(#2909),#2913);
#2909 = LINE('',#2910,#2911);
#2910 = CARTESIAN_POINT('',(0.,0.));
#2911 = VECTOR('',#2912,1.);
#2912 = DIRECTION('',(1.,0.));
#2913 = ( GEOMETRIC_REPRESENTATION_CONTEXT(2) 
PARAMETRIC_REPRESENTATION_CONTEXT() REPRESENTATION_CONTEXT('2D SPACE',''
  ) );
#2914 = ORIENTED_EDGE('',*,*,#2915,.F.);
#2915 = EDGE_CURVE('',#2916,#2888,#2918,.T.);
#2916 = VERTEX_POINT('',#2917);
#2917 = CARTESIAN_POINT('',(12.363223,-54.313223,0.));
#2918 = SURFACE_CURVE('',#2919,(#2923,#2930),.PCURVE_S1.);
#2919 = LINE('',#2920,#2921);
#2920 = CARTESIAN_POINT('',(12.363223,-54.313223,0.));
#2921 = VECTOR('',#2922,1.);
#2922 = DIRECTION('',(0.831471016927,0.555568130845,0.));
#2923 = PCURVE('',#144,#2924);
#2924 = DEFINITIONAL_REPRESENTATION('',(#2925),#2929);
#2925 = LINE('',#2926,#2927);
#2926 = CARTESIAN_POINT('',(25.136777,0.686777));
#2927 = VECTOR('',#2928,1.);
#2928 = DIRECTION('',(-0.831471016927,0.555568130845));
#2929 = ( GEOMETRIC_REPRESENTATION_CONTEXT(2) 
PARAMETRIC_REPRESENTATION_CONTEXT() REPRESENTATION_CONTEXT('2D SPACE',''
  ) );
#2930 = PCURVE('',#2931,#2936);
#2931 = PLANE('',#2932);
#2932 = AXIS2_PLACEMENT_3D('',#2933,#2934,#2935);
#2933 = CARTESIAN_POINT('',(12.363223,-54.313223,0.));
#2934 = DIRECTION('',(-0.555568130845,0.831471016927,0.));
#2935 = DIRECTION('',(0.831471016927,0.555568130845,0.));
#2936 = DEFINITIONAL_REPRESENTATION('',(#2937),#2941);
#2937 = LINE('',#2938,#2939);
#2938 = CARTESIAN_POINT('',(0.,0.));
#2939 = VECTOR('',#2940,1.);
#2940 = DIRECTION('',(1.,0.));
#2941 = ( GEOMETRIC_REPRESENTATION_CONTEXT(2) 
PARAMETRIC_REPRESENTATION_CONTEXT() REPRESENTATION_CONTEXT('2D SPACE',''
  ) );
#2942 = ORIENTED_EDGE('',*,*,#2943,.F.);
#2943 = EDGE_CURVE('',#2944,#2916,#2946,.T.);
#2944 = VERTEX_POINT('',#2945);
#2945 = CARTESIAN_POINT('',(12.30903,-54.394329,0.));
#2946 = SURFACE_CURVE('',#2947,(#2951,#2958),.PCURVE_S1.);
#2947 = LINE('',#2948,#2949);
#2948 = CARTESIAN_POINT('',(12.30903,-54.394329,0.));
#2949 = VECTOR('',#2950,1.);
#2950 = DIRECTION('',(0.555568130845,0.831471016927,0.));
#2951 = PCURVE('',#144,#2952);
#2952 = DEFINITIONAL_REPRESENTATION('',(#2953),#2957);
#2953 = LINE('',#2954,#2955);
#2954 = CARTESIAN_POINT('',(25.19097,0.605671));
#2955 = VECTOR('',#2956,1.);
#2956 = DIRECTION('',(-0.555568130845,0.831471016927));
#2957 = ( GEOMETRIC_REPRESENTATION_CONTEXT(2) 
PARAMETRIC_REPRESENTATION_CONTEXT() REPRESENTATION_CONTEXT('2D SPACE',''
  ) );
#2958 = PCURVE('',#2959,#2964);
#2959 = PLANE('',#2960);
#2960 = AXIS2_PLACEMENT_3D('',#2961,#2962,#2963);
#2961 = CARTESIAN_POINT('',(12.30903,-54.394329,0.));
#2962 = DIRECTION('',(-0.831471016927,0.555568130845,0.));
#2963 = DIRECTION('',(0.555568130845,0.831471016927,0.));
#2964 = DEFINITIONAL_REPRESENTATION('',(#2965),#2969);
#2965 = LINE('',#2966,#2967);
#2966 = CARTESIAN_POINT('',(0.,0.));
#2967 = VECTOR('',#2968,1.);
#2968 = DIRECTION('',(1.,0.));
#2969 = ( GEOMETRIC_REPRESENTATION_CONTEXT(2) 
PARAMETRIC_REPRESENTATION_CONTEXT() REPRESENTATION_CONTEXT('2D SPACE',''
  ) );
#2970 = ORIENTED_EDGE('',*,*,#2971,.F.);
#2971 = EDGE_CURVE('',#2972,#2944,#2974,.T.);
#2972 = VERTEX_POINT('',#2973);
#2973 = CARTESIAN_POINT('',(12.29,-54.49,0.));
#2974 = SURFACE_CURVE('',#2975,(#2979,#2986),.PCURVE_S1.);
#2975 = LINE('',#2976,#2977);
#2976 = CARTESIAN_POINT('',(12.29,-54.49,0.));
#2977 = VECTOR('',#2978,1.);
#2978 = DIRECTION('',(0.195088891121,0.980785565025,0.));
#2979 = PCURVE('',#144,#2980);
#2980 = DEFINITIONAL_REPRESENTATION('',(#2981),#2985);
#2981 = LINE('',#2982,#2983);
#2982 = CARTESIAN_POINT('',(25.21,0.51));
#2983 = VECTOR('',#2984,1.);
#2984 = DIRECTION('',(-0.195088891121,0.980785565025));
#2985 = ( GEOMETRIC_REPRESENTATION_CONTEXT(2) 
PARAMETRIC_REPRESENTATION_CONTEXT() REPRESENTATION_CONTEXT('2D SPACE',''
  ) );
#2986 = PCURVE('',#2987,#2992);
#2987 = PLANE('',#2988);
#2988 = AXIS2_PLACEMENT_3D('',#2989,#2990,#2991);
#2989 = CARTESIAN_POINT('',(12.29,-54.49,0.));
#2990 = DIRECTION('',(-0.980785565025,0.195088891121,0.));
#2991 = DIRECTION('',(0.195088891121,0.980785565025,0.));
#2992 = DEFINITIONAL_REPRESENTATION('',(#2993),#2997);
#2993 = LINE('',#2994,#2995);
#2994 = CARTESIAN_POINT('',(0.,0.));
#2995 = VECTOR('',#2996,1.);
#2996 = DIRECTION('',(1.,0.));
#2997 = ( GEOMETRIC_REPRESENTATION_CONTEXT(2) 
PARAMETRIC_REPRESENTATION_CONTEXT() REPRESENTATION_CONTEXT('2D SPACE',''
  ) );
#2998 = ORIENTED_EDGE('',*,*,#2999,.F.);
#2999 = EDGE_CURVE('',#3000,#2972,#3002,.T.);
#3000 = VERTEX_POINT('',#3001);
#3001 = CARTESIAN_POINT('',(12.30903,-54.585671,0.));
#3002 = SURFACE_CURVE('',#3003,(#3007,#3014),.PCURVE_S1.);
#3003 = LINE('',#3004,#3005);
#3004 = CARTESIAN_POINT('',(12.30903,-54.585671,0.));
#3005 = VECTOR('',#3006,1.);
#3006 = DIRECTION('',(-0.195088891121,0.980785565025,0.));
#3007 = PCURVE('',#144,#3008);
#3008 = DEFINITIONAL_REPRESENTATION('',(#3009),#3013);
#3009 = LINE('',#3010,#3011);
#3010 = CARTESIAN_POINT('',(25.19097,0.414329));
#3011 = VECTOR('',#3012,1.);
#3012 = DIRECTION('',(0.195088891121,0.980785565025));
#3013 = ( GEOMETRIC_REPRESENTATION_CONTEXT(2) 
PARAMETRIC_REPRESENTATION_CONTEXT() REPRESENTATION_CONTEXT('2D SPACE',''
  ) );
#3014 = PCURVE('',#3015,#3020);
#3015 = PLANE('',#3016);
#3016 = AXIS2_PLACEMENT_3D('',#3017,#3018,#3019);
#3017 = CARTESIAN_POINT('',(12.30903,-54.585671,0.));
#3018 = DIRECTION('',(-0.980785565025,-0.195088891121,0.));
#3019 = DIRECTION('',(-0.195088891121,0.980785565025,0.));
#3020 = DEFINITIONAL_REPRESENTATION('',(#3021),#3025);
#3021 = LINE('',#3022,#3023);
#3022 = CARTESIAN_POINT('',(0.,0.));
#3023 = VECTOR('',#3024,1.);
#3024 = DIRECTION('',(1.,0.));
#3025 = ( GEOMETRIC_REPRESENTATION_CONTEXT(2) 
PARAMETRIC_REPRESENTATION_CONTEXT() REPRESENTATION_CONTEXT('2D SPACE',''
  ) );
#3026 = ORIENTED_EDGE('',*,*,#3027,.F.);
#3027 = EDGE_CURVE('',#3028,#3000,#3030,.T.);
#3028 = VERTEX_POINT('',#3029);
#3029 = CARTESIAN_POINT('',(12.363223,-54.666777,0.));
#3030 = SURFACE_CURVE('',#3031,(#3035,#3042),.PCURVE_S1.);
#3031 = LINE('',#3032,#3033);
#3032 = CARTESIAN_POINT('',(12.363223,-54.666777,0.));
#3033 = VECTOR('',#3034,1.);
#3034 = DIRECTION('',(-0.555568130845,0.831471016927,0.));
#3035 = PCURVE('',#144,#3036);
#3036 = DEFINITIONAL_REPRESENTATION('',(#3037),#3041);
#3037 = LINE('',#3038,#3039);
#3038 = CARTESIAN_POINT('',(25.136777,0.333223));
#3039 = VECTOR('',#3040,1.);
#3040 = DIRECTION('',(0.555568130845,0.831471016927));
#3041 = ( GEOMETRIC_REPRESENTATION_CONTEXT(2) 
PARAMETRIC_REPRESENTATION_CONTEXT() REPRESENTATION_CONTEXT('2D SPACE',''
  ) );
#3042 = PCURVE('',#3043,#3048);
#3043 = PLANE('',#3044);
#3044 = AXIS2_PLACEMENT_3D('',#3045,#3046,#3047);
#3045 = CARTESIAN_POINT('',(12.363223,-54.666777,0.));
#3046 = DIRECTION('',(-0.831471016927,-0.555568130845,0.));
#3047 = DIRECTION('',(-0.555568130845,0.831471016927,0.));
#3048 = DEFINITIONAL_REPRESENTATION('',(#3049),#3053);
#3049 = LINE('',#3050,#3051);
#3050 = CARTESIAN_POINT('',(0.,0.));
#3051 = VECTOR('',#3052,1.);
#3052 = DIRECTION('',(1.,0.));
#3053 = ( GEOMETRIC_REPRESENTATION_CONTEXT(2) 
PARAMETRIC_REPRESENTATION_CONTEXT() REPRESENTATION_CONTEXT('2D SPACE',''
  ) );
#3054 = ORIENTED_EDGE('',*,*,#3055,.F.);
#3055 = EDGE_CURVE('',#3056,#3028,#3058,.T.);
#3056 = VERTEX_POINT('',#3057);
#3057 = CARTESIAN_POINT('',(12.444329,-54.72097,0.));
#3058 = SURFACE_CURVE('',#3059,(#3063,#3070),.PCURVE_S1.);
#3059 = LINE('',#3060,#3061);
#3060 = CARTESIAN_POINT('',(12.444329,-54.72097,0.));
#3061 = VECTOR('',#3062,1.);
#3062 = DIRECTION('',(-0.831471016927,0.555568130845,0.));
#3063 = PCURVE('',#144,#3064);
#3064 = DEFINITIONAL_REPRESENTATION('',(#3065),#3069);
#3065 = LINE('',#3066,#3067);
#3066 = CARTESIAN_POINT('',(25.055671,0.27903));
#3067 = VECTOR('',#3068,1.);
#3068 = DIRECTION('',(0.831471016927,0.555568130845));
#3069 = ( GEOMETRIC_REPRESENTATION_CONTEXT(2) 
PARAMETRIC_REPRESENTATION_CONTEXT() REPRESENTATION_CONTEXT('2D SPACE',''
  ) );
#3070 = PCURVE('',#3071,#3076);
#3071 = PLANE('',#3072);
#3072 = AXIS2_PLACEMENT_3D('',#3073,#3074,#3075);
#3073 = CARTESIAN_POINT('',(12.444329,-54.72097,0.));
#3074 = DIRECTION('',(-0.555568130845,-0.831471016927,0.));
#3075 = DIRECTION('',(-0.831471016927,0.555568130845,0.));
#3076 = DEFINITIONAL_REPRESENTATION('',(#3077),#3081);
#3077 = LINE('',#3078,#3079);
#3078 = CARTESIAN_POINT('',(0.,0.));
#3079 = VECTOR('',#3080,1.);
#3080 = DIRECTION('',(1.,0.));
#3081 = ( GEOMETRIC_REPRESENTATION_CONTEXT(2) 
PARAMETRIC_REPRESENTATION_CONTEXT() REPRESENTATION_CONTEXT('2D SPACE',''
  ) );
#3082 = ORIENTED_EDGE('',*,*,#3083,.F.);
#3083 = EDGE_CURVE('',#3084,#3056,#3086,.T.);
#3084 = VERTEX_POINT('',#3085);
#3085 = CARTESIAN_POINT('',(12.54,-54.74,0.));
#3086 = SURFACE_CURVE('',#3087,(#3091,#3098),.PCURVE_S1.);
#3087 = LINE('',#3088,#3089);
#3088 = CARTESIAN_POINT('',(12.54,-54.74,0.));
#3089 = VECTOR('',#3090,1.);
#3090 = DIRECTION('',(-0.980785565025,0.195088891121,0.));
#3091 = PCURVE('',#144,#3092);
#3092 = DEFINITIONAL_REPRESENTATION('',(#3093),#3097);
#3093 = LINE('',#3094,#3095);
#3094 = CARTESIAN_POINT('',(24.96,0.26));
#3095 = VECTOR('',#3096,1.);
#3096 = DIRECTION('',(0.980785565025,0.195088891121));
#3097 = ( GEOMETRIC_REPRESENTATION_CONTEXT(2) 
PARAMETRIC_REPRESENTATION_CONTEXT() REPRESENTATION_CONTEXT('2D SPACE',''
  ) );
#3098 = PCURVE('',#3099,#3104);
#3099 = PLANE('',#3100);
#3100 = AXIS2_PLACEMENT_3D('',#3101,#3102,#3103);
#3101 = CARTESIAN_POINT('',(12.54,-54.74,0.));
#3102 = DIRECTION('',(-0.195088891121,-0.980785565025,0.));
#3103 = DIRECTION('',(-0.980785565025,0.195088891121,0.));
#3104 = DEFINITIONAL_REPRESENTATION('',(#3105),#3109);
#3105 = LINE('',#3106,#3107);
#3106 = CARTESIAN_POINT('',(0.,0.));
#3107 = VECTOR('',#3108,1.);
#3108 = DIRECTION('',(1.,0.));
#3109 = ( GEOMETRIC_REPRESENTATION_CONTEXT(2) 
PARAMETRIC_REPRESENTATION_CONTEXT() REPRESENTATION_CONTEXT('2D SPACE',''
  ) );
#3110 = ORIENTED_EDGE('',*,*,#3111,.F.);
#3111 = EDGE_CURVE('',#3112,#3084,#3114,.T.);
#3112 = VERTEX_POINT('',#3113);
#3113 = CARTESIAN_POINT('',(13.14,-54.74,0.));
#3114 = SURFACE_CURVE('',#3115,(#3119,#3126),.PCURVE_S1.);
#3115 = LINE('',#3116,#3117);
#3116 = CARTESIAN_POINT('',(13.14,-54.74,0.));
#3117 = VECTOR('',#3118,1.);
#3118 = DIRECTION('',(-1.,0.,0.));
#3119 = PCURVE('',#144,#3120);
#3120 = DEFINITIONAL_REPRESENTATION('',(#3121),#3125);
#3121 = LINE('',#3122,#3123);
#3122 = CARTESIAN_POINT('',(24.36,0.26));
#3123 = VECTOR('',#3124,1.);
#3124 = DIRECTION('',(1.,0.));
#3125 = ( GEOMETRIC_REPRESENTATION_CONTEXT(2) 
PARAMETRIC_REPRESENTATION_CONTEXT() REPRESENTATION_CONTEXT('2D SPACE',''
  ) );
#3126 = PCURVE('',#3127,#3132);
#3127 = PLANE('',#3128);
#3128 = AXIS2_PLACEMENT_3D('',#3129,#3130,#3131);
#3129 = CARTESIAN_POINT('',(13.14,-54.74,0.));
#3130 = DIRECTION('',(0.,-1.,0.));
#3131 = DIRECTION('',(-1.,0.,0.));
#3132 = DEFINITIONAL_REPRESENTATION('',(#3133),#3137);
#3133 = LINE('',#3134,#3135);
#3134 = CARTESIAN_POINT('',(0.,-0.));
#3135 = VECTOR('',#3136,1.);
#3136 = DIRECTION('',(1.,0.));
#3137 = ( GEOMETRIC_REPRESENTATION_CONTEXT(2) 
PARAMETRIC_REPRESENTATION_CONTEXT() REPRESENTATION_CONTEXT('2D SPACE',''
  ) );
#3138 = ORIENTED_EDGE('',*,*,#3139,.F.);
#3139 = EDGE_CURVE('',#3140,#3112,#3142,.T.);
#3140 = VERTEX_POINT('',#3141);
#3141 = CARTESIAN_POINT('',(13.235671,-54.72097,0.));
#3142 = SURFACE_CURVE('',#3143,(#3147,#3154),.PCURVE_S1.);
#3143 = LINE('',#3144,#3145);
#3144 = CARTESIAN_POINT('',(13.235671,-54.72097,0.));
#3145 = VECTOR('',#3146,1.);
#3146 = DIRECTION('',(-0.980785565025,-0.195088891121,0.));
#3147 = PCURVE('',#144,#3148);
#3148 = DEFINITIONAL_REPRESENTATION('',(#3149),#3153);
#3149 = LINE('',#3150,#3151);
#3150 = CARTESIAN_POINT('',(24.264329,0.27903));
#3151 = VECTOR('',#3152,1.);
#3152 = DIRECTION('',(0.980785565025,-0.195088891121));
#3153 = ( GEOMETRIC_REPRESENTATION_CONTEXT(2) 
PARAMETRIC_REPRESENTATION_CONTEXT() REPRESENTATION_CONTEXT('2D SPACE',''
  ) );
#3154 = PCURVE('',#3155,#3160);
#3155 = PLANE('',#3156);
#3156 = AXIS2_PLACEMENT_3D('',#3157,#3158,#3159);
#3157 = CARTESIAN_POINT('',(13.235671,-54.72097,0.));
#3158 = DIRECTION('',(0.195088891121,-0.980785565025,0.));
#3159 = DIRECTION('',(-0.980785565025,-0.195088891121,0.));
#3160 = DEFINITIONAL_REPRESENTATION('',(#3161),#3165);
#3161 = LINE('',#3162,#3163);
#3162 = CARTESIAN_POINT('',(0.,0.));
#3163 = VECTOR('',#3164,1.);
#3164 = DIRECTION('',(1.,0.));
#3165 = ( GEOMETRIC_REPRESENTATION_CONTEXT(2) 
PARAMETRIC_REPRESENTATION_CONTEXT() REPRESENTATION_CONTEXT('2D SPACE',''
  ) );
#3166 = ORIENTED_EDGE('',*,*,#3167,.F.);
#3167 = EDGE_CURVE('',#3168,#3140,#3170,.T.);
#3168 = VERTEX_POINT('',#3169);
#3169 = CARTESIAN_POINT('',(13.316777,-54.666777,0.));
#3170 = SURFACE_CURVE('',#3171,(#3175,#3182),.PCURVE_S1.);
#3171 = LINE('',#3172,#3173);
#3172 = CARTESIAN_POINT('',(13.316777,-54.666777,0.));
#3173 = VECTOR('',#3174,1.);
#3174 = DIRECTION('',(-0.831471016927,-0.555568130845,0.));
#3175 = PCURVE('',#144,#3176);
#3176 = DEFINITIONAL_REPRESENTATION('',(#3177),#3181);
#3177 = LINE('',#3178,#3179);
#3178 = CARTESIAN_POINT('',(24.183223,0.333223));
#3179 = VECTOR('',#3180,1.);
#3180 = DIRECTION('',(0.831471016927,-0.555568130845));
#3181 = ( GEOMETRIC_REPRESENTATION_CONTEXT(2) 
PARAMETRIC_REPRESENTATION_CONTEXT() REPRESENTATION_CONTEXT('2D SPACE',''
  ) );
#3182 = PCURVE('',#3183,#3188);
#3183 = PLANE('',#3184);
#3184 = AXIS2_PLACEMENT_3D('',#3185,#3186,#3187);
#3185 = CARTESIAN_POINT('',(13.316777,-54.666777,0.));
#3186 = DIRECTION('',(0.555568130845,-0.831471016927,0.));
#3187 = DIRECTION('',(-0.831471016927,-0.555568130845,0.));
#3188 = DEFINITIONAL_REPRESENTATION('',(#3189),#3193);
#3189 = LINE('',#3190,#3191);
#3190 = CARTESIAN_POINT('',(0.,0.));
#3191 = VECTOR('',#3192,1.);
#3192 = DIRECTION('',(1.,0.));
#3193 = ( GEOMETRIC_REPRESENTATION_CONTEXT(2) 
PARAMETRIC_REPRESENTATION_CONTEXT() REPRESENTATION_CONTEXT('2D SPACE',''
  ) );
#3194 = ORIENTED_EDGE('',*,*,#3195,.F.);
#3195 = EDGE_CURVE('',#3196,#3168,#3198,.T.);
#3196 = VERTEX_POINT('',#3197);
#3197 = CARTESIAN_POINT('',(13.37097,-54.585671,0.));
#3198 = SURFACE_CURVE('',#3199,(#3203,#3210),.PCURVE_S1.);
#3199 = LINE('',#3200,#3201);
#3200 = CARTESIAN_POINT('',(13.37097,-54.585671,0.));
#3201 = VECTOR('',#3202,1.);
#3202 = DIRECTION('',(-0.555568130845,-0.831471016927,0.));
#3203 = PCURVE('',#144,#3204);
#3204 = DEFINITIONAL_REPRESENTATION('',(#3205),#3209);
#3205 = LINE('',#3206,#3207);
#3206 = CARTESIAN_POINT('',(24.12903,0.414329));
#3207 = VECTOR('',#3208,1.);
#3208 = DIRECTION('',(0.555568130845,-0.831471016927));
#3209 = ( GEOMETRIC_REPRESENTATION_CONTEXT(2) 
PARAMETRIC_REPRESENTATION_CONTEXT() REPRESENTATION_CONTEXT('2D SPACE',''
  ) );
#3210 = PCURVE('',#3211,#3216);
#3211 = PLANE('',#3212);
#3212 = AXIS2_PLACEMENT_3D('',#3213,#3214,#3215);
#3213 = CARTESIAN_POINT('',(13.37097,-54.585671,0.));
#3214 = DIRECTION('',(0.831471016927,-0.555568130845,0.));
#3215 = DIRECTION('',(-0.555568130845,-0.831471016927,0.));
#3216 = DEFINITIONAL_REPRESENTATION('',(#3217),#3221);
#3217 = LINE('',#3218,#3219);
#3218 = CARTESIAN_POINT('',(0.,0.));
#3219 = VECTOR('',#3220,1.);
#3220 = DIRECTION('',(1.,0.));
#3221 = ( GEOMETRIC_REPRESENTATION_CONTEXT(2) 
PARAMETRIC_REPRESENTATION_CONTEXT() REPRESENTATION_CONTEXT('2D SPACE',''
  ) );
#3222 = ORIENTED_EDGE('',*,*,#3223,.F.);
#3223 = EDGE_CURVE('',#3224,#3196,#3226,.T.);
#3224 = VERTEX_POINT('',#3225);
#3225 = CARTESIAN_POINT('',(13.39,-54.49,0.));
#3226 = SURFACE_CURVE('',#3227,(#3231,#3238),.PCURVE_S1.);
#3227 = LINE('',#3228,#3229);
#3228 = CARTESIAN_POINT('',(13.39,-54.49,0.));
#3229 = VECTOR('',#3230,1.);
#3230 = DIRECTION('',(-0.195088891121,-0.980785565025,0.));
#3231 = PCURVE('',#144,#3232);
#3232 = DEFINITIONAL_REPRESENTATION('',(#3233),#3237);
#3233 = LINE('',#3234,#3235);
#3234 = CARTESIAN_POINT('',(24.11,0.51));
#3235 = VECTOR('',#3236,1.);
#3236 = DIRECTION('',(0.195088891121,-0.980785565025));
#3237 = ( GEOMETRIC_REPRESENTATION_CONTEXT(2) 
PARAMETRIC_REPRESENTATION_CONTEXT() REPRESENTATION_CONTEXT('2D SPACE',''
  ) );
#3238 = PCURVE('',#3239,#3244);
#3239 = PLANE('',#3240);
#3240 = AXIS2_PLACEMENT_3D('',#3241,#3242,#3243);
#3241 = CARTESIAN_POINT('',(13.39,-54.49,0.));
#3242 = DIRECTION('',(0.980785565025,-0.195088891121,0.));
#3243 = DIRECTION('',(-0.195088891121,-0.980785565025,0.));
#3244 = DEFINITIONAL_REPRESENTATION('',(#3245),#3249);
#3245 = LINE('',#3246,#3247);
#3246 = CARTESIAN_POINT('',(0.,0.));
#3247 = VECTOR('',#3248,1.);
#3248 = DIRECTION('',(1.,0.));
#3249 = ( GEOMETRIC_REPRESENTATION_CONTEXT(2) 
PARAMETRIC_REPRESENTATION_CONTEXT() REPRESENTATION_CONTEXT('2D SPACE',''
  ) );
#3250 = ORIENTED_EDGE('',*,*,#3251,.F.);
#3251 = EDGE_CURVE('',#3252,#3224,#3254,.T.);
#3252 = VERTEX_POINT('',#3253);
#3253 = CARTESIAN_POINT('',(13.37097,-54.394329,0.));
#3254 = SURFACE_CURVE('',#3255,(#3259,#3266),.PCURVE_S1.);
#3255 = LINE('',#3256,#3257);
#3256 = CARTESIAN_POINT('',(13.37097,-54.394329,0.));
#3257 = VECTOR('',#3258,1.);
#3258 = DIRECTION('',(0.195088891121,-0.980785565025,0.));
#3259 = PCURVE('',#144,#3260);
#3260 = DEFINITIONAL_REPRESENTATION('',(#3261),#3265);
#3261 = LINE('',#3262,#3263);
#3262 = CARTESIAN_POINT('',(24.12903,0.605671));
#3263 = VECTOR('',#3264,1.);
#3264 = DIRECTION('',(-0.195088891121,-0.980785565025));
#3265 = ( GEOMETRIC_REPRESENTATION_CONTEXT(2) 
PARAMETRIC_REPRESENTATION_CONTEXT() REPRESENTATION_CONTEXT('2D SPACE',''
  ) );
#3266 = PCURVE('',#3267,#3272);
#3267 = PLANE('',#3268);
#3268 = AXIS2_PLACEMENT_3D('',#3269,#3270,#3271);
#3269 = CARTESIAN_POINT('',(13.37097,-54.394329,0.));
#3270 = DIRECTION('',(0.980785565025,0.195088891121,-0.));
#3271 = DIRECTION('',(0.195088891121,-0.980785565025,0.));
#3272 = DEFINITIONAL_REPRESENTATION('',(#3273),#3277);
#3273 = LINE('',#3274,#3275);
#3274 = CARTESIAN_POINT('',(0.,0.));
#3275 = VECTOR('',#3276,1.);
#3276 = DIRECTION('',(1.,0.));
#3277 = ( GEOMETRIC_REPRESENTATION_CONTEXT(2) 
PARAMETRIC_REPRESENTATION_CONTEXT() REPRESENTATION_CONTEXT('2D SPACE',''
  ) );
#3278 = ORIENTED_EDGE('',*,*,#3279,.F.);
#3279 = EDGE_CURVE('',#2804,#3252,#3280,.T.);
#3280 = SURFACE_CURVE('',#3281,(#3285,#3292),.PCURVE_S1.);
#3281 = LINE('',#3282,#3283);
#3282 = CARTESIAN_POINT('',(13.316777,-54.313223,0.));
#3283 = VECTOR('',#3284,1.);
#3284 = DIRECTION('',(0.555568130845,-0.831471016927,0.));
#3285 = PCURVE('',#144,#3286);
#3286 = DEFINITIONAL_REPRESENTATION('',(#3287),#3291);
#3287 = LINE('',#3288,#3289);
#3288 = CARTESIAN_POINT('',(24.183223,0.686777));
#3289 = VECTOR('',#3290,1.);
#3290 = DIRECTION('',(-0.555568130845,-0.831471016927));
#3291 = ( GEOMETRIC_REPRESENTATION_CONTEXT(2) 
PARAMETRIC_REPRESENTATION_CONTEXT() REPRESENTATION_CONTEXT('2D SPACE',''
  ) );
#3292 = PCURVE('',#3293,#3298);
#3293 = PLANE('',#3294);
#3294 = AXIS2_PLACEMENT_3D('',#3295,#3296,#3297);
#3295 = CARTESIAN_POINT('',(13.316777,-54.313223,0.));
#3296 = DIRECTION('',(0.831471016927,0.555568130845,-0.));
#3297 = DIRECTION('',(0.555568130845,-0.831471016927,0.));
#3298 = DEFINITIONAL_REPRESENTATION('',(#3299),#3303);
#3299 = LINE('',#3300,#3301);
#3300 = CARTESIAN_POINT('',(0.,0.));
#3301 = VECTOR('',#3302,1.);
#3302 = DIRECTION('',(1.,0.));
#3303 = ( GEOMETRIC_REPRESENTATION_CONTEXT(2) 
PARAMETRIC_REPRESENTATION_CONTEXT() REPRESENTATION_CONTEXT('2D SPACE',''
  ) );
#3304 = FACE_BOUND('',#3305,.T.);
#3305 = EDGE_LOOP('',(#3306,#3336,#3364,#3392,#3420,#3448,#3476,#3504,
    #3532,#3560,#3588,#3616,#3644,#3672,#3700,#3728,#3756,#3784));
#3306 = ORIENTED_EDGE('',*,*,#3307,.F.);
#3307 = EDGE_CURVE('',#3308,#3310,#3312,.T.);
#3308 = VERTEX_POINT('',#3309);
#3309 = CARTESIAN_POINT('',(13.235671,-45.27903,0.));
#3310 = VERTEX_POINT('',#3311);
#3311 = CARTESIAN_POINT('',(13.316777,-45.333223,0.));
#3312 = SURFACE_CURVE('',#3313,(#3317,#3324),.PCURVE_S1.);
#3313 = LINE('',#3314,#3315);
#3314 = CARTESIAN_POINT('',(13.235671,-45.27903,0.));
#3315 = VECTOR('',#3316,1.);
#3316 = DIRECTION('',(0.831471016927,-0.555568130845,0.));
#3317 = PCURVE('',#144,#3318);
#3318 = DEFINITIONAL_REPRESENTATION('',(#3319),#3323);
#3319 = LINE('',#3320,#3321);
#3320 = CARTESIAN_POINT('',(24.264329,9.72097));
#3321 = VECTOR('',#3322,1.);
#3322 = DIRECTION('',(-0.831471016927,-0.555568130845));
#3323 = ( GEOMETRIC_REPRESENTATION_CONTEXT(2) 
PARAMETRIC_REPRESENTATION_CONTEXT() REPRESENTATION_CONTEXT('2D SPACE',''
  ) );
#3324 = PCURVE('',#3325,#3330);
#3325 = PLANE('',#3326);
#3326 = AXIS2_PLACEMENT_3D('',#3327,#3328,#3329);
#3327 = CARTESIAN_POINT('',(13.235671,-45.27903,0.));
#3328 = DIRECTION('',(0.555568130845,0.831471016927,-0.));
#3329 = DIRECTION('',(0.831471016927,-0.555568130845,0.));
#3330 = DEFINITIONAL_REPRESENTATION('',(#3331),#3335);
#3331 = LINE('',#3332,#3333);
#3332 = CARTESIAN_POINT('',(0.,0.));
#3333 = VECTOR('',#3334,1.);
#3334 = DIRECTION('',(1.,0.));
#3335 = ( GEOMETRIC_REPRESENTATION_CONTEXT(2) 
PARAMETRIC_REPRESENTATION_CONTEXT() REPRESENTATION_CONTEXT('2D SPACE',''
  ) );
#3336 = ORIENTED_EDGE('',*,*,#3337,.F.);
#3337 = EDGE_CURVE('',#3338,#3308,#3340,.T.);
#3338 = VERTEX_POINT('',#3339);
#3339 = CARTESIAN_POINT('',(13.14,-45.26,0.));
#3340 = SURFACE_CURVE('',#3341,(#3345,#3352),.PCURVE_S1.);
#3341 = LINE('',#3342,#3343);
#3342 = CARTESIAN_POINT('',(13.14,-45.26,0.));
#3343 = VECTOR('',#3344,1.);
#3344 = DIRECTION('',(0.980785565025,-0.195088891121,0.));
#3345 = PCURVE('',#144,#3346);
#3346 = DEFINITIONAL_REPRESENTATION('',(#3347),#3351);
#3347 = LINE('',#3348,#3349);
#3348 = CARTESIAN_POINT('',(24.36,9.74));
#3349 = VECTOR('',#3350,1.);
#3350 = DIRECTION('',(-0.980785565025,-0.195088891121));
#3351 = ( GEOMETRIC_REPRESENTATION_CONTEXT(2) 
PARAMETRIC_REPRESENTATION_CONTEXT() REPRESENTATION_CONTEXT('2D SPACE',''
  ) );
#3352 = PCURVE('',#3353,#3358);
#3353 = PLANE('',#3354);
#3354 = AXIS2_PLACEMENT_3D('',#3355,#3356,#3357);
#3355 = CARTESIAN_POINT('',(13.14,-45.26,0.));
#3356 = DIRECTION('',(0.195088891121,0.980785565025,-0.));
#3357 = DIRECTION('',(0.980785565025,-0.195088891121,0.));
#3358 = DEFINITIONAL_REPRESENTATION('',(#3359),#3363);
#3359 = LINE('',#3360,#3361);
#3360 = CARTESIAN_POINT('',(0.,0.));
#3361 = VECTOR('',#3362,1.);
#3362 = DIRECTION('',(1.,0.));
#3363 = ( GEOMETRIC_REPRESENTATION_CONTEXT(2) 
PARAMETRIC_REPRESENTATION_CONTEXT() REPRESENTATION_CONTEXT('2D SPACE',''
  ) );
#3364 = ORIENTED_EDGE('',*,*,#3365,.F.);
#3365 = EDGE_CURVE('',#3366,#3338,#3368,.T.);
#3366 = VERTEX_POINT('',#3367);
#3367 = CARTESIAN_POINT('',(12.54,-45.26,0.));
#3368 = SURFACE_CURVE('',#3369,(#3373,#3380),.PCURVE_S1.);
#3369 = LINE('',#3370,#3371);
#3370 = CARTESIAN_POINT('',(12.54,-45.26,0.));
#3371 = VECTOR('',#3372,1.);
#3372 = DIRECTION('',(1.,0.,0.));
#3373 = PCURVE('',#144,#3374);
#3374 = DEFINITIONAL_REPRESENTATION('',(#3375),#3379);
#3375 = LINE('',#3376,#3377);
#3376 = CARTESIAN_POINT('',(24.96,9.74));
#3377 = VECTOR('',#3378,1.);
#3378 = DIRECTION('',(-1.,0.));
#3379 = ( GEOMETRIC_REPRESENTATION_CONTEXT(2) 
PARAMETRIC_REPRESENTATION_CONTEXT() REPRESENTATION_CONTEXT('2D SPACE',''
  ) );
#3380 = PCURVE('',#3381,#3386);
#3381 = PLANE('',#3382);
#3382 = AXIS2_PLACEMENT_3D('',#3383,#3384,#3385);
#3383 = CARTESIAN_POINT('',(12.54,-45.26,0.));
#3384 = DIRECTION('',(0.,1.,0.));
#3385 = DIRECTION('',(1.,0.,0.));
#3386 = DEFINITIONAL_REPRESENTATION('',(#3387),#3391);
#3387 = LINE('',#3388,#3389);
#3388 = CARTESIAN_POINT('',(0.,0.));
#3389 = VECTOR('',#3390,1.);
#3390 = DIRECTION('',(1.,0.));
#3391 = ( GEOMETRIC_REPRESENTATION_CONTEXT(2) 
PARAMETRIC_REPRESENTATION_CONTEXT() REPRESENTATION_CONTEXT('2D SPACE',''
  ) );
#3392 = ORIENTED_EDGE('',*,*,#3393,.F.);
#3393 = EDGE_CURVE('',#3394,#3366,#3396,.T.);
#3394 = VERTEX_POINT('',#3395);
#3395 = CARTESIAN_POINT('',(12.444329,-45.27903,0.));
#3396 = SURFACE_CURVE('',#3397,(#3401,#3408),.PCURVE_S1.);
#3397 = LINE('',#3398,#3399);
#3398 = CARTESIAN_POINT('',(12.444329,-45.27903,0.));
#3399 = VECTOR('',#3400,1.);
#3400 = DIRECTION('',(0.980785565025,0.195088891121,0.));
#3401 = PCURVE('',#144,#3402);
#3402 = DEFINITIONAL_REPRESENTATION('',(#3403),#3407);
#3403 = LINE('',#3404,#3405);
#3404 = CARTESIAN_POINT('',(25.055671,9.72097));
#3405 = VECTOR('',#3406,1.);
#3406 = DIRECTION('',(-0.980785565025,0.195088891121));
#3407 = ( GEOMETRIC_REPRESENTATION_CONTEXT(2) 
PARAMETRIC_REPRESENTATION_CONTEXT() REPRESENTATION_CONTEXT('2D SPACE',''
  ) );
#3408 = PCURVE('',#3409,#3414);
#3409 = PLANE('',#3410);
#3410 = AXIS2_PLACEMENT_3D('',#3411,#3412,#3413);
#3411 = CARTESIAN_POINT('',(12.444329,-45.27903,0.));
#3412 = DIRECTION('',(-0.195088891121,0.980785565025,0.));
#3413 = DIRECTION('',(0.980785565025,0.195088891121,0.));
#3414 = DEFINITIONAL_REPRESENTATION('',(#3415),#3419);
#3415 = LINE('',#3416,#3417);
#3416 = CARTESIAN_POINT('',(0.,0.));
#3417 = VECTOR('',#3418,1.);
#3418 = DIRECTION('',(1.,0.));
#3419 = ( GEOMETRIC_REPRESENTATION_CONTEXT(2) 
PARAMETRIC_REPRESENTATION_CONTEXT() REPRESENTATION_CONTEXT('2D SPACE',''
  ) );
#3420 = ORIENTED_EDGE('',*,*,#3421,.F.);
#3421 = EDGE_CURVE('',#3422,#3394,#3424,.T.);
#3422 = VERTEX_POINT('',#3423);
#3423 = CARTESIAN_POINT('',(12.363223,-45.333223,0.));
#3424 = SURFACE_CURVE('',#3425,(#3429,#3436),.PCURVE_S1.);
#3425 = LINE('',#3426,#3427);
#3426 = CARTESIAN_POINT('',(12.363223,-45.333223,0.));
#3427 = VECTOR('',#3428,1.);
#3428 = DIRECTION('',(0.831471016927,0.555568130845,0.));
#3429 = PCURVE('',#144,#3430);
#3430 = DEFINITIONAL_REPRESENTATION('',(#3431),#3435);
#3431 = LINE('',#3432,#3433);
#3432 = CARTESIAN_POINT('',(25.136777,9.666777));
#3433 = VECTOR('',#3434,1.);
#3434 = DIRECTION('',(-0.831471016927,0.555568130845));
#3435 = ( GEOMETRIC_REPRESENTATION_CONTEXT(2) 
PARAMETRIC_REPRESENTATION_CONTEXT() REPRESENTATION_CONTEXT('2D SPACE',''
  ) );
#3436 = PCURVE('',#3437,#3442);
#3437 = PLANE('',#3438);
#3438 = AXIS2_PLACEMENT_3D('',#3439,#3440,#3441);
#3439 = CARTESIAN_POINT('',(12.363223,-45.333223,0.));
#3440 = DIRECTION('',(-0.555568130845,0.831471016927,0.));
#3441 = DIRECTION('',(0.831471016927,0.555568130845,0.));
#3442 = DEFINITIONAL_REPRESENTATION('',(#3443),#3447);
#3443 = LINE('',#3444,#3445);
#3444 = CARTESIAN_POINT('',(0.,0.));
#3445 = VECTOR('',#3446,1.);
#3446 = DIRECTION('',(1.,0.));
#3447 = ( GEOMETRIC_REPRESENTATION_CONTEXT(2) 
PARAMETRIC_REPRESENTATION_CONTEXT() REPRESENTATION_CONTEXT('2D SPACE',''
  ) );
#3448 = ORIENTED_EDGE('',*,*,#3449,.F.);
#3449 = EDGE_CURVE('',#3450,#3422,#3452,.T.);
#3450 = VERTEX_POINT('',#3451);
#3451 = CARTESIAN_POINT('',(12.30903,-45.414329,0.));
#3452 = SURFACE_CURVE('',#3453,(#3457,#3464),.PCURVE_S1.);
#3453 = LINE('',#3454,#3455);
#3454 = CARTESIAN_POINT('',(12.30903,-45.414329,0.));
#3455 = VECTOR('',#3456,1.);
#3456 = DIRECTION('',(0.555568130845,0.831471016927,0.));
#3457 = PCURVE('',#144,#3458);
#3458 = DEFINITIONAL_REPRESENTATION('',(#3459),#3463);
#3459 = LINE('',#3460,#3461);
#3460 = CARTESIAN_POINT('',(25.19097,9.585671));
#3461 = VECTOR('',#3462,1.);
#3462 = DIRECTION('',(-0.555568130845,0.831471016927));
#3463 = ( GEOMETRIC_REPRESENTATION_CONTEXT(2) 
PARAMETRIC_REPRESENTATION_CONTEXT() REPRESENTATION_CONTEXT('2D SPACE',''
  ) );
#3464 = PCURVE('',#3465,#3470);
#3465 = PLANE('',#3466);
#3466 = AXIS2_PLACEMENT_3D('',#3467,#3468,#3469);
#3467 = CARTESIAN_POINT('',(12.30903,-45.414329,0.));
#3468 = DIRECTION('',(-0.831471016927,0.555568130845,0.));
#3469 = DIRECTION('',(0.555568130845,0.831471016927,0.));
#3470 = DEFINITIONAL_REPRESENTATION('',(#3471),#3475);
#3471 = LINE('',#3472,#3473);
#3472 = CARTESIAN_POINT('',(0.,0.));
#3473 = VECTOR('',#3474,1.);
#3474 = DIRECTION('',(1.,0.));
#3475 = ( GEOMETRIC_REPRESENTATION_CONTEXT(2) 
PARAMETRIC_REPRESENTATION_CONTEXT() REPRESENTATION_CONTEXT('2D SPACE',''
  ) );
#3476 = ORIENTED_EDGE('',*,*,#3477,.F.);
#3477 = EDGE_CURVE('',#3478,#3450,#3480,.T.);
#3478 = VERTEX_POINT('',#3479);
#3479 = CARTESIAN_POINT('',(12.29,-45.51,0.));
#3480 = SURFACE_CURVE('',#3481,(#3485,#3492),.PCURVE_S1.);
#3481 = LINE('',#3482,#3483);
#3482 = CARTESIAN_POINT('',(12.29,-45.51,0.));
#3483 = VECTOR('',#3484,1.);
#3484 = DIRECTION('',(0.195088891121,0.980785565025,0.));
#3485 = PCURVE('',#144,#3486);
#3486 = DEFINITIONAL_REPRESENTATION('',(#3487),#3491);
#3487 = LINE('',#3488,#3489);
#3488 = CARTESIAN_POINT('',(25.21,9.49));
#3489 = VECTOR('',#3490,1.);
#3490 = DIRECTION('',(-0.195088891121,0.980785565025));
#3491 = ( GEOMETRIC_REPRESENTATION_CONTEXT(2) 
PARAMETRIC_REPRESENTATION_CONTEXT() REPRESENTATION_CONTEXT('2D SPACE',''
  ) );
#3492 = PCURVE('',#3493,#3498);
#3493 = PLANE('',#3494);
#3494 = AXIS2_PLACEMENT_3D('',#3495,#3496,#3497);
#3495 = CARTESIAN_POINT('',(12.29,-45.51,0.));
#3496 = DIRECTION('',(-0.980785565025,0.195088891121,0.));
#3497 = DIRECTION('',(0.195088891121,0.980785565025,0.));
#3498 = DEFINITIONAL_REPRESENTATION('',(#3499),#3503);
#3499 = LINE('',#3500,#3501);
#3500 = CARTESIAN_POINT('',(0.,0.));
#3501 = VECTOR('',#3502,1.);
#3502 = DIRECTION('',(1.,0.));
#3503 = ( GEOMETRIC_REPRESENTATION_CONTEXT(2) 
PARAMETRIC_REPRESENTATION_CONTEXT() REPRESENTATION_CONTEXT('2D SPACE',''
  ) );
#3504 = ORIENTED_EDGE('',*,*,#3505,.F.);
#3505 = EDGE_CURVE('',#3506,#3478,#3508,.T.);
#3506 = VERTEX_POINT('',#3507);
#3507 = CARTESIAN_POINT('',(12.30903,-45.605671,0.));
#3508 = SURFACE_CURVE('',#3509,(#3513,#3520),.PCURVE_S1.);
#3509 = LINE('',#3510,#3511);
#3510 = CARTESIAN_POINT('',(12.30903,-45.605671,0.));
#3511 = VECTOR('',#3512,1.);
#3512 = DIRECTION('',(-0.195088891121,0.980785565025,0.));
#3513 = PCURVE('',#144,#3514);
#3514 = DEFINITIONAL_REPRESENTATION('',(#3515),#3519);
#3515 = LINE('',#3516,#3517);
#3516 = CARTESIAN_POINT('',(25.19097,9.394329));
#3517 = VECTOR('',#3518,1.);
#3518 = DIRECTION('',(0.195088891121,0.980785565025));
#3519 = ( GEOMETRIC_REPRESENTATION_CONTEXT(2) 
PARAMETRIC_REPRESENTATION_CONTEXT() REPRESENTATION_CONTEXT('2D SPACE',''
  ) );
#3520 = PCURVE('',#3521,#3526);
#3521 = PLANE('',#3522);
#3522 = AXIS2_PLACEMENT_3D('',#3523,#3524,#3525);
#3523 = CARTESIAN_POINT('',(12.30903,-45.605671,0.));
#3524 = DIRECTION('',(-0.980785565025,-0.195088891121,0.));
#3525 = DIRECTION('',(-0.195088891121,0.980785565025,0.));
#3526 = DEFINITIONAL_REPRESENTATION('',(#3527),#3531);
#3527 = LINE('',#3528,#3529);
#3528 = CARTESIAN_POINT('',(0.,0.));
#3529 = VECTOR('',#3530,1.);
#3530 = DIRECTION('',(1.,0.));
#3531 = ( GEOMETRIC_REPRESENTATION_CONTEXT(2) 
PARAMETRIC_REPRESENTATION_CONTEXT() REPRESENTATION_CONTEXT('2D SPACE',''
  ) );
#3532 = ORIENTED_EDGE('',*,*,#3533,.F.);
#3533 = EDGE_CURVE('',#3534,#3506,#3536,.T.);
#3534 = VERTEX_POINT('',#3535);
#3535 = CARTESIAN_POINT('',(12.363223,-45.686777,0.));
#3536 = SURFACE_CURVE('',#3537,(#3541,#3548),.PCURVE_S1.);
#3537 = LINE('',#3538,#3539);
#3538 = CARTESIAN_POINT('',(12.363223,-45.686777,0.));
#3539 = VECTOR('',#3540,1.);
#3540 = DIRECTION('',(-0.555568130845,0.831471016927,0.));
#3541 = PCURVE('',#144,#3542);
#3542 = DEFINITIONAL_REPRESENTATION('',(#3543),#3547);
#3543 = LINE('',#3544,#3545);
#3544 = CARTESIAN_POINT('',(25.136777,9.313223));
#3545 = VECTOR('',#3546,1.);
#3546 = DIRECTION('',(0.555568130845,0.831471016927));
#3547 = ( GEOMETRIC_REPRESENTATION_CONTEXT(2) 
PARAMETRIC_REPRESENTATION_CONTEXT() REPRESENTATION_CONTEXT('2D SPACE',''
  ) );
#3548 = PCURVE('',#3549,#3554);
#3549 = PLANE('',#3550);
#3550 = AXIS2_PLACEMENT_3D('',#3551,#3552,#3553);
#3551 = CARTESIAN_POINT('',(12.363223,-45.686777,0.));
#3552 = DIRECTION('',(-0.831471016927,-0.555568130845,0.));
#3553 = DIRECTION('',(-0.555568130845,0.831471016927,0.));
#3554 = DEFINITIONAL_REPRESENTATION('',(#3555),#3559);
#3555 = LINE('',#3556,#3557);
#3556 = CARTESIAN_POINT('',(0.,0.));
#3557 = VECTOR('',#3558,1.);
#3558 = DIRECTION('',(1.,0.));
#3559 = ( GEOMETRIC_REPRESENTATION_CONTEXT(2) 
PARAMETRIC_REPRESENTATION_CONTEXT() REPRESENTATION_CONTEXT('2D SPACE',''
  ) );
#3560 = ORIENTED_EDGE('',*,*,#3561,.F.);
#3561 = EDGE_CURVE('',#3562,#3534,#3564,.T.);
#3562 = VERTEX_POINT('',#3563);
#3563 = CARTESIAN_POINT('',(12.444329,-45.74097,0.));
#3564 = SURFACE_CURVE('',#3565,(#3569,#3576),.PCURVE_S1.);
#3565 = LINE('',#3566,#3567);
#3566 = CARTESIAN_POINT('',(12.444329,-45.74097,0.));
#3567 = VECTOR('',#3568,1.);
#3568 = DIRECTION('',(-0.831471016927,0.555568130845,0.));
#3569 = PCURVE('',#144,#3570);
#3570 = DEFINITIONAL_REPRESENTATION('',(#3571),#3575);
#3571 = LINE('',#3572,#3573);
#3572 = CARTESIAN_POINT('',(25.055671,9.25903));
#3573 = VECTOR('',#3574,1.);
#3574 = DIRECTION('',(0.831471016927,0.555568130845));
#3575 = ( GEOMETRIC_REPRESENTATION_CONTEXT(2) 
PARAMETRIC_REPRESENTATION_CONTEXT() REPRESENTATION_CONTEXT('2D SPACE',''
  ) );
#3576 = PCURVE('',#3577,#3582);
#3577 = PLANE('',#3578);
#3578 = AXIS2_PLACEMENT_3D('',#3579,#3580,#3581);
#3579 = CARTESIAN_POINT('',(12.444329,-45.74097,0.));
#3580 = DIRECTION('',(-0.555568130845,-0.831471016927,0.));
#3581 = DIRECTION('',(-0.831471016927,0.555568130845,0.));
#3582 = DEFINITIONAL_REPRESENTATION('',(#3583),#3587);
#3583 = LINE('',#3584,#3585);
#3584 = CARTESIAN_POINT('',(0.,0.));
#3585 = VECTOR('',#3586,1.);
#3586 = DIRECTION('',(1.,0.));
#3587 = ( GEOMETRIC_REPRESENTATION_CONTEXT(2) 
PARAMETRIC_REPRESENTATION_CONTEXT() REPRESENTATION_CONTEXT('2D SPACE',''
  ) );
#3588 = ORIENTED_EDGE('',*,*,#3589,.F.);
#3589 = EDGE_CURVE('',#3590,#3562,#3592,.T.);
#3590 = VERTEX_POINT('',#3591);
#3591 = CARTESIAN_POINT('',(12.54,-45.76,0.));
#3592 = SURFACE_CURVE('',#3593,(#3597,#3604),.PCURVE_S1.);
#3593 = LINE('',#3594,#3595);
#3594 = CARTESIAN_POINT('',(12.54,-45.76,0.));
#3595 = VECTOR('',#3596,1.);
#3596 = DIRECTION('',(-0.980785565025,0.195088891121,0.));
#3597 = PCURVE('',#144,#3598);
#3598 = DEFINITIONAL_REPRESENTATION('',(#3599),#3603);
#3599 = LINE('',#3600,#3601);
#3600 = CARTESIAN_POINT('',(24.96,9.24));
#3601 = VECTOR('',#3602,1.);
#3602 = DIRECTION('',(0.980785565025,0.195088891121));
#3603 = ( GEOMETRIC_REPRESENTATION_CONTEXT(2) 
PARAMETRIC_REPRESENTATION_CONTEXT() REPRESENTATION_CONTEXT('2D SPACE',''
  ) );
#3604 = PCURVE('',#3605,#3610);
#3605 = PLANE('',#3606);
#3606 = AXIS2_PLACEMENT_3D('',#3607,#3608,#3609);
#3607 = CARTESIAN_POINT('',(12.54,-45.76,0.));
#3608 = DIRECTION('',(-0.195088891121,-0.980785565025,0.));
#3609 = DIRECTION('',(-0.980785565025,0.195088891121,0.));
#3610 = DEFINITIONAL_REPRESENTATION('',(#3611),#3615);
#3611 = LINE('',#3612,#3613);
#3612 = CARTESIAN_POINT('',(0.,0.));
#3613 = VECTOR('',#3614,1.);
#3614 = DIRECTION('',(1.,0.));
#3615 = ( GEOMETRIC_REPRESENTATION_CONTEXT(2) 
PARAMETRIC_REPRESENTATION_CONTEXT() REPRESENTATION_CONTEXT('2D SPACE',''
  ) );
#3616 = ORIENTED_EDGE('',*,*,#3617,.F.);
#3617 = EDGE_CURVE('',#3618,#3590,#3620,.T.);
#3618 = VERTEX_POINT('',#3619);
#3619 = CARTESIAN_POINT('',(13.14,-45.76,0.));
#3620 = SURFACE_CURVE('',#3621,(#3625,#3632),.PCURVE_S1.);
#3621 = LINE('',#3622,#3623);
#3622 = CARTESIAN_POINT('',(13.14,-45.76,0.));
#3623 = VECTOR('',#3624,1.);
#3624 = DIRECTION('',(-1.,0.,0.));
#3625 = PCURVE('',#144,#3626);
#3626 = DEFINITIONAL_REPRESENTATION('',(#3627),#3631);
#3627 = LINE('',#3628,#3629);
#3628 = CARTESIAN_POINT('',(24.36,9.24));
#3629 = VECTOR('',#3630,1.);
#3630 = DIRECTION('',(1.,0.));
#3631 = ( GEOMETRIC_REPRESENTATION_CONTEXT(2) 
PARAMETRIC_REPRESENTATION_CONTEXT() REPRESENTATION_CONTEXT('2D SPACE',''
  ) );
#3632 = PCURVE('',#3633,#3638);
#3633 = PLANE('',#3634);
#3634 = AXIS2_PLACEMENT_3D('',#3635,#3636,#3637);
#3635 = CARTESIAN_POINT('',(13.14,-45.76,0.));
#3636 = DIRECTION('',(0.,-1.,0.));
#3637 = DIRECTION('',(-1.,0.,0.));
#3638 = DEFINITIONAL_REPRESENTATION('',(#3639),#3643);
#3639 = LINE('',#3640,#3641);
#3640 = CARTESIAN_POINT('',(0.,-0.));
#3641 = VECTOR('',#3642,1.);
#3642 = DIRECTION('',(1.,0.));
#3643 = ( GEOMETRIC_REPRESENTATION_CONTEXT(2) 
PARAMETRIC_REPRESENTATION_CONTEXT() REPRESENTATION_CONTEXT('2D SPACE',''
  ) );
#3644 = ORIENTED_EDGE('',*,*,#3645,.F.);
#3645 = EDGE_CURVE('',#3646,#3618,#3648,.T.);
#3646 = VERTEX_POINT('',#3647);
#3647 = CARTESIAN_POINT('',(13.235671,-45.74097,0.));
#3648 = SURFACE_CURVE('',#3649,(#3653,#3660),.PCURVE_S1.);
#3649 = LINE('',#3650,#3651);
#3650 = CARTESIAN_POINT('',(13.235671,-45.74097,0.));
#3651 = VECTOR('',#3652,1.);
#3652 = DIRECTION('',(-0.980785565025,-0.195088891121,0.));
#3653 = PCURVE('',#144,#3654);
#3654 = DEFINITIONAL_REPRESENTATION('',(#3655),#3659);
#3655 = LINE('',#3656,#3657);
#3656 = CARTESIAN_POINT('',(24.264329,9.25903));
#3657 = VECTOR('',#3658,1.);
#3658 = DIRECTION('',(0.980785565025,-0.195088891121));
#3659 = ( GEOMETRIC_REPRESENTATION_CONTEXT(2) 
PARAMETRIC_REPRESENTATION_CONTEXT() REPRESENTATION_CONTEXT('2D SPACE',''
  ) );
#3660 = PCURVE('',#3661,#3666);
#3661 = PLANE('',#3662);
#3662 = AXIS2_PLACEMENT_3D('',#3663,#3664,#3665);
#3663 = CARTESIAN_POINT('',(13.235671,-45.74097,0.));
#3664 = DIRECTION('',(0.195088891121,-0.980785565025,0.));
#3665 = DIRECTION('',(-0.980785565025,-0.195088891121,0.));
#3666 = DEFINITIONAL_REPRESENTATION('',(#3667),#3671);
#3667 = LINE('',#3668,#3669);
#3668 = CARTESIAN_POINT('',(0.,0.));
#3669 = VECTOR('',#3670,1.);
#3670 = DIRECTION('',(1.,0.));
#3671 = ( GEOMETRIC_REPRESENTATION_CONTEXT(2) 
PARAMETRIC_REPRESENTATION_CONTEXT() REPRESENTATION_CONTEXT('2D SPACE',''
  ) );
#3672 = ORIENTED_EDGE('',*,*,#3673,.F.);
#3673 = EDGE_CURVE('',#3674,#3646,#3676,.T.);
#3674 = VERTEX_POINT('',#3675);
#3675 = CARTESIAN_POINT('',(13.316777,-45.686777,0.));
#3676 = SURFACE_CURVE('',#3677,(#3681,#3688),.PCURVE_S1.);
#3677 = LINE('',#3678,#3679);
#3678 = CARTESIAN_POINT('',(13.316777,-45.686777,0.));
#3679 = VECTOR('',#3680,1.);
#3680 = DIRECTION('',(-0.831471016927,-0.555568130845,0.));
#3681 = PCURVE('',#144,#3682);
#3682 = DEFINITIONAL_REPRESENTATION('',(#3683),#3687);
#3683 = LINE('',#3684,#3685);
#3684 = CARTESIAN_POINT('',(24.183223,9.313223));
#3685 = VECTOR('',#3686,1.);
#3686 = DIRECTION('',(0.831471016927,-0.555568130845));
#3687 = ( GEOMETRIC_REPRESENTATION_CONTEXT(2) 
PARAMETRIC_REPRESENTATION_CONTEXT() REPRESENTATION_CONTEXT('2D SPACE',''
  ) );
#3688 = PCURVE('',#3689,#3694);
#3689 = PLANE('',#3690);
#3690 = AXIS2_PLACEMENT_3D('',#3691,#3692,#3693);
#3691 = CARTESIAN_POINT('',(13.316777,-45.686777,0.));
#3692 = DIRECTION('',(0.555568130845,-0.831471016927,0.));
#3693 = DIRECTION('',(-0.831471016927,-0.555568130845,0.));
#3694 = DEFINITIONAL_REPRESENTATION('',(#3695),#3699);
#3695 = LINE('',#3696,#3697);
#3696 = CARTESIAN_POINT('',(0.,0.));
#3697 = VECTOR('',#3698,1.);
#3698 = DIRECTION('',(1.,0.));
#3699 = ( GEOMETRIC_REPRESENTATION_CONTEXT(2) 
PARAMETRIC_REPRESENTATION_CONTEXT() REPRESENTATION_CONTEXT('2D SPACE',''
  ) );
#3700 = ORIENTED_EDGE('',*,*,#3701,.F.);
#3701 = EDGE_CURVE('',#3702,#3674,#3704,.T.);
#3702 = VERTEX_POINT('',#3703);
#3703 = CARTESIAN_POINT('',(13.37097,-45.605671,0.));
#3704 = SURFACE_CURVE('',#3705,(#3709,#3716),.PCURVE_S1.);
#3705 = LINE('',#3706,#3707);
#3706 = CARTESIAN_POINT('',(13.37097,-45.605671,0.));
#3707 = VECTOR('',#3708,1.);
#3708 = DIRECTION('',(-0.555568130845,-0.831471016927,0.));
#3709 = PCURVE('',#144,#3710);
#3710 = DEFINITIONAL_REPRESENTATION('',(#3711),#3715);
#3711 = LINE('',#3712,#3713);
#3712 = CARTESIAN_POINT('',(24.12903,9.394329));
#3713 = VECTOR('',#3714,1.);
#3714 = DIRECTION('',(0.555568130845,-0.831471016927));
#3715 = ( GEOMETRIC_REPRESENTATION_CONTEXT(2) 
PARAMETRIC_REPRESENTATION_CONTEXT() REPRESENTATION_CONTEXT('2D SPACE',''
  ) );
#3716 = PCURVE('',#3717,#3722);
#3717 = PLANE('',#3718);
#3718 = AXIS2_PLACEMENT_3D('',#3719,#3720,#3721);
#3719 = CARTESIAN_POINT('',(13.37097,-45.605671,0.));
#3720 = DIRECTION('',(0.831471016927,-0.555568130845,0.));
#3721 = DIRECTION('',(-0.555568130845,-0.831471016927,0.));
#3722 = DEFINITIONAL_REPRESENTATION('',(#3723),#3727);
#3723 = LINE('',#3724,#3725);
#3724 = CARTESIAN_POINT('',(0.,0.));
#3725 = VECTOR('',#3726,1.);
#3726 = DIRECTION('',(1.,0.));
#3727 = ( GEOMETRIC_REPRESENTATION_CONTEXT(2) 
PARAMETRIC_REPRESENTATION_CONTEXT() REPRESENTATION_CONTEXT('2D SPACE',''
  ) );
#3728 = ORIENTED_EDGE('',*,*,#3729,.F.);
#3729 = EDGE_CURVE('',#3730,#3702,#3732,.T.);
#3730 = VERTEX_POINT('',#3731);
#3731 = CARTESIAN_POINT('',(13.39,-45.51,0.));
#3732 = SURFACE_CURVE('',#3733,(#3737,#3744),.PCURVE_S1.);
#3733 = LINE('',#3734,#3735);
#3734 = CARTESIAN_POINT('',(13.39,-45.51,0.));
#3735 = VECTOR('',#3736,1.);
#3736 = DIRECTION('',(-0.195088891121,-0.980785565025,0.));
#3737 = PCURVE('',#144,#3738);
#3738 = DEFINITIONAL_REPRESENTATION('',(#3739),#3743);
#3739 = LINE('',#3740,#3741);
#3740 = CARTESIAN_POINT('',(24.11,9.49));
#3741 = VECTOR('',#3742,1.);
#3742 = DIRECTION('',(0.195088891121,-0.980785565025));
#3743 = ( GEOMETRIC_REPRESENTATION_CONTEXT(2) 
PARAMETRIC_REPRESENTATION_CONTEXT() REPRESENTATION_CONTEXT('2D SPACE',''
  ) );
#3744 = PCURVE('',#3745,#3750);
#3745 = PLANE('',#3746);
#3746 = AXIS2_PLACEMENT_3D('',#3747,#3748,#3749);
#3747 = CARTESIAN_POINT('',(13.39,-45.51,0.));
#3748 = DIRECTION('',(0.980785565025,-0.195088891121,0.));
#3749 = DIRECTION('',(-0.195088891121,-0.980785565025,0.));
#3750 = DEFINITIONAL_REPRESENTATION('',(#3751),#3755);
#3751 = LINE('',#3752,#3753);
#3752 = CARTESIAN_POINT('',(0.,0.));
#3753 = VECTOR('',#3754,1.);
#3754 = DIRECTION('',(1.,0.));
#3755 = ( GEOMETRIC_REPRESENTATION_CONTEXT(2) 
PARAMETRIC_REPRESENTATION_CONTEXT() REPRESENTATION_CONTEXT('2D SPACE',''
  ) );
#3756 = ORIENTED_EDGE('',*,*,#3757,.F.);
#3757 = EDGE_CURVE('',#3758,#3730,#3760,.T.);
#3758 = VERTEX_POINT('',#3759);
#3759 = CARTESIAN_POINT('',(13.37097,-45.414329,0.));
#3760 = SURFACE_CURVE('',#3761,(#3765,#3772),.PCURVE_S1.);
#3761 = LINE('',#3762,#3763);
#3762 = CARTESIAN_POINT('',(13.37097,-45.414329,0.));
#3763 = VECTOR('',#3764,1.);
#3764 = DIRECTION('',(0.195088891121,-0.980785565025,0.));
#3765 = PCURVE('',#144,#3766);
#3766 = DEFINITIONAL_REPRESENTATION('',(#3767),#3771);
#3767 = LINE('',#3768,#3769);
#3768 = CARTESIAN_POINT('',(24.12903,9.585671));
#3769 = VECTOR('',#3770,1.);
#3770 = DIRECTION('',(-0.195088891121,-0.980785565025));
#3771 = ( GEOMETRIC_REPRESENTATION_CONTEXT(2) 
PARAMETRIC_REPRESENTATION_CONTEXT() REPRESENTATION_CONTEXT('2D SPACE',''
  ) );
#3772 = PCURVE('',#3773,#3778);
#3773 = PLANE('',#3774);
#3774 = AXIS2_PLACEMENT_3D('',#3775,#3776,#3777);
#3775 = CARTESIAN_POINT('',(13.37097,-45.414329,0.));
#3776 = DIRECTION('',(0.980785565025,0.195088891121,-0.));
#3777 = DIRECTION('',(0.195088891121,-0.980785565025,0.));
#3778 = DEFINITIONAL_REPRESENTATION('',(#3779),#3783);
#3779 = LINE('',#3780,#3781);
#3780 = CARTESIAN_POINT('',(0.,0.));
#3781 = VECTOR('',#3782,1.);
#3782 = DIRECTION('',(1.,0.));
#3783 = ( GEOMETRIC_REPRESENTATION_CONTEXT(2) 
PARAMETRIC_REPRESENTATION_CONTEXT() REPRESENTATION_CONTEXT('2D SPACE',''
  ) );
#3784 = ORIENTED_EDGE('',*,*,#3785,.F.);
#3785 = EDGE_CURVE('',#3310,#3758,#3786,.T.);
#3786 = SURFACE_CURVE('',#3787,(#3791,#3798),.PCURVE_S1.);
#3787 = LINE('',#3788,#3789);
#3788 = CARTESIAN_POINT('',(13.316777,-45.333223,0.));
#3789 = VECTOR('',#3790,1.);
#3790 = DIRECTION('',(0.555568130845,-0.831471016927,0.));
#3791 = PCURVE('',#144,#3792);
#3792 = DEFINITIONAL_REPRESENTATION('',(#3793),#3797);
#3793 = LINE('',#3794,#3795);
#3794 = CARTESIAN_POINT('',(24.183223,9.666777));
#3795 = VECTOR('',#3796,1.);
#3796 = DIRECTION('',(-0.555568130845,-0.831471016927));
#3797 = ( GEOMETRIC_REPRESENTATION_CONTEXT(2) 
PARAMETRIC_REPRESENTATION_CONTEXT() REPRESENTATION_CONTEXT('2D SPACE',''
  ) );
#3798 = PCURVE('',#3799,#3804);
#3799 = PLANE('',#3800);
#3800 = AXIS2_PLACEMENT_3D('',#3801,#3802,#3803);
#3801 = CARTESIAN_POINT('',(13.316777,-45.333223,0.));
#3802 = DIRECTION('',(0.831471016927,0.555568130845,-0.));
#3803 = DIRECTION('',(0.555568130845,-0.831471016927,0.));
#3804 = DEFINITIONAL_REPRESENTATION('',(#3805),#3809);
#3805 = LINE('',#3806,#3807);
#3806 = CARTESIAN_POINT('',(0.,0.));
#3807 = VECTOR('',#3808,1.);
#3808 = DIRECTION('',(1.,0.));
#3809 = ( GEOMETRIC_REPRESENTATION_CONTEXT(2) 
PARAMETRIC_REPRESENTATION_CONTEXT() REPRESENTATION_CONTEXT('2D SPACE',''
  ) );
#3810 = FACE_BOUND('',#3811,.T.);
#3811 = EDGE_LOOP('',(#3812,#3842,#3870,#3898,#3926,#3954,#3982,#4010,
    #4038,#4066,#4094,#4122,#4150,#4178,#4206,#4234,#4262,#4290));
#3812 = ORIENTED_EDGE('',*,*,#3813,.F.);
#3813 = EDGE_CURVE('',#3814,#3816,#3818,.T.);
#3814 = VERTEX_POINT('',#3815);
#3815 = CARTESIAN_POINT('',(7.285671,-53.89903,0.));
#3816 = VERTEX_POINT('',#3817);
#3817 = CARTESIAN_POINT('',(7.366777,-53.953223,0.));
#3818 = SURFACE_CURVE('',#3819,(#3823,#3830),.PCURVE_S1.);
#3819 = LINE('',#3820,#3821);
#3820 = CARTESIAN_POINT('',(7.285671,-53.89903,0.));
#3821 = VECTOR('',#3822,1.);
#3822 = DIRECTION('',(0.831471016927,-0.555568130845,0.));
#3823 = PCURVE('',#144,#3824);
#3824 = DEFINITIONAL_REPRESENTATION('',(#3825),#3829);
#3825 = LINE('',#3826,#3827);
#3826 = CARTESIAN_POINT('',(30.214329,1.10097));
#3827 = VECTOR('',#3828,1.);
#3828 = DIRECTION('',(-0.831471016927,-0.555568130845));
#3829 = ( GEOMETRIC_REPRESENTATION_CONTEXT(2) 
PARAMETRIC_REPRESENTATION_CONTEXT() REPRESENTATION_CONTEXT('2D SPACE',''
  ) );
#3830 = PCURVE('',#3831,#3836);
#3831 = PLANE('',#3832);
#3832 = AXIS2_PLACEMENT_3D('',#3833,#3834,#3835);
#3833 = CARTESIAN_POINT('',(7.285671,-53.89903,0.));
#3834 = DIRECTION('',(0.555568130845,0.831471016927,-0.));
#3835 = DIRECTION('',(0.831471016927,-0.555568130845,0.));
#3836 = DEFINITIONAL_REPRESENTATION('',(#3837),#3841);
#3837 = LINE('',#3838,#3839);
#3838 = CARTESIAN_POINT('',(0.,0.));
#3839 = VECTOR('',#3840,1.);
#3840 = DIRECTION('',(1.,0.));
#3841 = ( GEOMETRIC_REPRESENTATION_CONTEXT(2) 
PARAMETRIC_REPRESENTATION_CONTEXT() REPRESENTATION_CONTEXT('2D SPACE',''
  ) );
#3842 = ORIENTED_EDGE('',*,*,#3843,.F.);
#3843 = EDGE_CURVE('',#3844,#3814,#3846,.T.);
#3844 = VERTEX_POINT('',#3845);
#3845 = CARTESIAN_POINT('',(7.19,-53.88,0.));
#3846 = SURFACE_CURVE('',#3847,(#3851,#3858),.PCURVE_S1.);
#3847 = LINE('',#3848,#3849);
#3848 = CARTESIAN_POINT('',(7.19,-53.88,0.));
#3849 = VECTOR('',#3850,1.);
#3850 = DIRECTION('',(0.980785565025,-0.195088891121,0.));
#3851 = PCURVE('',#144,#3852);
#3852 = DEFINITIONAL_REPRESENTATION('',(#3853),#3857);
#3853 = LINE('',#3854,#3855);
#3854 = CARTESIAN_POINT('',(30.31,1.12));
#3855 = VECTOR('',#3856,1.);
#3856 = DIRECTION('',(-0.980785565025,-0.195088891121));
#3857 = ( GEOMETRIC_REPRESENTATION_CONTEXT(2) 
PARAMETRIC_REPRESENTATION_CONTEXT() REPRESENTATION_CONTEXT('2D SPACE',''
  ) );
#3858 = PCURVE('',#3859,#3864);
#3859 = PLANE('',#3860);
#3860 = AXIS2_PLACEMENT_3D('',#3861,#3862,#3863);
#3861 = CARTESIAN_POINT('',(7.19,-53.88,0.));
#3862 = DIRECTION('',(0.195088891121,0.980785565025,-0.));
#3863 = DIRECTION('',(0.980785565025,-0.195088891121,0.));
#3864 = DEFINITIONAL_REPRESENTATION('',(#3865),#3869);
#3865 = LINE('',#3866,#3867);
#3866 = CARTESIAN_POINT('',(0.,0.));
#3867 = VECTOR('',#3868,1.);
#3868 = DIRECTION('',(1.,0.));
#3869 = ( GEOMETRIC_REPRESENTATION_CONTEXT(2) 
PARAMETRIC_REPRESENTATION_CONTEXT() REPRESENTATION_CONTEXT('2D SPACE',''
  ) );
#3870 = ORIENTED_EDGE('',*,*,#3871,.F.);
#3871 = EDGE_CURVE('',#3872,#3844,#3874,.T.);
#3872 = VERTEX_POINT('',#3873);
#3873 = CARTESIAN_POINT('',(6.59,-53.88,0.));
#3874 = SURFACE_CURVE('',#3875,(#3879,#3886),.PCURVE_S1.);
#3875 = LINE('',#3876,#3877);
#3876 = CARTESIAN_POINT('',(6.59,-53.88,0.));
#3877 = VECTOR('',#3878,1.);
#3878 = DIRECTION('',(1.,0.,0.));
#3879 = PCURVE('',#144,#3880);
#3880 = DEFINITIONAL_REPRESENTATION('',(#3881),#3885);
#3881 = LINE('',#3882,#3883);
#3882 = CARTESIAN_POINT('',(30.91,1.12));
#3883 = VECTOR('',#3884,1.);
#3884 = DIRECTION('',(-1.,0.));
#3885 = ( GEOMETRIC_REPRESENTATION_CONTEXT(2) 
PARAMETRIC_REPRESENTATION_CONTEXT() REPRESENTATION_CONTEXT('2D SPACE',''
  ) );
#3886 = PCURVE('',#3887,#3892);
#3887 = PLANE('',#3888);
#3888 = AXIS2_PLACEMENT_3D('',#3889,#3890,#3891);
#3889 = CARTESIAN_POINT('',(6.59,-53.88,0.));
#3890 = DIRECTION('',(0.,1.,0.));
#3891 = DIRECTION('',(1.,0.,0.));
#3892 = DEFINITIONAL_REPRESENTATION('',(#3893),#3897);
#3893 = LINE('',#3894,#3895);
#3894 = CARTESIAN_POINT('',(0.,0.));
#3895 = VECTOR('',#3896,1.);
#3896 = DIRECTION('',(1.,0.));
#3897 = ( GEOMETRIC_REPRESENTATION_CONTEXT(2) 
PARAMETRIC_REPRESENTATION_CONTEXT() REPRESENTATION_CONTEXT('2D SPACE',''
  ) );
#3898 = ORIENTED_EDGE('',*,*,#3899,.F.);
#3899 = EDGE_CURVE('',#3900,#3872,#3902,.T.);
#3900 = VERTEX_POINT('',#3901);
#3901 = CARTESIAN_POINT('',(6.494329,-53.89903,0.));
#3902 = SURFACE_CURVE('',#3903,(#3907,#3914),.PCURVE_S1.);
#3903 = LINE('',#3904,#3905);
#3904 = CARTESIAN_POINT('',(6.494329,-53.89903,0.));
#3905 = VECTOR('',#3906,1.);
#3906 = DIRECTION('',(0.980785565025,0.195088891121,0.));
#3907 = PCURVE('',#144,#3908);
#3908 = DEFINITIONAL_REPRESENTATION('',(#3909),#3913);
#3909 = LINE('',#3910,#3911);
#3910 = CARTESIAN_POINT('',(31.005671,1.10097));
#3911 = VECTOR('',#3912,1.);
#3912 = DIRECTION('',(-0.980785565025,0.195088891121));
#3913 = ( GEOMETRIC_REPRESENTATION_CONTEXT(2) 
PARAMETRIC_REPRESENTATION_CONTEXT() REPRESENTATION_CONTEXT('2D SPACE',''
  ) );
#3914 = PCURVE('',#3915,#3920);
#3915 = PLANE('',#3916);
#3916 = AXIS2_PLACEMENT_3D('',#3917,#3918,#3919);
#3917 = CARTESIAN_POINT('',(6.494329,-53.89903,0.));
#3918 = DIRECTION('',(-0.195088891121,0.980785565025,0.));
#3919 = DIRECTION('',(0.980785565025,0.195088891121,0.));
#3920 = DEFINITIONAL_REPRESENTATION('',(#3921),#3925);
#3921 = LINE('',#3922,#3923);
#3922 = CARTESIAN_POINT('',(0.,0.));
#3923 = VECTOR('',#3924,1.);
#3924 = DIRECTION('',(1.,0.));
#3925 = ( GEOMETRIC_REPRESENTATION_CONTEXT(2) 
PARAMETRIC_REPRESENTATION_CONTEXT() REPRESENTATION_CONTEXT('2D SPACE',''
  ) );
#3926 = ORIENTED_EDGE('',*,*,#3927,.F.);
#3927 = EDGE_CURVE('',#3928,#3900,#3930,.T.);
#3928 = VERTEX_POINT('',#3929);
#3929 = CARTESIAN_POINT('',(6.413223,-53.953223,0.));
#3930 = SURFACE_CURVE('',#3931,(#3935,#3942),.PCURVE_S1.);
#3931 = LINE('',#3932,#3933);
#3932 = CARTESIAN_POINT('',(6.413223,-53.953223,0.));
#3933 = VECTOR('',#3934,1.);
#3934 = DIRECTION('',(0.831471016927,0.555568130845,0.));
#3935 = PCURVE('',#144,#3936);
#3936 = DEFINITIONAL_REPRESENTATION('',(#3937),#3941);
#3937 = LINE('',#3938,#3939);
#3938 = CARTESIAN_POINT('',(31.086777,1.046777));
#3939 = VECTOR('',#3940,1.);
#3940 = DIRECTION('',(-0.831471016927,0.555568130845));
#3941 = ( GEOMETRIC_REPRESENTATION_CONTEXT(2) 
PARAMETRIC_REPRESENTATION_CONTEXT() REPRESENTATION_CONTEXT('2D SPACE',''
  ) );
#3942 = PCURVE('',#3943,#3948);
#3943 = PLANE('',#3944);
#3944 = AXIS2_PLACEMENT_3D('',#3945,#3946,#3947);
#3945 = CARTESIAN_POINT('',(6.413223,-53.953223,0.));
#3946 = DIRECTION('',(-0.555568130845,0.831471016927,0.));
#3947 = DIRECTION('',(0.831471016927,0.555568130845,0.));
#3948 = DEFINITIONAL_REPRESENTATION('',(#3949),#3953);
#3949 = LINE('',#3950,#3951);
#3950 = CARTESIAN_POINT('',(0.,0.));
#3951 = VECTOR('',#3952,1.);
#3952 = DIRECTION('',(1.,0.));
#3953 = ( GEOMETRIC_REPRESENTATION_CONTEXT(2) 
PARAMETRIC_REPRESENTATION_CONTEXT() REPRESENTATION_CONTEXT('2D SPACE',''
  ) );
#3954 = ORIENTED_EDGE('',*,*,#3955,.F.);
#3955 = EDGE_CURVE('',#3956,#3928,#3958,.T.);
#3956 = VERTEX_POINT('',#3957);
#3957 = CARTESIAN_POINT('',(6.35903,-54.034329,0.));
#3958 = SURFACE_CURVE('',#3959,(#3963,#3970),.PCURVE_S1.);
#3959 = LINE('',#3960,#3961);
#3960 = CARTESIAN_POINT('',(6.35903,-54.034329,0.));
#3961 = VECTOR('',#3962,1.);
#3962 = DIRECTION('',(0.555568130845,0.831471016927,0.));
#3963 = PCURVE('',#144,#3964);
#3964 = DEFINITIONAL_REPRESENTATION('',(#3965),#3969);
#3965 = LINE('',#3966,#3967);
#3966 = CARTESIAN_POINT('',(31.14097,0.965671));
#3967 = VECTOR('',#3968,1.);
#3968 = DIRECTION('',(-0.555568130845,0.831471016927));
#3969 = ( GEOMETRIC_REPRESENTATION_CONTEXT(2) 
PARAMETRIC_REPRESENTATION_CONTEXT() REPRESENTATION_CONTEXT('2D SPACE',''
  ) );
#3970 = PCURVE('',#3971,#3976);
#3971 = PLANE('',#3972);
#3972 = AXIS2_PLACEMENT_3D('',#3973,#3974,#3975);
#3973 = CARTESIAN_POINT('',(6.35903,-54.034329,0.));
#3974 = DIRECTION('',(-0.831471016927,0.555568130845,0.));
#3975 = DIRECTION('',(0.555568130845,0.831471016927,0.));
#3976 = DEFINITIONAL_REPRESENTATION('',(#3977),#3981);
#3977 = LINE('',#3978,#3979);
#3978 = CARTESIAN_POINT('',(0.,0.));
#3979 = VECTOR('',#3980,1.);
#3980 = DIRECTION('',(1.,0.));
#3981 = ( GEOMETRIC_REPRESENTATION_CONTEXT(2) 
PARAMETRIC_REPRESENTATION_CONTEXT() REPRESENTATION_CONTEXT('2D SPACE',''
  ) );
#3982 = ORIENTED_EDGE('',*,*,#3983,.F.);
#3983 = EDGE_CURVE('',#3984,#3956,#3986,.T.);
#3984 = VERTEX_POINT('',#3985);
#3985 = CARTESIAN_POINT('',(6.34,-54.13,0.));
#3986 = SURFACE_CURVE('',#3987,(#3991,#3998),.PCURVE_S1.);
#3987 = LINE('',#3988,#3989);
#3988 = CARTESIAN_POINT('',(6.34,-54.13,0.));
#3989 = VECTOR('',#3990,1.);
#3990 = DIRECTION('',(0.195088891121,0.980785565025,0.));
#3991 = PCURVE('',#144,#3992);
#3992 = DEFINITIONAL_REPRESENTATION('',(#3993),#3997);
#3993 = LINE('',#3994,#3995);
#3994 = CARTESIAN_POINT('',(31.16,0.87));
#3995 = VECTOR('',#3996,1.);
#3996 = DIRECTION('',(-0.195088891121,0.980785565025));
#3997 = ( GEOMETRIC_REPRESENTATION_CONTEXT(2) 
PARAMETRIC_REPRESENTATION_CONTEXT() REPRESENTATION_CONTEXT('2D SPACE',''
  ) );
#3998 = PCURVE('',#3999,#4004);
#3999 = PLANE('',#4000);
#4000 = AXIS2_PLACEMENT_3D('',#4001,#4002,#4003);
#4001 = CARTESIAN_POINT('',(6.34,-54.13,0.));
#4002 = DIRECTION('',(-0.980785565025,0.195088891121,0.));
#4003 = DIRECTION('',(0.195088891121,0.980785565025,0.));
#4004 = DEFINITIONAL_REPRESENTATION('',(#4005),#4009);
#4005 = LINE('',#4006,#4007);
#4006 = CARTESIAN_POINT('',(0.,0.));
#4007 = VECTOR('',#4008,1.);
#4008 = DIRECTION('',(1.,0.));
#4009 = ( GEOMETRIC_REPRESENTATION_CONTEXT(2) 
PARAMETRIC_REPRESENTATION_CONTEXT() REPRESENTATION_CONTEXT('2D SPACE',''
  ) );
#4010 = ORIENTED_EDGE('',*,*,#4011,.F.);
#4011 = EDGE_CURVE('',#4012,#3984,#4014,.T.);
#4012 = VERTEX_POINT('',#4013);
#4013 = CARTESIAN_POINT('',(6.35903,-54.225671,0.));
#4014 = SURFACE_CURVE('',#4015,(#4019,#4026),.PCURVE_S1.);
#4015 = LINE('',#4016,#4017);
#4016 = CARTESIAN_POINT('',(6.35903,-54.225671,0.));
#4017 = VECTOR('',#4018,1.);
#4018 = DIRECTION('',(-0.195088891121,0.980785565025,0.));
#4019 = PCURVE('',#144,#4020);
#4020 = DEFINITIONAL_REPRESENTATION('',(#4021),#4025);
#4021 = LINE('',#4022,#4023);
#4022 = CARTESIAN_POINT('',(31.14097,0.774329));
#4023 = VECTOR('',#4024,1.);
#4024 = DIRECTION('',(0.195088891121,0.980785565025));
#4025 = ( GEOMETRIC_REPRESENTATION_CONTEXT(2) 
PARAMETRIC_REPRESENTATION_CONTEXT() REPRESENTATION_CONTEXT('2D SPACE',''
  ) );
#4026 = PCURVE('',#4027,#4032);
#4027 = PLANE('',#4028);
#4028 = AXIS2_PLACEMENT_3D('',#4029,#4030,#4031);
#4029 = CARTESIAN_POINT('',(6.35903,-54.225671,0.));
#4030 = DIRECTION('',(-0.980785565025,-0.195088891121,0.));
#4031 = DIRECTION('',(-0.195088891121,0.980785565025,0.));
#4032 = DEFINITIONAL_REPRESENTATION('',(#4033),#4037);
#4033 = LINE('',#4034,#4035);
#4034 = CARTESIAN_POINT('',(0.,0.));
#4035 = VECTOR('',#4036,1.);
#4036 = DIRECTION('',(1.,0.));
#4037 = ( GEOMETRIC_REPRESENTATION_CONTEXT(2) 
PARAMETRIC_REPRESENTATION_CONTEXT() REPRESENTATION_CONTEXT('2D SPACE',''
  ) );
#4038 = ORIENTED_EDGE('',*,*,#4039,.F.);
#4039 = EDGE_CURVE('',#4040,#4012,#4042,.T.);
#4040 = VERTEX_POINT('',#4041);
#4041 = CARTESIAN_POINT('',(6.413223,-54.306777,0.));
#4042 = SURFACE_CURVE('',#4043,(#4047,#4054),.PCURVE_S1.);
#4043 = LINE('',#4044,#4045);
#4044 = CARTESIAN_POINT('',(6.413223,-54.306777,0.));
#4045 = VECTOR('',#4046,1.);
#4046 = DIRECTION('',(-0.555568130845,0.831471016927,0.));
#4047 = PCURVE('',#144,#4048);
#4048 = DEFINITIONAL_REPRESENTATION('',(#4049),#4053);
#4049 = LINE('',#4050,#4051);
#4050 = CARTESIAN_POINT('',(31.086777,0.693223));
#4051 = VECTOR('',#4052,1.);
#4052 = DIRECTION('',(0.555568130845,0.831471016927));
#4053 = ( GEOMETRIC_REPRESENTATION_CONTEXT(2) 
PARAMETRIC_REPRESENTATION_CONTEXT() REPRESENTATION_CONTEXT('2D SPACE',''
  ) );
#4054 = PCURVE('',#4055,#4060);
#4055 = PLANE('',#4056);
#4056 = AXIS2_PLACEMENT_3D('',#4057,#4058,#4059);
#4057 = CARTESIAN_POINT('',(6.413223,-54.306777,0.));
#4058 = DIRECTION('',(-0.831471016927,-0.555568130845,0.));
#4059 = DIRECTION('',(-0.555568130845,0.831471016927,0.));
#4060 = DEFINITIONAL_REPRESENTATION('',(#4061),#4065);
#4061 = LINE('',#4062,#4063);
#4062 = CARTESIAN_POINT('',(0.,0.));
#4063 = VECTOR('',#4064,1.);
#4064 = DIRECTION('',(1.,0.));
#4065 = ( GEOMETRIC_REPRESENTATION_CONTEXT(2) 
PARAMETRIC_REPRESENTATION_CONTEXT() REPRESENTATION_CONTEXT('2D SPACE',''
  ) );
#4066 = ORIENTED_EDGE('',*,*,#4067,.F.);
#4067 = EDGE_CURVE('',#4068,#4040,#4070,.T.);
#4068 = VERTEX_POINT('',#4069);
#4069 = CARTESIAN_POINT('',(6.494329,-54.36097,0.));
#4070 = SURFACE_CURVE('',#4071,(#4075,#4082),.PCURVE_S1.);
#4071 = LINE('',#4072,#4073);
#4072 = CARTESIAN_POINT('',(6.494329,-54.36097,0.));
#4073 = VECTOR('',#4074,1.);
#4074 = DIRECTION('',(-0.831471016927,0.555568130845,0.));
#4075 = PCURVE('',#144,#4076);
#4076 = DEFINITIONAL_REPRESENTATION('',(#4077),#4081);
#4077 = LINE('',#4078,#4079);
#4078 = CARTESIAN_POINT('',(31.005671,0.63903));
#4079 = VECTOR('',#4080,1.);
#4080 = DIRECTION('',(0.831471016927,0.555568130845));
#4081 = ( GEOMETRIC_REPRESENTATION_CONTEXT(2) 
PARAMETRIC_REPRESENTATION_CONTEXT() REPRESENTATION_CONTEXT('2D SPACE',''
  ) );
#4082 = PCURVE('',#4083,#4088);
#4083 = PLANE('',#4084);
#4084 = AXIS2_PLACEMENT_3D('',#4085,#4086,#4087);
#4085 = CARTESIAN_POINT('',(6.494329,-54.36097,0.));
#4086 = DIRECTION('',(-0.555568130845,-0.831471016927,0.));
#4087 = DIRECTION('',(-0.831471016927,0.555568130845,0.));
#4088 = DEFINITIONAL_REPRESENTATION('',(#4089),#4093);
#4089 = LINE('',#4090,#4091);
#4090 = CARTESIAN_POINT('',(0.,0.));
#4091 = VECTOR('',#4092,1.);
#4092 = DIRECTION('',(1.,0.));
#4093 = ( GEOMETRIC_REPRESENTATION_CONTEXT(2) 
PARAMETRIC_REPRESENTATION_CONTEXT() REPRESENTATION_CONTEXT('2D SPACE',''
  ) );
#4094 = ORIENTED_EDGE('',*,*,#4095,.F.);
#4095 = EDGE_CURVE('',#4096,#4068,#4098,.T.);
#4096 = VERTEX_POINT('',#4097);
#4097 = CARTESIAN_POINT('',(6.59,-54.38,0.));
#4098 = SURFACE_CURVE('',#4099,(#4103,#4110),.PCURVE_S1.);
#4099 = LINE('',#4100,#4101);
#4100 = CARTESIAN_POINT('',(6.59,-54.38,0.));
#4101 = VECTOR('',#4102,1.);
#4102 = DIRECTION('',(-0.980785565025,0.195088891121,0.));
#4103 = PCURVE('',#144,#4104);
#4104 = DEFINITIONAL_REPRESENTATION('',(#4105),#4109);
#4105 = LINE('',#4106,#4107);
#4106 = CARTESIAN_POINT('',(30.91,0.62));
#4107 = VECTOR('',#4108,1.);
#4108 = DIRECTION('',(0.980785565025,0.195088891121));
#4109 = ( GEOMETRIC_REPRESENTATION_CONTEXT(2) 
PARAMETRIC_REPRESENTATION_CONTEXT() REPRESENTATION_CONTEXT('2D SPACE',''
  ) );
#4110 = PCURVE('',#4111,#4116);
#4111 = PLANE('',#4112);
#4112 = AXIS2_PLACEMENT_3D('',#4113,#4114,#4115);
#4113 = CARTESIAN_POINT('',(6.59,-54.38,0.));
#4114 = DIRECTION('',(-0.195088891121,-0.980785565025,0.));
#4115 = DIRECTION('',(-0.980785565025,0.195088891121,0.));
#4116 = DEFINITIONAL_REPRESENTATION('',(#4117),#4121);
#4117 = LINE('',#4118,#4119);
#4118 = CARTESIAN_POINT('',(0.,0.));
#4119 = VECTOR('',#4120,1.);
#4120 = DIRECTION('',(1.,0.));
#4121 = ( GEOMETRIC_REPRESENTATION_CONTEXT(2) 
PARAMETRIC_REPRESENTATION_CONTEXT() REPRESENTATION_CONTEXT('2D SPACE',''
  ) );
#4122 = ORIENTED_EDGE('',*,*,#4123,.F.);
#4123 = EDGE_CURVE('',#4124,#4096,#4126,.T.);
#4124 = VERTEX_POINT('',#4125);
#4125 = CARTESIAN_POINT('',(7.19,-54.38,0.));
#4126 = SURFACE_CURVE('',#4127,(#4131,#4138),.PCURVE_S1.);
#4127 = LINE('',#4128,#4129);
#4128 = CARTESIAN_POINT('',(7.19,-54.38,0.));
#4129 = VECTOR('',#4130,1.);
#4130 = DIRECTION('',(-1.,0.,0.));
#4131 = PCURVE('',#144,#4132);
#4132 = DEFINITIONAL_REPRESENTATION('',(#4133),#4137);
#4133 = LINE('',#4134,#4135);
#4134 = CARTESIAN_POINT('',(30.31,0.62));
#4135 = VECTOR('',#4136,1.);
#4136 = DIRECTION('',(1.,0.));
#4137 = ( GEOMETRIC_REPRESENTATION_CONTEXT(2) 
PARAMETRIC_REPRESENTATION_CONTEXT() REPRESENTATION_CONTEXT('2D SPACE',''
  ) );
#4138 = PCURVE('',#4139,#4144);
#4139 = PLANE('',#4140);
#4140 = AXIS2_PLACEMENT_3D('',#4141,#4142,#4143);
#4141 = CARTESIAN_POINT('',(7.19,-54.38,0.));
#4142 = DIRECTION('',(0.,-1.,0.));
#4143 = DIRECTION('',(-1.,0.,0.));
#4144 = DEFINITIONAL_REPRESENTATION('',(#4145),#4149);
#4145 = LINE('',#4146,#4147);
#4146 = CARTESIAN_POINT('',(0.,-0.));
#4147 = VECTOR('',#4148,1.);
#4148 = DIRECTION('',(1.,0.));
#4149 = ( GEOMETRIC_REPRESENTATION_CONTEXT(2) 
PARAMETRIC_REPRESENTATION_CONTEXT() REPRESENTATION_CONTEXT('2D SPACE',''
  ) );
#4150 = ORIENTED_EDGE('',*,*,#4151,.F.);
#4151 = EDGE_CURVE('',#4152,#4124,#4154,.T.);
#4152 = VERTEX_POINT('',#4153);
#4153 = CARTESIAN_POINT('',(7.285671,-54.36097,0.));
#4154 = SURFACE_CURVE('',#4155,(#4159,#4166),.PCURVE_S1.);
#4155 = LINE('',#4156,#4157);
#4156 = CARTESIAN_POINT('',(7.285671,-54.36097,0.));
#4157 = VECTOR('',#4158,1.);
#4158 = DIRECTION('',(-0.980785565025,-0.195088891121,0.));
#4159 = PCURVE('',#144,#4160);
#4160 = DEFINITIONAL_REPRESENTATION('',(#4161),#4165);
#4161 = LINE('',#4162,#4163);
#4162 = CARTESIAN_POINT('',(30.214329,0.63903));
#4163 = VECTOR('',#4164,1.);
#4164 = DIRECTION('',(0.980785565025,-0.195088891121));
#4165 = ( GEOMETRIC_REPRESENTATION_CONTEXT(2) 
PARAMETRIC_REPRESENTATION_CONTEXT() REPRESENTATION_CONTEXT('2D SPACE',''
  ) );
#4166 = PCURVE('',#4167,#4172);
#4167 = PLANE('',#4168);
#4168 = AXIS2_PLACEMENT_3D('',#4169,#4170,#4171);
#4169 = CARTESIAN_POINT('',(7.285671,-54.36097,0.));
#4170 = DIRECTION('',(0.195088891121,-0.980785565025,0.));
#4171 = DIRECTION('',(-0.980785565025,-0.195088891121,0.));
#4172 = DEFINITIONAL_REPRESENTATION('',(#4173),#4177);
#4173 = LINE('',#4174,#4175);
#4174 = CARTESIAN_POINT('',(0.,0.));
#4175 = VECTOR('',#4176,1.);
#4176 = DIRECTION('',(1.,0.));
#4177 = ( GEOMETRIC_REPRESENTATION_CONTEXT(2) 
PARAMETRIC_REPRESENTATION_CONTEXT() REPRESENTATION_CONTEXT('2D SPACE',''
  ) );
#4178 = ORIENTED_EDGE('',*,*,#4179,.F.);
#4179 = EDGE_CURVE('',#4180,#4152,#4182,.T.);
#4180 = VERTEX_POINT('',#4181);
#4181 = CARTESIAN_POINT('',(7.366777,-54.306777,0.));
#4182 = SURFACE_CURVE('',#4183,(#4187,#4194),.PCURVE_S1.);
#4183 = LINE('',#4184,#4185);
#4184 = CARTESIAN_POINT('',(7.366777,-54.306777,0.));
#4185 = VECTOR('',#4186,1.);
#4186 = DIRECTION('',(-0.831471016927,-0.555568130845,0.));
#4187 = PCURVE('',#144,#4188);
#4188 = DEFINITIONAL_REPRESENTATION('',(#4189),#4193);
#4189 = LINE('',#4190,#4191);
#4190 = CARTESIAN_POINT('',(30.133223,0.693223));
#4191 = VECTOR('',#4192,1.);
#4192 = DIRECTION('',(0.831471016927,-0.555568130845));
#4193 = ( GEOMETRIC_REPRESENTATION_CONTEXT(2) 
PARAMETRIC_REPRESENTATION_CONTEXT() REPRESENTATION_CONTEXT('2D SPACE',''
  ) );
#4194 = PCURVE('',#4195,#4200);
#4195 = PLANE('',#4196);
#4196 = AXIS2_PLACEMENT_3D('',#4197,#4198,#4199);
#4197 = CARTESIAN_POINT('',(7.366777,-54.306777,0.));
#4198 = DIRECTION('',(0.555568130845,-0.831471016927,0.));
#4199 = DIRECTION('',(-0.831471016927,-0.555568130845,0.));
#4200 = DEFINITIONAL_REPRESENTATION('',(#4201),#4205);
#4201 = LINE('',#4202,#4203);
#4202 = CARTESIAN_POINT('',(0.,0.));
#4203 = VECTOR('',#4204,1.);
#4204 = DIRECTION('',(1.,0.));
#4205 = ( GEOMETRIC_REPRESENTATION_CONTEXT(2) 
PARAMETRIC_REPRESENTATION_CONTEXT() REPRESENTATION_CONTEXT('2D SPACE',''
  ) );
#4206 = ORIENTED_EDGE('',*,*,#4207,.F.);
#4207 = EDGE_CURVE('',#4208,#4180,#4210,.T.);
#4208 = VERTEX_POINT('',#4209);
#4209 = CARTESIAN_POINT('',(7.42097,-54.225671,0.));
#4210 = SURFACE_CURVE('',#4211,(#4215,#4222),.PCURVE_S1.);
#4211 = LINE('',#4212,#4213);
#4212 = CARTESIAN_POINT('',(7.42097,-54.225671,0.));
#4213 = VECTOR('',#4214,1.);
#4214 = DIRECTION('',(-0.555568130845,-0.831471016927,0.));
#4215 = PCURVE('',#144,#4216);
#4216 = DEFINITIONAL_REPRESENTATION('',(#4217),#4221);
#4217 = LINE('',#4218,#4219);
#4218 = CARTESIAN_POINT('',(30.07903,0.774329));
#4219 = VECTOR('',#4220,1.);
#4220 = DIRECTION('',(0.555568130845,-0.831471016927));
#4221 = ( GEOMETRIC_REPRESENTATION_CONTEXT(2) 
PARAMETRIC_REPRESENTATION_CONTEXT() REPRESENTATION_CONTEXT('2D SPACE',''
  ) );
#4222 = PCURVE('',#4223,#4228);
#4223 = PLANE('',#4224);
#4224 = AXIS2_PLACEMENT_3D('',#4225,#4226,#4227);
#4225 = CARTESIAN_POINT('',(7.42097,-54.225671,0.));
#4226 = DIRECTION('',(0.831471016927,-0.555568130845,0.));
#4227 = DIRECTION('',(-0.555568130845,-0.831471016927,0.));
#4228 = DEFINITIONAL_REPRESENTATION('',(#4229),#4233);
#4229 = LINE('',#4230,#4231);
#4230 = CARTESIAN_POINT('',(0.,0.));
#4231 = VECTOR('',#4232,1.);
#4232 = DIRECTION('',(1.,0.));
#4233 = ( GEOMETRIC_REPRESENTATION_CONTEXT(2) 
PARAMETRIC_REPRESENTATION_CONTEXT() REPRESENTATION_CONTEXT('2D SPACE',''
  ) );
#4234 = ORIENTED_EDGE('',*,*,#4235,.F.);
#4235 = EDGE_CURVE('',#4236,#4208,#4238,.T.);
#4236 = VERTEX_POINT('',#4237);
#4237 = CARTESIAN_POINT('',(7.44,-54.13,0.));
#4238 = SURFACE_CURVE('',#4239,(#4243,#4250),.PCURVE_S1.);
#4239 = LINE('',#4240,#4241);
#4240 = CARTESIAN_POINT('',(7.44,-54.13,0.));
#4241 = VECTOR('',#4242,1.);
#4242 = DIRECTION('',(-0.195088891121,-0.980785565025,0.));
#4243 = PCURVE('',#144,#4244);
#4244 = DEFINITIONAL_REPRESENTATION('',(#4245),#4249);
#4245 = LINE('',#4246,#4247);
#4246 = CARTESIAN_POINT('',(30.06,0.87));
#4247 = VECTOR('',#4248,1.);
#4248 = DIRECTION('',(0.195088891121,-0.980785565025));
#4249 = ( GEOMETRIC_REPRESENTATION_CONTEXT(2) 
PARAMETRIC_REPRESENTATION_CONTEXT() REPRESENTATION_CONTEXT('2D SPACE',''
  ) );
#4250 = PCURVE('',#4251,#4256);
#4251 = PLANE('',#4252);
#4252 = AXIS2_PLACEMENT_3D('',#4253,#4254,#4255);
#4253 = CARTESIAN_POINT('',(7.44,-54.13,0.));
#4254 = DIRECTION('',(0.980785565025,-0.195088891121,0.));
#4255 = DIRECTION('',(-0.195088891121,-0.980785565025,0.));
#4256 = DEFINITIONAL_REPRESENTATION('',(#4257),#4261);
#4257 = LINE('',#4258,#4259);
#4258 = CARTESIAN_POINT('',(0.,0.));
#4259 = VECTOR('',#4260,1.);
#4260 = DIRECTION('',(1.,0.));
#4261 = ( GEOMETRIC_REPRESENTATION_CONTEXT(2) 
PARAMETRIC_REPRESENTATION_CONTEXT() REPRESENTATION_CONTEXT('2D SPACE',''
  ) );
#4262 = ORIENTED_EDGE('',*,*,#4263,.F.);
#4263 = EDGE_CURVE('',#4264,#4236,#4266,.T.);
#4264 = VERTEX_POINT('',#4265);
#4265 = CARTESIAN_POINT('',(7.42097,-54.034329,0.));
#4266 = SURFACE_CURVE('',#4267,(#4271,#4278),.PCURVE_S1.);
#4267 = LINE('',#4268,#4269);
#4268 = CARTESIAN_POINT('',(7.42097,-54.034329,0.));
#4269 = VECTOR('',#4270,1.);
#4270 = DIRECTION('',(0.195088891121,-0.980785565025,0.));
#4271 = PCURVE('',#144,#4272);
#4272 = DEFINITIONAL_REPRESENTATION('',(#4273),#4277);
#4273 = LINE('',#4274,#4275);
#4274 = CARTESIAN_POINT('',(30.07903,0.965671));
#4275 = VECTOR('',#4276,1.);
#4276 = DIRECTION('',(-0.195088891121,-0.980785565025));
#4277 = ( GEOMETRIC_REPRESENTATION_CONTEXT(2) 
PARAMETRIC_REPRESENTATION_CONTEXT() REPRESENTATION_CONTEXT('2D SPACE',''
  ) );
#4278 = PCURVE('',#4279,#4284);
#4279 = PLANE('',#4280);
#4280 = AXIS2_PLACEMENT_3D('',#4281,#4282,#4283);
#4281 = CARTESIAN_POINT('',(7.42097,-54.034329,0.));
#4282 = DIRECTION('',(0.980785565025,0.195088891121,-0.));
#4283 = DIRECTION('',(0.195088891121,-0.980785565025,0.));
#4284 = DEFINITIONAL_REPRESENTATION('',(#4285),#4289);
#4285 = LINE('',#4286,#4287);
#4286 = CARTESIAN_POINT('',(0.,0.));
#4287 = VECTOR('',#4288,1.);
#4288 = DIRECTION('',(1.,0.));
#4289 = ( GEOMETRIC_REPRESENTATION_CONTEXT(2) 
PARAMETRIC_REPRESENTATION_CONTEXT() REPRESENTATION_CONTEXT('2D SPACE',''
  ) );
#4290 = ORIENTED_EDGE('',*,*,#4291,.F.);
#4291 = EDGE_CURVE('',#3816,#4264,#4292,.T.);
#4292 = SURFACE_CURVE('',#4293,(#4297,#4304),.PCURVE_S1.);
#4293 = LINE('',#4294,#4295);
#4294 = CARTESIAN_POINT('',(7.366777,-53.953223,0.));
#4295 = VECTOR('',#4296,1.);
#4296 = DIRECTION('',(0.555568130845,-0.831471016927,0.));
#4297 = PCURVE('',#144,#4298);
#4298 = DEFINITIONAL_REPRESENTATION('',(#4299),#4303);
#4299 = LINE('',#4300,#4301);
#4300 = CARTESIAN_POINT('',(30.133223,1.046777));
#4301 = VECTOR('',#4302,1.);
#4302 = DIRECTION('',(-0.555568130845,-0.831471016927));
#4303 = ( GEOMETRIC_REPRESENTATION_CONTEXT(2) 
PARAMETRIC_REPRESENTATION_CONTEXT() REPRESENTATION_CONTEXT('2D SPACE',''
  ) );
#4304 = PCURVE('',#4305,#4310);
#4305 = PLANE('',#4306);
#4306 = AXIS2_PLACEMENT_3D('',#4307,#4308,#4309);
#4307 = CARTESIAN_POINT('',(7.366777,-53.953223,0.));
#4308 = DIRECTION('',(0.831471016927,0.555568130845,-0.));
#4309 = DIRECTION('',(0.555568130845,-0.831471016927,0.));
#4310 = DEFINITIONAL_REPRESENTATION('',(#4311),#4315);
#4311 = LINE('',#4312,#4313);
#4312 = CARTESIAN_POINT('',(0.,0.));
#4313 = VECTOR('',#4314,1.);
#4314 = DIRECTION('',(1.,0.));
#4315 = ( GEOMETRIC_REPRESENTATION_CONTEXT(2) 
PARAMETRIC_REPRESENTATION_CONTEXT() REPRESENTATION_CONTEXT('2D SPACE',''
  ) );
#4316 = FACE_BOUND('',#4317,.T.);
#4317 = EDGE_LOOP('',(#4318));
#4318 = ORIENTED_EDGE('',*,*,#4319,.T.);
#4319 = EDGE_CURVE('',#4320,#4320,#4322,.T.);
#4320 = VERTEX_POINT('',#4321);
#4321 = CARTESIAN_POINT('',(7.19,-52.4,0.));
#4322 = SURFACE_CURVE('',#4323,(#4328,#4339),.PCURVE_S1.);
#4323 = CIRCLE('',#4324,0.2);
#4324 = AXIS2_PLACEMENT_3D('',#4325,#4326,#4327);
#4325 = CARTESIAN_POINT('',(6.99,-52.4,0.));
#4326 = DIRECTION('',(0.,0.,1.));
#4327 = DIRECTION('',(1.,0.,-0.));
#4328 = PCURVE('',#144,#4329);
#4329 = DEFINITIONAL_REPRESENTATION('',(#4330),#4338);
#4330 = ( BOUNDED_CURVE() B_SPLINE_CURVE(2,(#4331,#4332,#4333,#4334,
#4335,#4336,#4337),.UNSPECIFIED.,.T.,.F.) B_SPLINE_CURVE_WITH_KNOTS((1,2
    ,2,2,2,1),(-2.094395102393,0.,2.094395102393,4.188790204786,
6.28318530718,8.377580409573),.UNSPECIFIED.) CURVE() 
GEOMETRIC_REPRESENTATION_ITEM() RATIONAL_B_SPLINE_CURVE((1.,0.5,1.,0.5,
1.,0.5,1.)) REPRESENTATION_ITEM('') );
#4331 = CARTESIAN_POINT('',(30.31,2.6));
#4332 = CARTESIAN_POINT('',(30.31,2.946410161514));
#4333 = CARTESIAN_POINT('',(30.61,2.773205080757));
#4334 = CARTESIAN_POINT('',(30.91,2.6));
#4335 = CARTESIAN_POINT('',(30.61,2.426794919243));
#4336 = CARTESIAN_POINT('',(30.31,2.253589838486));
#4337 = CARTESIAN_POINT('',(30.31,2.6));
#4338 = ( GEOMETRIC_REPRESENTATION_CONTEXT(2) 
PARAMETRIC_REPRESENTATION_CONTEXT() REPRESENTATION_CONTEXT('2D SPACE',''
  ) );
#4339 = PCURVE('',#4340,#4345);
#4340 = CYLINDRICAL_SURFACE('',#4341,0.2);
#4341 = AXIS2_PLACEMENT_3D('',#4342,#4343,#4344);
#4342 = CARTESIAN_POINT('',(6.99,-52.4,-1.E-02));
#4343 = DIRECTION('',(0.,0.,1.));
#4344 = DIRECTION('',(1.,0.,-0.));
#4345 = DEFINITIONAL_REPRESENTATION('',(#4346),#4350);
#4346 = LINE('',#4347,#4348);
#4347 = CARTESIAN_POINT('',(0.,1.E-02));
#4348 = VECTOR('',#4349,1.);
#4349 = DIRECTION('',(1.,0.));
#4350 = ( GEOMETRIC_REPRESENTATION_CONTEXT(2) 
PARAMETRIC_REPRESENTATION_CONTEXT() REPRESENTATION_CONTEXT('2D SPACE',''
  ) );
#4351 = FACE_BOUND('',#4352,.T.);
#4352 = EDGE_LOOP('',(#4353));
#4353 = ORIENTED_EDGE('',*,*,#4354,.T.);
#4354 = EDGE_CURVE('',#4355,#4355,#4357,.T.);
#4355 = VERTEX_POINT('',#4356);
#4356 = CARTESIAN_POINT('',(7.19,-51.6,0.));
#4357 = SURFACE_CURVE('',#4358,(#4363,#4374),.PCURVE_S1.);
#4358 = CIRCLE('',#4359,0.2);
#4359 = AXIS2_PLACEMENT_3D('',#4360,#4361,#4362);
#4360 = CARTESIAN_POINT('',(6.99,-51.6,0.));
#4361 = DIRECTION('',(0.,0.,1.));
#4362 = DIRECTION('',(1.,0.,-0.));
#4363 = PCURVE('',#144,#4364);
#4364 = DEFINITIONAL_REPRESENTATION('',(#4365),#4373);
#4365 = ( BOUNDED_CURVE() B_SPLINE_CURVE(2,(#4366,#4367,#4368,#4369,
#4370,#4371,#4372),.UNSPECIFIED.,.T.,.F.) B_SPLINE_CURVE_WITH_KNOTS((1,2
    ,2,2,2,1),(-2.094395102393,0.,2.094395102393,4.188790204786,
6.28318530718,8.377580409573),.UNSPECIFIED.) CURVE() 
GEOMETRIC_REPRESENTATION_ITEM() RATIONAL_B_SPLINE_CURVE((1.,0.5,1.,0.5,
1.,0.5,1.)) REPRESENTATION_ITEM('') );
#4366 = CARTESIAN_POINT('',(30.31,3.4));
#4367 = CARTESIAN_POINT('',(30.31,3.746410161514));
#4368 = CARTESIAN_POINT('',(30.61,3.573205080757));
#4369 = CARTESIAN_POINT('',(30.91,3.4));
#4370 = CARTESIAN_POINT('',(30.61,3.226794919243));
#4371 = CARTESIAN_POINT('',(30.31,3.053589838486));
#4372 = CARTESIAN_POINT('',(30.31,3.4));
#4373 = ( GEOMETRIC_REPRESENTATION_CONTEXT(2) 
PARAMETRIC_REPRESENTATION_CONTEXT() REPRESENTATION_CONTEXT('2D SPACE',''
  ) );
#4374 = PCURVE('',#4375,#4380);
#4375 = CYLINDRICAL_SURFACE('',#4376,0.2);
#4376 = AXIS2_PLACEMENT_3D('',#4377,#4378,#4379);
#4377 = CARTESIAN_POINT('',(6.99,-51.6,-1.E-02));
#4378 = DIRECTION('',(0.,0.,1.));
#4379 = DIRECTION('',(1.,0.,-0.));
#4380 = DEFINITIONAL_REPRESENTATION('',(#4381),#4385);
#4381 = LINE('',#4382,#4383);
#4382 = CARTESIAN_POINT('',(0.,1.E-02));
#4383 = VECTOR('',#4384,1.);
#4384 = DIRECTION('',(1.,0.));
#4385 = ( GEOMETRIC_REPRESENTATION_CONTEXT(2) 
PARAMETRIC_REPRESENTATION_CONTEXT() REPRESENTATION_CONTEXT('2D SPACE',''
  ) );
#4386 = FACE_BOUND('',#4387,.T.);
#4387 = EDGE_LOOP('',(#4388));
#4388 = ORIENTED_EDGE('',*,*,#4389,.T.);
#4389 = EDGE_CURVE('',#4390,#4390,#4392,.T.);
#4390 = VERTEX_POINT('',#4391);
#4391 = CARTESIAN_POINT('',(7.19,-50.8,0.));
#4392 = SURFACE_CURVE('',#4393,(#4398,#4409),.PCURVE_S1.);
#4393 = CIRCLE('',#4394,0.2);
#4394 = AXIS2_PLACEMENT_3D('',#4395,#4396,#4397);
#4395 = CARTESIAN_POINT('',(6.99,-50.8,0.));
#4396 = DIRECTION('',(0.,0.,1.));
#4397 = DIRECTION('',(1.,0.,-0.));
#4398 = PCURVE('',#144,#4399);
#4399 = DEFINITIONAL_REPRESENTATION('',(#4400),#4408);
#4400 = ( BOUNDED_CURVE() B_SPLINE_CURVE(2,(#4401,#4402,#4403,#4404,
#4405,#4406,#4407),.UNSPECIFIED.,.T.,.F.) B_SPLINE_CURVE_WITH_KNOTS((1,2
    ,2,2,2,1),(-2.094395102393,0.,2.094395102393,4.188790204786,
6.28318530718,8.377580409573),.UNSPECIFIED.) CURVE() 
GEOMETRIC_REPRESENTATION_ITEM() RATIONAL_B_SPLINE_CURVE((1.,0.5,1.,0.5,
1.,0.5,1.)) REPRESENTATION_ITEM('') );
#4401 = CARTESIAN_POINT('',(30.31,4.2));
#4402 = CARTESIAN_POINT('',(30.31,4.546410161514));
#4403 = CARTESIAN_POINT('',(30.61,4.373205080757));
#4404 = CARTESIAN_POINT('',(30.91,4.2));
#4405 = CARTESIAN_POINT('',(30.61,4.026794919243));
#4406 = CARTESIAN_POINT('',(30.31,3.853589838486));
#4407 = CARTESIAN_POINT('',(30.31,4.2));
#4408 = ( GEOMETRIC_REPRESENTATION_CONTEXT(2) 
PARAMETRIC_REPRESENTATION_CONTEXT() REPRESENTATION_CONTEXT('2D SPACE',''
  ) );
#4409 = PCURVE('',#4410,#4415);
#4410 = CYLINDRICAL_SURFACE('',#4411,0.2);
#4411 = AXIS2_PLACEMENT_3D('',#4412,#4413,#4414);
#4412 = CARTESIAN_POINT('',(6.99,-50.8,-1.E-02));
#4413 = DIRECTION('',(0.,0.,1.));
#4414 = DIRECTION('',(1.,0.,-0.));
#4415 = DEFINITIONAL_REPRESENTATION('',(#4416),#4420);
#4416 = LINE('',#4417,#4418);
#4417 = CARTESIAN_POINT('',(0.,1.E-02));
#4418 = VECTOR('',#4419,1.);
#4419 = DIRECTION('',(1.,0.));
#4420 = ( GEOMETRIC_REPRESENTATION_CONTEXT(2) 
PARAMETRIC_REPRESENTATION_CONTEXT() REPRESENTATION_CONTEXT('2D SPACE',''
  ) );
#4421 = FACE_BOUND('',#4422,.T.);
#4422 = EDGE_LOOP('',(#4423));
#4423 = ORIENTED_EDGE('',*,*,#4424,.T.);
#4424 = EDGE_CURVE('',#4425,#4425,#4427,.T.);
#4425 = VERTEX_POINT('',#4426);
#4426 = CARTESIAN_POINT('',(7.19,-49.2,0.));
#4427 = SURFACE_CURVE('',#4428,(#4433,#4444),.PCURVE_S1.);
#4428 = CIRCLE('',#4429,0.2);
#4429 = AXIS2_PLACEMENT_3D('',#4430,#4431,#4432);
#4430 = CARTESIAN_POINT('',(6.99,-49.2,0.));
#4431 = DIRECTION('',(0.,0.,1.));
#4432 = DIRECTION('',(1.,0.,-0.));
#4433 = PCURVE('',#144,#4434);
#4434 = DEFINITIONAL_REPRESENTATION('',(#4435),#4443);
#4435 = ( BOUNDED_CURVE() B_SPLINE_CURVE(2,(#4436,#4437,#4438,#4439,
#4440,#4441,#4442),.UNSPECIFIED.,.T.,.F.) B_SPLINE_CURVE_WITH_KNOTS((1,2
    ,2,2,2,1),(-2.094395102393,0.,2.094395102393,4.188790204786,
6.28318530718,8.377580409573),.UNSPECIFIED.) CURVE() 
GEOMETRIC_REPRESENTATION_ITEM() RATIONAL_B_SPLINE_CURVE((1.,0.5,1.,0.5,
1.,0.5,1.)) REPRESENTATION_ITEM('') );
#4436 = CARTESIAN_POINT('',(30.31,5.8));
#4437 = CARTESIAN_POINT('',(30.31,6.146410161514));
#4438 = CARTESIAN_POINT('',(30.61,5.973205080757));
#4439 = CARTESIAN_POINT('',(30.91,5.8));
#4440 = CARTESIAN_POINT('',(30.61,5.626794919243));
#4441 = CARTESIAN_POINT('',(30.31,5.453589838486));
#4442 = CARTESIAN_POINT('',(30.31,5.8));
#4443 = ( GEOMETRIC_REPRESENTATION_CONTEXT(2) 
PARAMETRIC_REPRESENTATION_CONTEXT() REPRESENTATION_CONTEXT('2D SPACE',''
  ) );
#4444 = PCURVE('',#4445,#4450);
#4445 = CYLINDRICAL_SURFACE('',#4446,0.2);
#4446 = AXIS2_PLACEMENT_3D('',#4447,#4448,#4449);
#4447 = CARTESIAN_POINT('',(6.99,-49.2,-1.E-02));
#4448 = DIRECTION('',(0.,0.,1.));
#4449 = DIRECTION('',(1.,0.,-0.));
#4450 = DEFINITIONAL_REPRESENTATION('',(#4451),#4455);
#4451 = LINE('',#4452,#4453);
#4452 = CARTESIAN_POINT('',(0.,1.E-02));
#4453 = VECTOR('',#4454,1.);
#4454 = DIRECTION('',(1.,0.));
#4455 = ( GEOMETRIC_REPRESENTATION_CONTEXT(2) 
PARAMETRIC_REPRESENTATION_CONTEXT() REPRESENTATION_CONTEXT('2D SPACE',''
  ) );
#4456 = FACE_BOUND('',#4457,.T.);
#4457 = EDGE_LOOP('',(#4458));
#4458 = ORIENTED_EDGE('',*,*,#4459,.T.);
#4459 = EDGE_CURVE('',#4460,#4460,#4462,.T.);
#4460 = VERTEX_POINT('',#4461);
#4461 = CARTESIAN_POINT('',(5.965,-53.6,0.));
#4462 = SURFACE_CURVE('',#4463,(#4468,#4479),.PCURVE_S1.);
#4463 = CIRCLE('',#4464,0.325);
#4464 = AXIS2_PLACEMENT_3D('',#4465,#4466,#4467);
#4465 = CARTESIAN_POINT('',(5.64,-53.6,0.));
#4466 = DIRECTION('',(0.,0.,1.));
#4467 = DIRECTION('',(1.,0.,-0.));
#4468 = PCURVE('',#144,#4469);
#4469 = DEFINITIONAL_REPRESENTATION('',(#4470),#4478);
#4470 = ( BOUNDED_CURVE() B_SPLINE_CURVE(2,(#4471,#4472,#4473,#4474,
#4475,#4476,#4477),.UNSPECIFIED.,.T.,.F.) B_SPLINE_CURVE_WITH_KNOTS((1,2
    ,2,2,2,1),(-2.094395102393,0.,2.094395102393,4.188790204786,
6.28318530718,8.377580409573),.UNSPECIFIED.) CURVE() 
GEOMETRIC_REPRESENTATION_ITEM() RATIONAL_B_SPLINE_CURVE((1.,0.5,1.,0.5,
1.,0.5,1.)) REPRESENTATION_ITEM('') );
#4471 = CARTESIAN_POINT('',(31.535,1.4));
#4472 = CARTESIAN_POINT('',(31.535,1.96291651246));
#4473 = CARTESIAN_POINT('',(32.0225,1.68145825623));
#4474 = CARTESIAN_POINT('',(32.51,1.4));
#4475 = CARTESIAN_POINT('',(32.0225,1.11854174377));
#4476 = CARTESIAN_POINT('',(31.535,0.83708348754));
#4477 = CARTESIAN_POINT('',(31.535,1.4));
#4478 = ( GEOMETRIC_REPRESENTATION_CONTEXT(2) 
PARAMETRIC_REPRESENTATION_CONTEXT() REPRESENTATION_CONTEXT('2D SPACE',''
  ) );
#4479 = PCURVE('',#4480,#4485);
#4480 = CYLINDRICAL_SURFACE('',#4481,0.325);
#4481 = AXIS2_PLACEMENT_3D('',#4482,#4483,#4484);
#4482 = CARTESIAN_POINT('',(5.64,-53.6,-1.E-02));
#4483 = DIRECTION('',(0.,0.,1.));
#4484 = DIRECTION('',(1.,0.,-0.));
#4485 = DEFINITIONAL_REPRESENTATION('',(#4486),#4490);
#4486 = LINE('',#4487,#4488);
#4487 = CARTESIAN_POINT('',(0.,1.E-02));
#4488 = VECTOR('',#4489,1.);
#4489 = DIRECTION('',(1.,0.));
#4490 = ( GEOMETRIC_REPRESENTATION_CONTEXT(2) 
PARAMETRIC_REPRESENTATION_CONTEXT() REPRESENTATION_CONTEXT('2D SPACE',''
  ) );
#4491 = FACE_BOUND('',#4492,.T.);
#4492 = EDGE_LOOP('',(#4493));
#4493 = ORIENTED_EDGE('',*,*,#4494,.T.);
#4494 = EDGE_CURVE('',#4495,#4495,#4497,.T.);
#4495 = VERTEX_POINT('',#4496);
#4496 = CARTESIAN_POINT('',(6.49,-52.8,0.));
#4497 = SURFACE_CURVE('',#4498,(#4503,#4514),.PCURVE_S1.);
#4498 = CIRCLE('',#4499,0.2);
#4499 = AXIS2_PLACEMENT_3D('',#4500,#4501,#4502);
#4500 = CARTESIAN_POINT('',(6.29,-52.8,0.));
#4501 = DIRECTION('',(0.,0.,1.));
#4502 = DIRECTION('',(1.,0.,-0.));
#4503 = PCURVE('',#144,#4504);
#4504 = DEFINITIONAL_REPRESENTATION('',(#4505),#4513);
#4505 = ( BOUNDED_CURVE() B_SPLINE_CURVE(2,(#4506,#4507,#4508,#4509,
#4510,#4511,#4512),.UNSPECIFIED.,.T.,.F.) B_SPLINE_CURVE_WITH_KNOTS((1,2
    ,2,2,2,1),(-2.094395102393,0.,2.094395102393,4.188790204786,
6.28318530718,8.377580409573),.UNSPECIFIED.) CURVE() 
GEOMETRIC_REPRESENTATION_ITEM() RATIONAL_B_SPLINE_CURVE((1.,0.5,1.,0.5,
1.,0.5,1.)) REPRESENTATION_ITEM('') );
#4506 = CARTESIAN_POINT('',(31.01,2.2));
#4507 = CARTESIAN_POINT('',(31.01,2.546410161514));
#4508 = CARTESIAN_POINT('',(31.31,2.373205080757));
#4509 = CARTESIAN_POINT('',(31.61,2.2));
#4510 = CARTESIAN_POINT('',(31.31,2.026794919243));
#4511 = CARTESIAN_POINT('',(31.01,1.853589838486));
#4512 = CARTESIAN_POINT('',(31.01,2.2));
#4513 = ( GEOMETRIC_REPRESENTATION_CONTEXT(2) 
PARAMETRIC_REPRESENTATION_CONTEXT() REPRESENTATION_CONTEXT('2D SPACE',''
  ) );
#4514 = PCURVE('',#4515,#4520);
#4515 = CYLINDRICAL_SURFACE('',#4516,0.2);
#4516 = AXIS2_PLACEMENT_3D('',#4517,#4518,#4519);
#4517 = CARTESIAN_POINT('',(6.29,-52.8,-1.E-02));
#4518 = DIRECTION('',(0.,0.,1.));
#4519 = DIRECTION('',(1.,0.,-0.));
#4520 = DEFINITIONAL_REPRESENTATION('',(#4521),#4525);
#4521 = LINE('',#4522,#4523);
#4522 = CARTESIAN_POINT('',(0.,1.E-02));
#4523 = VECTOR('',#4524,1.);
#4524 = DIRECTION('',(1.,0.));
#4525 = ( GEOMETRIC_REPRESENTATION_CONTEXT(2) 
PARAMETRIC_REPRESENTATION_CONTEXT() REPRESENTATION_CONTEXT('2D SPACE',''
  ) );
#4526 = FACE_BOUND('',#4527,.T.);
#4527 = EDGE_LOOP('',(#4528));
#4528 = ORIENTED_EDGE('',*,*,#4529,.T.);
#4529 = EDGE_CURVE('',#4530,#4530,#4532,.T.);
#4530 = VERTEX_POINT('',#4531);
#4531 = CARTESIAN_POINT('',(6.49,-51.2,0.));
#4532 = SURFACE_CURVE('',#4533,(#4538,#4549),.PCURVE_S1.);
#4533 = CIRCLE('',#4534,0.2);
#4534 = AXIS2_PLACEMENT_3D('',#4535,#4536,#4537);
#4535 = CARTESIAN_POINT('',(6.29,-51.2,0.));
#4536 = DIRECTION('',(0.,0.,1.));
#4537 = DIRECTION('',(1.,0.,-0.));
#4538 = PCURVE('',#144,#4539);
#4539 = DEFINITIONAL_REPRESENTATION('',(#4540),#4548);
#4540 = ( BOUNDED_CURVE() B_SPLINE_CURVE(2,(#4541,#4542,#4543,#4544,
#4545,#4546,#4547),.UNSPECIFIED.,.T.,.F.) B_SPLINE_CURVE_WITH_KNOTS((1,2
    ,2,2,2,1),(-2.094395102393,0.,2.094395102393,4.188790204786,
6.28318530718,8.377580409573),.UNSPECIFIED.) CURVE() 
GEOMETRIC_REPRESENTATION_ITEM() RATIONAL_B_SPLINE_CURVE((1.,0.5,1.,0.5,
1.,0.5,1.)) REPRESENTATION_ITEM('') );
#4541 = CARTESIAN_POINT('',(31.01,3.8));
#4542 = CARTESIAN_POINT('',(31.01,4.146410161514));
#4543 = CARTESIAN_POINT('',(31.31,3.973205080757));
#4544 = CARTESIAN_POINT('',(31.61,3.8));
#4545 = CARTESIAN_POINT('',(31.31,3.626794919243));
#4546 = CARTESIAN_POINT('',(31.01,3.453589838486));
#4547 = CARTESIAN_POINT('',(31.01,3.8));
#4548 = ( GEOMETRIC_REPRESENTATION_CONTEXT(2) 
PARAMETRIC_REPRESENTATION_CONTEXT() REPRESENTATION_CONTEXT('2D SPACE',''
  ) );
#4549 = PCURVE('',#4550,#4555);
#4550 = CYLINDRICAL_SURFACE('',#4551,0.2);
#4551 = AXIS2_PLACEMENT_3D('',#4552,#4553,#4554);
#4552 = CARTESIAN_POINT('',(6.29,-51.2,-1.E-02));
#4553 = DIRECTION('',(0.,0.,1.));
#4554 = DIRECTION('',(1.,0.,-0.));
#4555 = DEFINITIONAL_REPRESENTATION('',(#4556),#4560);
#4556 = LINE('',#4557,#4558);
#4557 = CARTESIAN_POINT('',(0.,1.E-02));
#4558 = VECTOR('',#4559,1.);
#4559 = DIRECTION('',(1.,0.));
#4560 = ( GEOMETRIC_REPRESENTATION_CONTEXT(2) 
PARAMETRIC_REPRESENTATION_CONTEXT() REPRESENTATION_CONTEXT('2D SPACE',''
  ) );
#4561 = FACE_BOUND('',#4562,.T.);
#4562 = EDGE_LOOP('',(#4563));
#4563 = ORIENTED_EDGE('',*,*,#4564,.T.);
#4564 = EDGE_CURVE('',#4565,#4565,#4567,.T.);
#4565 = VERTEX_POINT('',#4566);
#4566 = CARTESIAN_POINT('',(6.49,-50.4,0.));
#4567 = SURFACE_CURVE('',#4568,(#4573,#4584),.PCURVE_S1.);
#4568 = CIRCLE('',#4569,0.2);
#4569 = AXIS2_PLACEMENT_3D('',#4570,#4571,#4572);
#4570 = CARTESIAN_POINT('',(6.29,-50.4,0.));
#4571 = DIRECTION('',(0.,0.,1.));
#4572 = DIRECTION('',(1.,0.,-0.));
#4573 = PCURVE('',#144,#4574);
#4574 = DEFINITIONAL_REPRESENTATION('',(#4575),#4583);
#4575 = ( BOUNDED_CURVE() B_SPLINE_CURVE(2,(#4576,#4577,#4578,#4579,
#4580,#4581,#4582),.UNSPECIFIED.,.T.,.F.) B_SPLINE_CURVE_WITH_KNOTS((1,2
    ,2,2,2,1),(-2.094395102393,0.,2.094395102393,4.188790204786,
6.28318530718,8.377580409573),.UNSPECIFIED.) CURVE() 
GEOMETRIC_REPRESENTATION_ITEM() RATIONAL_B_SPLINE_CURVE((1.,0.5,1.,0.5,
1.,0.5,1.)) REPRESENTATION_ITEM('') );
#4576 = CARTESIAN_POINT('',(31.01,4.6));
#4577 = CARTESIAN_POINT('',(31.01,4.946410161514));
#4578 = CARTESIAN_POINT('',(31.31,4.773205080757));
#4579 = CARTESIAN_POINT('',(31.61,4.6));
#4580 = CARTESIAN_POINT('',(31.31,4.426794919243));
#4581 = CARTESIAN_POINT('',(31.01,4.253589838486));
#4582 = CARTESIAN_POINT('',(31.01,4.6));
#4583 = ( GEOMETRIC_REPRESENTATION_CONTEXT(2) 
PARAMETRIC_REPRESENTATION_CONTEXT() REPRESENTATION_CONTEXT('2D SPACE',''
  ) );
#4584 = PCURVE('',#4585,#4590);
#4585 = CYLINDRICAL_SURFACE('',#4586,0.2);
#4586 = AXIS2_PLACEMENT_3D('',#4587,#4588,#4589);
#4587 = CARTESIAN_POINT('',(6.29,-50.4,-1.E-02));
#4588 = DIRECTION('',(0.,0.,1.));
#4589 = DIRECTION('',(1.,0.,-0.));
#4590 = DEFINITIONAL_REPRESENTATION('',(#4591),#4595);
#4591 = LINE('',#4592,#4593);
#4592 = CARTESIAN_POINT('',(0.,1.E-02));
#4593 = VECTOR('',#4594,1.);
#4594 = DIRECTION('',(1.,0.));
#4595 = ( GEOMETRIC_REPRESENTATION_CONTEXT(2) 
PARAMETRIC_REPRESENTATION_CONTEXT() REPRESENTATION_CONTEXT('2D SPACE',''
  ) );
#4596 = FACE_BOUND('',#4597,.T.);
#4597 = EDGE_LOOP('',(#4598));
#4598 = ORIENTED_EDGE('',*,*,#4599,.T.);
#4599 = EDGE_CURVE('',#4600,#4600,#4602,.T.);
#4600 = VERTEX_POINT('',#4601);
#4601 = CARTESIAN_POINT('',(6.49,-49.6,0.));
#4602 = SURFACE_CURVE('',#4603,(#4608,#4619),.PCURVE_S1.);
#4603 = CIRCLE('',#4604,0.2);
#4604 = AXIS2_PLACEMENT_3D('',#4605,#4606,#4607);
#4605 = CARTESIAN_POINT('',(6.29,-49.6,0.));
#4606 = DIRECTION('',(0.,0.,1.));
#4607 = DIRECTION('',(1.,0.,-0.));
#4608 = PCURVE('',#144,#4609);
#4609 = DEFINITIONAL_REPRESENTATION('',(#4610),#4618);
#4610 = ( BOUNDED_CURVE() B_SPLINE_CURVE(2,(#4611,#4612,#4613,#4614,
#4615,#4616,#4617),.UNSPECIFIED.,.T.,.F.) B_SPLINE_CURVE_WITH_KNOTS((1,2
    ,2,2,2,1),(-2.094395102393,0.,2.094395102393,4.188790204786,
6.28318530718,8.377580409573),.UNSPECIFIED.) CURVE() 
GEOMETRIC_REPRESENTATION_ITEM() RATIONAL_B_SPLINE_CURVE((1.,0.5,1.,0.5,
1.,0.5,1.)) REPRESENTATION_ITEM('') );
#4611 = CARTESIAN_POINT('',(31.01,5.4));
#4612 = CARTESIAN_POINT('',(31.01,5.746410161514));
#4613 = CARTESIAN_POINT('',(31.31,5.573205080757));
#4614 = CARTESIAN_POINT('',(31.61,5.4));
#4615 = CARTESIAN_POINT('',(31.31,5.226794919243));
#4616 = CARTESIAN_POINT('',(31.01,5.053589838486));
#4617 = CARTESIAN_POINT('',(31.01,5.4));
#4618 = ( GEOMETRIC_REPRESENTATION_CONTEXT(2) 
PARAMETRIC_REPRESENTATION_CONTEXT() REPRESENTATION_CONTEXT('2D SPACE',''
  ) );
#4619 = PCURVE('',#4620,#4625);
#4620 = CYLINDRICAL_SURFACE('',#4621,0.2);
#4621 = AXIS2_PLACEMENT_3D('',#4622,#4623,#4624);
#4622 = CARTESIAN_POINT('',(6.29,-49.6,-1.E-02));
#4623 = DIRECTION('',(0.,0.,1.));
#4624 = DIRECTION('',(1.,0.,-0.));
#4625 = DEFINITIONAL_REPRESENTATION('',(#4626),#4630);
#4626 = LINE('',#4627,#4628);
#4627 = CARTESIAN_POINT('',(0.,1.E-02));
#4628 = VECTOR('',#4629,1.);
#4629 = DIRECTION('',(1.,0.));
#4630 = ( GEOMETRIC_REPRESENTATION_CONTEXT(2) 
PARAMETRIC_REPRESENTATION_CONTEXT() REPRESENTATION_CONTEXT('2D SPACE',''
  ) );
#4631 = FACE_BOUND('',#4632,.T.);
#4632 = EDGE_LOOP('',(#4633));
#4633 = ORIENTED_EDGE('',*,*,#4634,.T.);
#4634 = EDGE_CURVE('',#4635,#4635,#4637,.T.);
#4635 = VERTEX_POINT('',#4636);
#4636 = CARTESIAN_POINT('',(6.49,-48.8,0.));
#4637 = SURFACE_CURVE('',#4638,(#4643,#4654),.PCURVE_S1.);
#4638 = CIRCLE('',#4639,0.2);
#4639 = AXIS2_PLACEMENT_3D('',#4640,#4641,#4642);
#4640 = CARTESIAN_POINT('',(6.29,-48.8,0.));
#4641 = DIRECTION('',(0.,0.,1.));
#4642 = DIRECTION('',(1.,0.,-0.));
#4643 = PCURVE('',#144,#4644);
#4644 = DEFINITIONAL_REPRESENTATION('',(#4645),#4653);
#4645 = ( BOUNDED_CURVE() B_SPLINE_CURVE(2,(#4646,#4647,#4648,#4649,
#4650,#4651,#4652),.UNSPECIFIED.,.T.,.F.) B_SPLINE_CURVE_WITH_KNOTS((1,2
    ,2,2,2,1),(-2.094395102393,0.,2.094395102393,4.188790204786,
6.28318530718,8.377580409573),.UNSPECIFIED.) CURVE() 
GEOMETRIC_REPRESENTATION_ITEM() RATIONAL_B_SPLINE_CURVE((1.,0.5,1.,0.5,
1.,0.5,1.)) REPRESENTATION_ITEM('') );
#4646 = CARTESIAN_POINT('',(31.01,6.2));
#4647 = CARTESIAN_POINT('',(31.01,6.546410161514));
#4648 = CARTESIAN_POINT('',(31.31,6.373205080757));
#4649 = CARTESIAN_POINT('',(31.61,6.2));
#4650 = CARTESIAN_POINT('',(31.31,6.026794919243));
#4651 = CARTESIAN_POINT('',(31.01,5.853589838486));
#4652 = CARTESIAN_POINT('',(31.01,6.2));
#4653 = ( GEOMETRIC_REPRESENTATION_CONTEXT(2) 
PARAMETRIC_REPRESENTATION_CONTEXT() REPRESENTATION_CONTEXT('2D SPACE',''
  ) );
#4654 = PCURVE('',#4655,#4660);
#4655 = CYLINDRICAL_SURFACE('',#4656,0.2);
#4656 = AXIS2_PLACEMENT_3D('',#4657,#4658,#4659);
#4657 = CARTESIAN_POINT('',(6.29,-48.8,-1.E-02));
#4658 = DIRECTION('',(0.,0.,1.));
#4659 = DIRECTION('',(1.,0.,-0.));
#4660 = DEFINITIONAL_REPRESENTATION('',(#4661),#4665);
#4661 = LINE('',#4662,#4663);
#4662 = CARTESIAN_POINT('',(0.,1.E-02));
#4663 = VECTOR('',#4664,1.);
#4664 = DIRECTION('',(1.,0.));
#4665 = ( GEOMETRIC_REPRESENTATION_CONTEXT(2) 
PARAMETRIC_REPRESENTATION_CONTEXT() REPRESENTATION_CONTEXT('2D SPACE',''
  ) );
#4666 = FACE_BOUND('',#4667,.T.);
#4667 = EDGE_LOOP('',(#4668));
#4668 = ORIENTED_EDGE('',*,*,#4669,.T.);
#4669 = EDGE_CURVE('',#4670,#4670,#4672,.T.);
#4670 = VERTEX_POINT('',#4671);
#4671 = CARTESIAN_POINT('',(7.19,-48.4,0.));
#4672 = SURFACE_CURVE('',#4673,(#4678,#4689),.PCURVE_S1.);
#4673 = CIRCLE('',#4674,0.2);
#4674 = AXIS2_PLACEMENT_3D('',#4675,#4676,#4677);
#4675 = CARTESIAN_POINT('',(6.99,-48.4,0.));
#4676 = DIRECTION('',(0.,0.,1.));
#4677 = DIRECTION('',(1.,0.,-0.));
#4678 = PCURVE('',#144,#4679);
#4679 = DEFINITIONAL_REPRESENTATION('',(#4680),#4688);
#4680 = ( BOUNDED_CURVE() B_SPLINE_CURVE(2,(#4681,#4682,#4683,#4684,
#4685,#4686,#4687),.UNSPECIFIED.,.T.,.F.) B_SPLINE_CURVE_WITH_KNOTS((1,2
    ,2,2,2,1),(-2.094395102393,0.,2.094395102393,4.188790204786,
6.28318530718,8.377580409573),.UNSPECIFIED.) CURVE() 
GEOMETRIC_REPRESENTATION_ITEM() RATIONAL_B_SPLINE_CURVE((1.,0.5,1.,0.5,
1.,0.5,1.)) REPRESENTATION_ITEM('') );
#4681 = CARTESIAN_POINT('',(30.31,6.6));
#4682 = CARTESIAN_POINT('',(30.31,6.946410161514));
#4683 = CARTESIAN_POINT('',(30.61,6.773205080757));
#4684 = CARTESIAN_POINT('',(30.91,6.6));
#4685 = CARTESIAN_POINT('',(30.61,6.426794919243));
#4686 = CARTESIAN_POINT('',(30.31,6.253589838486));
#4687 = CARTESIAN_POINT('',(30.31,6.6));
#4688 = ( GEOMETRIC_REPRESENTATION_CONTEXT(2) 
PARAMETRIC_REPRESENTATION_CONTEXT() REPRESENTATION_CONTEXT('2D SPACE',''
  ) );
#4689 = PCURVE('',#4690,#4695);
#4690 = CYLINDRICAL_SURFACE('',#4691,0.2);
#4691 = AXIS2_PLACEMENT_3D('',#4692,#4693,#4694);
#4692 = CARTESIAN_POINT('',(6.99,-48.4,-1.E-02));
#4693 = DIRECTION('',(0.,0.,1.));
#4694 = DIRECTION('',(1.,0.,-0.));
#4695 = DEFINITIONAL_REPRESENTATION('',(#4696),#4700);
#4696 = LINE('',#4697,#4698);
#4697 = CARTESIAN_POINT('',(0.,1.E-02));
#4698 = VECTOR('',#4699,1.);
#4699 = DIRECTION('',(1.,0.));
#4700 = ( GEOMETRIC_REPRESENTATION_CONTEXT(2) 
PARAMETRIC_REPRESENTATION_CONTEXT() REPRESENTATION_CONTEXT('2D SPACE',''
  ) );
#4701 = FACE_BOUND('',#4702,.T.);
#4702 = EDGE_LOOP('',(#4703));
#4703 = ORIENTED_EDGE('',*,*,#4704,.T.);
#4704 = EDGE_CURVE('',#4705,#4705,#4707,.T.);
#4705 = VERTEX_POINT('',#4706);
#4706 = CARTESIAN_POINT('',(7.19,-47.6,0.));
#4707 = SURFACE_CURVE('',#4708,(#4713,#4724),.PCURVE_S1.);
#4708 = CIRCLE('',#4709,0.2);
#4709 = AXIS2_PLACEMENT_3D('',#4710,#4711,#4712);
#4710 = CARTESIAN_POINT('',(6.99,-47.6,0.));
#4711 = DIRECTION('',(0.,0.,1.));
#4712 = DIRECTION('',(1.,0.,-0.));
#4713 = PCURVE('',#144,#4714);
#4714 = DEFINITIONAL_REPRESENTATION('',(#4715),#4723);
#4715 = ( BOUNDED_CURVE() B_SPLINE_CURVE(2,(#4716,#4717,#4718,#4719,
#4720,#4721,#4722),.UNSPECIFIED.,.T.,.F.) B_SPLINE_CURVE_WITH_KNOTS((1,2
    ,2,2,2,1),(-2.094395102393,0.,2.094395102393,4.188790204786,
6.28318530718,8.377580409573),.UNSPECIFIED.) CURVE() 
GEOMETRIC_REPRESENTATION_ITEM() RATIONAL_B_SPLINE_CURVE((1.,0.5,1.,0.5,
1.,0.5,1.)) REPRESENTATION_ITEM('') );
#4716 = CARTESIAN_POINT('',(30.31,7.4));
#4717 = CARTESIAN_POINT('',(30.31,7.746410161514));
#4718 = CARTESIAN_POINT('',(30.61,7.573205080757));
#4719 = CARTESIAN_POINT('',(30.91,7.4));
#4720 = CARTESIAN_POINT('',(30.61,7.226794919243));
#4721 = CARTESIAN_POINT('',(30.31,7.053589838486));
#4722 = CARTESIAN_POINT('',(30.31,7.4));
#4723 = ( GEOMETRIC_REPRESENTATION_CONTEXT(2) 
PARAMETRIC_REPRESENTATION_CONTEXT() REPRESENTATION_CONTEXT('2D SPACE',''
  ) );
#4724 = PCURVE('',#4725,#4730);
#4725 = CYLINDRICAL_SURFACE('',#4726,0.2);
#4726 = AXIS2_PLACEMENT_3D('',#4727,#4728,#4729);
#4727 = CARTESIAN_POINT('',(6.99,-47.6,-1.E-02));
#4728 = DIRECTION('',(0.,0.,1.));
#4729 = DIRECTION('',(1.,0.,-0.));
#4730 = DEFINITIONAL_REPRESENTATION('',(#4731),#4735);
#4731 = LINE('',#4732,#4733);
#4732 = CARTESIAN_POINT('',(0.,1.E-02));
#4733 = VECTOR('',#4734,1.);
#4734 = DIRECTION('',(1.,0.));
#4735 = ( GEOMETRIC_REPRESENTATION_CONTEXT(2) 
PARAMETRIC_REPRESENTATION_CONTEXT() REPRESENTATION_CONTEXT('2D SPACE',''
  ) );
#4736 = FACE_BOUND('',#4737,.T.);
#4737 = EDGE_LOOP('',(#4738,#4768,#4796,#4824,#4852,#4880,#4908,#4936,
    #4964,#4992,#5020,#5048,#5076,#5104,#5132,#5160,#5188,#5216));
#4738 = ORIENTED_EDGE('',*,*,#4739,.F.);
#4739 = EDGE_CURVE('',#4740,#4742,#4744,.T.);
#4740 = VERTEX_POINT('',#4741);
#4741 = CARTESIAN_POINT('',(7.285671,-45.63903,0.));
#4742 = VERTEX_POINT('',#4743);
#4743 = CARTESIAN_POINT('',(7.366777,-45.693223,0.));
#4744 = SURFACE_CURVE('',#4745,(#4749,#4756),.PCURVE_S1.);
#4745 = LINE('',#4746,#4747);
#4746 = CARTESIAN_POINT('',(7.285671,-45.63903,0.));
#4747 = VECTOR('',#4748,1.);
#4748 = DIRECTION('',(0.831471016927,-0.555568130845,0.));
#4749 = PCURVE('',#144,#4750);
#4750 = DEFINITIONAL_REPRESENTATION('',(#4751),#4755);
#4751 = LINE('',#4752,#4753);
#4752 = CARTESIAN_POINT('',(30.214329,9.36097));
#4753 = VECTOR('',#4754,1.);
#4754 = DIRECTION('',(-0.831471016927,-0.555568130845));
#4755 = ( GEOMETRIC_REPRESENTATION_CONTEXT(2) 
PARAMETRIC_REPRESENTATION_CONTEXT() REPRESENTATION_CONTEXT('2D SPACE',''
  ) );
#4756 = PCURVE('',#4757,#4762);
#4757 = PLANE('',#4758);
#4758 = AXIS2_PLACEMENT_3D('',#4759,#4760,#4761);
#4759 = CARTESIAN_POINT('',(7.285671,-45.63903,0.));
#4760 = DIRECTION('',(0.555568130845,0.831471016927,-0.));
#4761 = DIRECTION('',(0.831471016927,-0.555568130845,0.));
#4762 = DEFINITIONAL_REPRESENTATION('',(#4763),#4767);
#4763 = LINE('',#4764,#4765);
#4764 = CARTESIAN_POINT('',(0.,0.));
#4765 = VECTOR('',#4766,1.);
#4766 = DIRECTION('',(1.,0.));
#4767 = ( GEOMETRIC_REPRESENTATION_CONTEXT(2) 
PARAMETRIC_REPRESENTATION_CONTEXT() REPRESENTATION_CONTEXT('2D SPACE',''
  ) );
#4768 = ORIENTED_EDGE('',*,*,#4769,.F.);
#4769 = EDGE_CURVE('',#4770,#4740,#4772,.T.);
#4770 = VERTEX_POINT('',#4771);
#4771 = CARTESIAN_POINT('',(7.19,-45.62,0.));
#4772 = SURFACE_CURVE('',#4773,(#4777,#4784),.PCURVE_S1.);
#4773 = LINE('',#4774,#4775);
#4774 = CARTESIAN_POINT('',(7.19,-45.62,0.));
#4775 = VECTOR('',#4776,1.);
#4776 = DIRECTION('',(0.980785565025,-0.195088891121,0.));
#4777 = PCURVE('',#144,#4778);
#4778 = DEFINITIONAL_REPRESENTATION('',(#4779),#4783);
#4779 = LINE('',#4780,#4781);
#4780 = CARTESIAN_POINT('',(30.31,9.38));
#4781 = VECTOR('',#4782,1.);
#4782 = DIRECTION('',(-0.980785565025,-0.195088891121));
#4783 = ( GEOMETRIC_REPRESENTATION_CONTEXT(2) 
PARAMETRIC_REPRESENTATION_CONTEXT() REPRESENTATION_CONTEXT('2D SPACE',''
  ) );
#4784 = PCURVE('',#4785,#4790);
#4785 = PLANE('',#4786);
#4786 = AXIS2_PLACEMENT_3D('',#4787,#4788,#4789);
#4787 = CARTESIAN_POINT('',(7.19,-45.62,0.));
#4788 = DIRECTION('',(0.195088891121,0.980785565025,-0.));
#4789 = DIRECTION('',(0.980785565025,-0.195088891121,0.));
#4790 = DEFINITIONAL_REPRESENTATION('',(#4791),#4795);
#4791 = LINE('',#4792,#4793);
#4792 = CARTESIAN_POINT('',(0.,0.));
#4793 = VECTOR('',#4794,1.);
#4794 = DIRECTION('',(1.,0.));
#4795 = ( GEOMETRIC_REPRESENTATION_CONTEXT(2) 
PARAMETRIC_REPRESENTATION_CONTEXT() REPRESENTATION_CONTEXT('2D SPACE',''
  ) );
#4796 = ORIENTED_EDGE('',*,*,#4797,.F.);
#4797 = EDGE_CURVE('',#4798,#4770,#4800,.T.);
#4798 = VERTEX_POINT('',#4799);
#4799 = CARTESIAN_POINT('',(6.59,-45.62,0.));
#4800 = SURFACE_CURVE('',#4801,(#4805,#4812),.PCURVE_S1.);
#4801 = LINE('',#4802,#4803);
#4802 = CARTESIAN_POINT('',(6.59,-45.62,0.));
#4803 = VECTOR('',#4804,1.);
#4804 = DIRECTION('',(1.,0.,0.));
#4805 = PCURVE('',#144,#4806);
#4806 = DEFINITIONAL_REPRESENTATION('',(#4807),#4811);
#4807 = LINE('',#4808,#4809);
#4808 = CARTESIAN_POINT('',(30.91,9.38));
#4809 = VECTOR('',#4810,1.);
#4810 = DIRECTION('',(-1.,0.));
#4811 = ( GEOMETRIC_REPRESENTATION_CONTEXT(2) 
PARAMETRIC_REPRESENTATION_CONTEXT() REPRESENTATION_CONTEXT('2D SPACE',''
  ) );
#4812 = PCURVE('',#4813,#4818);
#4813 = PLANE('',#4814);
#4814 = AXIS2_PLACEMENT_3D('',#4815,#4816,#4817);
#4815 = CARTESIAN_POINT('',(6.59,-45.62,0.));
#4816 = DIRECTION('',(0.,1.,0.));
#4817 = DIRECTION('',(1.,0.,0.));
#4818 = DEFINITIONAL_REPRESENTATION('',(#4819),#4823);
#4819 = LINE('',#4820,#4821);
#4820 = CARTESIAN_POINT('',(0.,0.));
#4821 = VECTOR('',#4822,1.);
#4822 = DIRECTION('',(1.,0.));
#4823 = ( GEOMETRIC_REPRESENTATION_CONTEXT(2) 
PARAMETRIC_REPRESENTATION_CONTEXT() REPRESENTATION_CONTEXT('2D SPACE',''
  ) );
#4824 = ORIENTED_EDGE('',*,*,#4825,.F.);
#4825 = EDGE_CURVE('',#4826,#4798,#4828,.T.);
#4826 = VERTEX_POINT('',#4827);
#4827 = CARTESIAN_POINT('',(6.494329,-45.63903,0.));
#4828 = SURFACE_CURVE('',#4829,(#4833,#4840),.PCURVE_S1.);
#4829 = LINE('',#4830,#4831);
#4830 = CARTESIAN_POINT('',(6.494329,-45.63903,0.));
#4831 = VECTOR('',#4832,1.);
#4832 = DIRECTION('',(0.980785565025,0.195088891121,0.));
#4833 = PCURVE('',#144,#4834);
#4834 = DEFINITIONAL_REPRESENTATION('',(#4835),#4839);
#4835 = LINE('',#4836,#4837);
#4836 = CARTESIAN_POINT('',(31.005671,9.36097));
#4837 = VECTOR('',#4838,1.);
#4838 = DIRECTION('',(-0.980785565025,0.195088891121));
#4839 = ( GEOMETRIC_REPRESENTATION_CONTEXT(2) 
PARAMETRIC_REPRESENTATION_CONTEXT() REPRESENTATION_CONTEXT('2D SPACE',''
  ) );
#4840 = PCURVE('',#4841,#4846);
#4841 = PLANE('',#4842);
#4842 = AXIS2_PLACEMENT_3D('',#4843,#4844,#4845);
#4843 = CARTESIAN_POINT('',(6.494329,-45.63903,0.));
#4844 = DIRECTION('',(-0.195088891121,0.980785565025,0.));
#4845 = DIRECTION('',(0.980785565025,0.195088891121,0.));
#4846 = DEFINITIONAL_REPRESENTATION('',(#4847),#4851);
#4847 = LINE('',#4848,#4849);
#4848 = CARTESIAN_POINT('',(0.,0.));
#4849 = VECTOR('',#4850,1.);
#4850 = DIRECTION('',(1.,0.));
#4851 = ( GEOMETRIC_REPRESENTATION_CONTEXT(2) 
PARAMETRIC_REPRESENTATION_CONTEXT() REPRESENTATION_CONTEXT('2D SPACE',''
  ) );
#4852 = ORIENTED_EDGE('',*,*,#4853,.F.);
#4853 = EDGE_CURVE('',#4854,#4826,#4856,.T.);
#4854 = VERTEX_POINT('',#4855);
#4855 = CARTESIAN_POINT('',(6.413223,-45.693223,0.));
#4856 = SURFACE_CURVE('',#4857,(#4861,#4868),.PCURVE_S1.);
#4857 = LINE('',#4858,#4859);
#4858 = CARTESIAN_POINT('',(6.413223,-45.693223,0.));
#4859 = VECTOR('',#4860,1.);
#4860 = DIRECTION('',(0.831471016927,0.555568130845,0.));
#4861 = PCURVE('',#144,#4862);
#4862 = DEFINITIONAL_REPRESENTATION('',(#4863),#4867);
#4863 = LINE('',#4864,#4865);
#4864 = CARTESIAN_POINT('',(31.086777,9.306777));
#4865 = VECTOR('',#4866,1.);
#4866 = DIRECTION('',(-0.831471016927,0.555568130845));
#4867 = ( GEOMETRIC_REPRESENTATION_CONTEXT(2) 
PARAMETRIC_REPRESENTATION_CONTEXT() REPRESENTATION_CONTEXT('2D SPACE',''
  ) );
#4868 = PCURVE('',#4869,#4874);
#4869 = PLANE('',#4870);
#4870 = AXIS2_PLACEMENT_3D('',#4871,#4872,#4873);
#4871 = CARTESIAN_POINT('',(6.413223,-45.693223,0.));
#4872 = DIRECTION('',(-0.555568130845,0.831471016927,0.));
#4873 = DIRECTION('',(0.831471016927,0.555568130845,0.));
#4874 = DEFINITIONAL_REPRESENTATION('',(#4875),#4879);
#4875 = LINE('',#4876,#4877);
#4876 = CARTESIAN_POINT('',(0.,0.));
#4877 = VECTOR('',#4878,1.);
#4878 = DIRECTION('',(1.,0.));
#4879 = ( GEOMETRIC_REPRESENTATION_CONTEXT(2) 
PARAMETRIC_REPRESENTATION_CONTEXT() REPRESENTATION_CONTEXT('2D SPACE',''
  ) );
#4880 = ORIENTED_EDGE('',*,*,#4881,.F.);
#4881 = EDGE_CURVE('',#4882,#4854,#4884,.T.);
#4882 = VERTEX_POINT('',#4883);
#4883 = CARTESIAN_POINT('',(6.35903,-45.774329,0.));
#4884 = SURFACE_CURVE('',#4885,(#4889,#4896),.PCURVE_S1.);
#4885 = LINE('',#4886,#4887);
#4886 = CARTESIAN_POINT('',(6.35903,-45.774329,0.));
#4887 = VECTOR('',#4888,1.);
#4888 = DIRECTION('',(0.555568130845,0.831471016927,0.));
#4889 = PCURVE('',#144,#4890);
#4890 = DEFINITIONAL_REPRESENTATION('',(#4891),#4895);
#4891 = LINE('',#4892,#4893);
#4892 = CARTESIAN_POINT('',(31.14097,9.225671));
#4893 = VECTOR('',#4894,1.);
#4894 = DIRECTION('',(-0.555568130845,0.831471016927));
#4895 = ( GEOMETRIC_REPRESENTATION_CONTEXT(2) 
PARAMETRIC_REPRESENTATION_CONTEXT() REPRESENTATION_CONTEXT('2D SPACE',''
  ) );
#4896 = PCURVE('',#4897,#4902);
#4897 = PLANE('',#4898);
#4898 = AXIS2_PLACEMENT_3D('',#4899,#4900,#4901);
#4899 = CARTESIAN_POINT('',(6.35903,-45.774329,0.));
#4900 = DIRECTION('',(-0.831471016927,0.555568130845,0.));
#4901 = DIRECTION('',(0.555568130845,0.831471016927,0.));
#4902 = DEFINITIONAL_REPRESENTATION('',(#4903),#4907);
#4903 = LINE('',#4904,#4905);
#4904 = CARTESIAN_POINT('',(0.,0.));
#4905 = VECTOR('',#4906,1.);
#4906 = DIRECTION('',(1.,0.));
#4907 = ( GEOMETRIC_REPRESENTATION_CONTEXT(2) 
PARAMETRIC_REPRESENTATION_CONTEXT() REPRESENTATION_CONTEXT('2D SPACE',''
  ) );
#4908 = ORIENTED_EDGE('',*,*,#4909,.F.);
#4909 = EDGE_CURVE('',#4910,#4882,#4912,.T.);
#4910 = VERTEX_POINT('',#4911);
#4911 = CARTESIAN_POINT('',(6.34,-45.87,0.));
#4912 = SURFACE_CURVE('',#4913,(#4917,#4924),.PCURVE_S1.);
#4913 = LINE('',#4914,#4915);
#4914 = CARTESIAN_POINT('',(6.34,-45.87,0.));
#4915 = VECTOR('',#4916,1.);
#4916 = DIRECTION('',(0.195088891121,0.980785565025,0.));
#4917 = PCURVE('',#144,#4918);
#4918 = DEFINITIONAL_REPRESENTATION('',(#4919),#4923);
#4919 = LINE('',#4920,#4921);
#4920 = CARTESIAN_POINT('',(31.16,9.13));
#4921 = VECTOR('',#4922,1.);
#4922 = DIRECTION('',(-0.195088891121,0.980785565025));
#4923 = ( GEOMETRIC_REPRESENTATION_CONTEXT(2) 
PARAMETRIC_REPRESENTATION_CONTEXT() REPRESENTATION_CONTEXT('2D SPACE',''
  ) );
#4924 = PCURVE('',#4925,#4930);
#4925 = PLANE('',#4926);
#4926 = AXIS2_PLACEMENT_3D('',#4927,#4928,#4929);
#4927 = CARTESIAN_POINT('',(6.34,-45.87,0.));
#4928 = DIRECTION('',(-0.980785565025,0.195088891121,0.));
#4929 = DIRECTION('',(0.195088891121,0.980785565025,0.));
#4930 = DEFINITIONAL_REPRESENTATION('',(#4931),#4935);
#4931 = LINE('',#4932,#4933);
#4932 = CARTESIAN_POINT('',(0.,0.));
#4933 = VECTOR('',#4934,1.);
#4934 = DIRECTION('',(1.,0.));
#4935 = ( GEOMETRIC_REPRESENTATION_CONTEXT(2) 
PARAMETRIC_REPRESENTATION_CONTEXT() REPRESENTATION_CONTEXT('2D SPACE',''
  ) );
#4936 = ORIENTED_EDGE('',*,*,#4937,.F.);
#4937 = EDGE_CURVE('',#4938,#4910,#4940,.T.);
#4938 = VERTEX_POINT('',#4939);
#4939 = CARTESIAN_POINT('',(6.35903,-45.965671,0.));
#4940 = SURFACE_CURVE('',#4941,(#4945,#4952),.PCURVE_S1.);
#4941 = LINE('',#4942,#4943);
#4942 = CARTESIAN_POINT('',(6.35903,-45.965671,0.));
#4943 = VECTOR('',#4944,1.);
#4944 = DIRECTION('',(-0.195088891121,0.980785565025,0.));
#4945 = PCURVE('',#144,#4946);
#4946 = DEFINITIONAL_REPRESENTATION('',(#4947),#4951);
#4947 = LINE('',#4948,#4949);
#4948 = CARTESIAN_POINT('',(31.14097,9.034329));
#4949 = VECTOR('',#4950,1.);
#4950 = DIRECTION('',(0.195088891121,0.980785565025));
#4951 = ( GEOMETRIC_REPRESENTATION_CONTEXT(2) 
PARAMETRIC_REPRESENTATION_CONTEXT() REPRESENTATION_CONTEXT('2D SPACE',''
  ) );
#4952 = PCURVE('',#4953,#4958);
#4953 = PLANE('',#4954);
#4954 = AXIS2_PLACEMENT_3D('',#4955,#4956,#4957);
#4955 = CARTESIAN_POINT('',(6.35903,-45.965671,0.));
#4956 = DIRECTION('',(-0.980785565025,-0.195088891121,0.));
#4957 = DIRECTION('',(-0.195088891121,0.980785565025,0.));
#4958 = DEFINITIONAL_REPRESENTATION('',(#4959),#4963);
#4959 = LINE('',#4960,#4961);
#4960 = CARTESIAN_POINT('',(0.,0.));
#4961 = VECTOR('',#4962,1.);
#4962 = DIRECTION('',(1.,0.));
#4963 = ( GEOMETRIC_REPRESENTATION_CONTEXT(2) 
PARAMETRIC_REPRESENTATION_CONTEXT() REPRESENTATION_CONTEXT('2D SPACE',''
  ) );
#4964 = ORIENTED_EDGE('',*,*,#4965,.F.);
#4965 = EDGE_CURVE('',#4966,#4938,#4968,.T.);
#4966 = VERTEX_POINT('',#4967);
#4967 = CARTESIAN_POINT('',(6.413223,-46.046777,0.));
#4968 = SURFACE_CURVE('',#4969,(#4973,#4980),.PCURVE_S1.);
#4969 = LINE('',#4970,#4971);
#4970 = CARTESIAN_POINT('',(6.413223,-46.046777,0.));
#4971 = VECTOR('',#4972,1.);
#4972 = DIRECTION('',(-0.555568130845,0.831471016927,0.));
#4973 = PCURVE('',#144,#4974);
#4974 = DEFINITIONAL_REPRESENTATION('',(#4975),#4979);
#4975 = LINE('',#4976,#4977);
#4976 = CARTESIAN_POINT('',(31.086777,8.953223));
#4977 = VECTOR('',#4978,1.);
#4978 = DIRECTION('',(0.555568130845,0.831471016927));
#4979 = ( GEOMETRIC_REPRESENTATION_CONTEXT(2) 
PARAMETRIC_REPRESENTATION_CONTEXT() REPRESENTATION_CONTEXT('2D SPACE',''
  ) );
#4980 = PCURVE('',#4981,#4986);
#4981 = PLANE('',#4982);
#4982 = AXIS2_PLACEMENT_3D('',#4983,#4984,#4985);
#4983 = CARTESIAN_POINT('',(6.413223,-46.046777,0.));
#4984 = DIRECTION('',(-0.831471016927,-0.555568130845,0.));
#4985 = DIRECTION('',(-0.555568130845,0.831471016927,0.));
#4986 = DEFINITIONAL_REPRESENTATION('',(#4987),#4991);
#4987 = LINE('',#4988,#4989);
#4988 = CARTESIAN_POINT('',(0.,0.));
#4989 = VECTOR('',#4990,1.);
#4990 = DIRECTION('',(1.,0.));
#4991 = ( GEOMETRIC_REPRESENTATION_CONTEXT(2) 
PARAMETRIC_REPRESENTATION_CONTEXT() REPRESENTATION_CONTEXT('2D SPACE',''
  ) );
#4992 = ORIENTED_EDGE('',*,*,#4993,.F.);
#4993 = EDGE_CURVE('',#4994,#4966,#4996,.T.);
#4994 = VERTEX_POINT('',#4995);
#4995 = CARTESIAN_POINT('',(6.494329,-46.10097,0.));
#4996 = SURFACE_CURVE('',#4997,(#5001,#5008),.PCURVE_S1.);
#4997 = LINE('',#4998,#4999);
#4998 = CARTESIAN_POINT('',(6.494329,-46.10097,0.));
#4999 = VECTOR('',#5000,1.);
#5000 = DIRECTION('',(-0.831471016927,0.555568130845,0.));
#5001 = PCURVE('',#144,#5002);
#5002 = DEFINITIONAL_REPRESENTATION('',(#5003),#5007);
#5003 = LINE('',#5004,#5005);
#5004 = CARTESIAN_POINT('',(31.005671,8.89903));
#5005 = VECTOR('',#5006,1.);
#5006 = DIRECTION('',(0.831471016927,0.555568130845));
#5007 = ( GEOMETRIC_REPRESENTATION_CONTEXT(2) 
PARAMETRIC_REPRESENTATION_CONTEXT() REPRESENTATION_CONTEXT('2D SPACE',''
  ) );
#5008 = PCURVE('',#5009,#5014);
#5009 = PLANE('',#5010);
#5010 = AXIS2_PLACEMENT_3D('',#5011,#5012,#5013);
#5011 = CARTESIAN_POINT('',(6.494329,-46.10097,0.));
#5012 = DIRECTION('',(-0.555568130845,-0.831471016927,0.));
#5013 = DIRECTION('',(-0.831471016927,0.555568130845,0.));
#5014 = DEFINITIONAL_REPRESENTATION('',(#5015),#5019);
#5015 = LINE('',#5016,#5017);
#5016 = CARTESIAN_POINT('',(0.,0.));
#5017 = VECTOR('',#5018,1.);
#5018 = DIRECTION('',(1.,0.));
#5019 = ( GEOMETRIC_REPRESENTATION_CONTEXT(2) 
PARAMETRIC_REPRESENTATION_CONTEXT() REPRESENTATION_CONTEXT('2D SPACE',''
  ) );
#5020 = ORIENTED_EDGE('',*,*,#5021,.F.);
#5021 = EDGE_CURVE('',#5022,#4994,#5024,.T.);
#5022 = VERTEX_POINT('',#5023);
#5023 = CARTESIAN_POINT('',(6.59,-46.12,0.));
#5024 = SURFACE_CURVE('',#5025,(#5029,#5036),.PCURVE_S1.);
#5025 = LINE('',#5026,#5027);
#5026 = CARTESIAN_POINT('',(6.59,-46.12,0.));
#5027 = VECTOR('',#5028,1.);
#5028 = DIRECTION('',(-0.980785565025,0.195088891121,0.));
#5029 = PCURVE('',#144,#5030);
#5030 = DEFINITIONAL_REPRESENTATION('',(#5031),#5035);
#5031 = LINE('',#5032,#5033);
#5032 = CARTESIAN_POINT('',(30.91,8.88));
#5033 = VECTOR('',#5034,1.);
#5034 = DIRECTION('',(0.980785565025,0.195088891121));
#5035 = ( GEOMETRIC_REPRESENTATION_CONTEXT(2) 
PARAMETRIC_REPRESENTATION_CONTEXT() REPRESENTATION_CONTEXT('2D SPACE',''
  ) );
#5036 = PCURVE('',#5037,#5042);
#5037 = PLANE('',#5038);
#5038 = AXIS2_PLACEMENT_3D('',#5039,#5040,#5041);
#5039 = CARTESIAN_POINT('',(6.59,-46.12,0.));
#5040 = DIRECTION('',(-0.195088891121,-0.980785565025,0.));
#5041 = DIRECTION('',(-0.980785565025,0.195088891121,0.));
#5042 = DEFINITIONAL_REPRESENTATION('',(#5043),#5047);
#5043 = LINE('',#5044,#5045);
#5044 = CARTESIAN_POINT('',(0.,0.));
#5045 = VECTOR('',#5046,1.);
#5046 = DIRECTION('',(1.,0.));
#5047 = ( GEOMETRIC_REPRESENTATION_CONTEXT(2) 
PARAMETRIC_REPRESENTATION_CONTEXT() REPRESENTATION_CONTEXT('2D SPACE',''
  ) );
#5048 = ORIENTED_EDGE('',*,*,#5049,.F.);
#5049 = EDGE_CURVE('',#5050,#5022,#5052,.T.);
#5050 = VERTEX_POINT('',#5051);
#5051 = CARTESIAN_POINT('',(7.19,-46.12,0.));
#5052 = SURFACE_CURVE('',#5053,(#5057,#5064),.PCURVE_S1.);
#5053 = LINE('',#5054,#5055);
#5054 = CARTESIAN_POINT('',(7.19,-46.12,0.));
#5055 = VECTOR('',#5056,1.);
#5056 = DIRECTION('',(-1.,0.,0.));
#5057 = PCURVE('',#144,#5058);
#5058 = DEFINITIONAL_REPRESENTATION('',(#5059),#5063);
#5059 = LINE('',#5060,#5061);
#5060 = CARTESIAN_POINT('',(30.31,8.88));
#5061 = VECTOR('',#5062,1.);
#5062 = DIRECTION('',(1.,0.));
#5063 = ( GEOMETRIC_REPRESENTATION_CONTEXT(2) 
PARAMETRIC_REPRESENTATION_CONTEXT() REPRESENTATION_CONTEXT('2D SPACE',''
  ) );
#5064 = PCURVE('',#5065,#5070);
#5065 = PLANE('',#5066);
#5066 = AXIS2_PLACEMENT_3D('',#5067,#5068,#5069);
#5067 = CARTESIAN_POINT('',(7.19,-46.12,0.));
#5068 = DIRECTION('',(0.,-1.,0.));
#5069 = DIRECTION('',(-1.,0.,0.));
#5070 = DEFINITIONAL_REPRESENTATION('',(#5071),#5075);
#5071 = LINE('',#5072,#5073);
#5072 = CARTESIAN_POINT('',(0.,-0.));
#5073 = VECTOR('',#5074,1.);
#5074 = DIRECTION('',(1.,0.));
#5075 = ( GEOMETRIC_REPRESENTATION_CONTEXT(2) 
PARAMETRIC_REPRESENTATION_CONTEXT() REPRESENTATION_CONTEXT('2D SPACE',''
  ) );
#5076 = ORIENTED_EDGE('',*,*,#5077,.F.);
#5077 = EDGE_CURVE('',#5078,#5050,#5080,.T.);
#5078 = VERTEX_POINT('',#5079);
#5079 = CARTESIAN_POINT('',(7.285671,-46.10097,0.));
#5080 = SURFACE_CURVE('',#5081,(#5085,#5092),.PCURVE_S1.);
#5081 = LINE('',#5082,#5083);
#5082 = CARTESIAN_POINT('',(7.285671,-46.10097,0.));
#5083 = VECTOR('',#5084,1.);
#5084 = DIRECTION('',(-0.980785565025,-0.195088891121,0.));
#5085 = PCURVE('',#144,#5086);
#5086 = DEFINITIONAL_REPRESENTATION('',(#5087),#5091);
#5087 = LINE('',#5088,#5089);
#5088 = CARTESIAN_POINT('',(30.214329,8.89903));
#5089 = VECTOR('',#5090,1.);
#5090 = DIRECTION('',(0.980785565025,-0.195088891121));
#5091 = ( GEOMETRIC_REPRESENTATION_CONTEXT(2) 
PARAMETRIC_REPRESENTATION_CONTEXT() REPRESENTATION_CONTEXT('2D SPACE',''
  ) );
#5092 = PCURVE('',#5093,#5098);
#5093 = PLANE('',#5094);
#5094 = AXIS2_PLACEMENT_3D('',#5095,#5096,#5097);
#5095 = CARTESIAN_POINT('',(7.285671,-46.10097,0.));
#5096 = DIRECTION('',(0.195088891121,-0.980785565025,0.));
#5097 = DIRECTION('',(-0.980785565025,-0.195088891121,0.));
#5098 = DEFINITIONAL_REPRESENTATION('',(#5099),#5103);
#5099 = LINE('',#5100,#5101);
#5100 = CARTESIAN_POINT('',(0.,0.));
#5101 = VECTOR('',#5102,1.);
#5102 = DIRECTION('',(1.,0.));
#5103 = ( GEOMETRIC_REPRESENTATION_CONTEXT(2) 
PARAMETRIC_REPRESENTATION_CONTEXT() REPRESENTATION_CONTEXT('2D SPACE',''
  ) );
#5104 = ORIENTED_EDGE('',*,*,#5105,.F.);
#5105 = EDGE_CURVE('',#5106,#5078,#5108,.T.);
#5106 = VERTEX_POINT('',#5107);
#5107 = CARTESIAN_POINT('',(7.366777,-46.046777,0.));
#5108 = SURFACE_CURVE('',#5109,(#5113,#5120),.PCURVE_S1.);
#5109 = LINE('',#5110,#5111);
#5110 = CARTESIAN_POINT('',(7.366777,-46.046777,0.));
#5111 = VECTOR('',#5112,1.);
#5112 = DIRECTION('',(-0.831471016927,-0.555568130845,0.));
#5113 = PCURVE('',#144,#5114);
#5114 = DEFINITIONAL_REPRESENTATION('',(#5115),#5119);
#5115 = LINE('',#5116,#5117);
#5116 = CARTESIAN_POINT('',(30.133223,8.953223));
#5117 = VECTOR('',#5118,1.);
#5118 = DIRECTION('',(0.831471016927,-0.555568130845));
#5119 = ( GEOMETRIC_REPRESENTATION_CONTEXT(2) 
PARAMETRIC_REPRESENTATION_CONTEXT() REPRESENTATION_CONTEXT('2D SPACE',''
  ) );
#5120 = PCURVE('',#5121,#5126);
#5121 = PLANE('',#5122);
#5122 = AXIS2_PLACEMENT_3D('',#5123,#5124,#5125);
#5123 = CARTESIAN_POINT('',(7.366777,-46.046777,0.));
#5124 = DIRECTION('',(0.555568130845,-0.831471016927,0.));
#5125 = DIRECTION('',(-0.831471016927,-0.555568130845,0.));
#5126 = DEFINITIONAL_REPRESENTATION('',(#5127),#5131);
#5127 = LINE('',#5128,#5129);
#5128 = CARTESIAN_POINT('',(0.,0.));
#5129 = VECTOR('',#5130,1.);
#5130 = DIRECTION('',(1.,0.));
#5131 = ( GEOMETRIC_REPRESENTATION_CONTEXT(2) 
PARAMETRIC_REPRESENTATION_CONTEXT() REPRESENTATION_CONTEXT('2D SPACE',''
  ) );
#5132 = ORIENTED_EDGE('',*,*,#5133,.F.);
#5133 = EDGE_CURVE('',#5134,#5106,#5136,.T.);
#5134 = VERTEX_POINT('',#5135);
#5135 = CARTESIAN_POINT('',(7.42097,-45.965671,0.));
#5136 = SURFACE_CURVE('',#5137,(#5141,#5148),.PCURVE_S1.);
#5137 = LINE('',#5138,#5139);
#5138 = CARTESIAN_POINT('',(7.42097,-45.965671,0.));
#5139 = VECTOR('',#5140,1.);
#5140 = DIRECTION('',(-0.555568130845,-0.831471016927,0.));
#5141 = PCURVE('',#144,#5142);
#5142 = DEFINITIONAL_REPRESENTATION('',(#5143),#5147);
#5143 = LINE('',#5144,#5145);
#5144 = CARTESIAN_POINT('',(30.07903,9.034329));
#5145 = VECTOR('',#5146,1.);
#5146 = DIRECTION('',(0.555568130845,-0.831471016927));
#5147 = ( GEOMETRIC_REPRESENTATION_CONTEXT(2) 
PARAMETRIC_REPRESENTATION_CONTEXT() REPRESENTATION_CONTEXT('2D SPACE',''
  ) );
#5148 = PCURVE('',#5149,#5154);
#5149 = PLANE('',#5150);
#5150 = AXIS2_PLACEMENT_3D('',#5151,#5152,#5153);
#5151 = CARTESIAN_POINT('',(7.42097,-45.965671,0.));
#5152 = DIRECTION('',(0.831471016927,-0.555568130845,0.));
#5153 = DIRECTION('',(-0.555568130845,-0.831471016927,0.));
#5154 = DEFINITIONAL_REPRESENTATION('',(#5155),#5159);
#5155 = LINE('',#5156,#5157);
#5156 = CARTESIAN_POINT('',(0.,0.));
#5157 = VECTOR('',#5158,1.);
#5158 = DIRECTION('',(1.,0.));
#5159 = ( GEOMETRIC_REPRESENTATION_CONTEXT(2) 
PARAMETRIC_REPRESENTATION_CONTEXT() REPRESENTATION_CONTEXT('2D SPACE',''
  ) );
#5160 = ORIENTED_EDGE('',*,*,#5161,.F.);
#5161 = EDGE_CURVE('',#5162,#5134,#5164,.T.);
#5162 = VERTEX_POINT('',#5163);
#5163 = CARTESIAN_POINT('',(7.44,-45.87,0.));
#5164 = SURFACE_CURVE('',#5165,(#5169,#5176),.PCURVE_S1.);
#5165 = LINE('',#5166,#5167);
#5166 = CARTESIAN_POINT('',(7.44,-45.87,0.));
#5167 = VECTOR('',#5168,1.);
#5168 = DIRECTION('',(-0.195088891121,-0.980785565025,0.));
#5169 = PCURVE('',#144,#5170);
#5170 = DEFINITIONAL_REPRESENTATION('',(#5171),#5175);
#5171 = LINE('',#5172,#5173);
#5172 = CARTESIAN_POINT('',(30.06,9.13));
#5173 = VECTOR('',#5174,1.);
#5174 = DIRECTION('',(0.195088891121,-0.980785565025));
#5175 = ( GEOMETRIC_REPRESENTATION_CONTEXT(2) 
PARAMETRIC_REPRESENTATION_CONTEXT() REPRESENTATION_CONTEXT('2D SPACE',''
  ) );
#5176 = PCURVE('',#5177,#5182);
#5177 = PLANE('',#5178);
#5178 = AXIS2_PLACEMENT_3D('',#5179,#5180,#5181);
#5179 = CARTESIAN_POINT('',(7.44,-45.87,0.));
#5180 = DIRECTION('',(0.980785565025,-0.195088891121,0.));
#5181 = DIRECTION('',(-0.195088891121,-0.980785565025,0.));
#5182 = DEFINITIONAL_REPRESENTATION('',(#5183),#5187);
#5183 = LINE('',#5184,#5185);
#5184 = CARTESIAN_POINT('',(0.,0.));
#5185 = VECTOR('',#5186,1.);
#5186 = DIRECTION('',(1.,0.));
#5187 = ( GEOMETRIC_REPRESENTATION_CONTEXT(2) 
PARAMETRIC_REPRESENTATION_CONTEXT() REPRESENTATION_CONTEXT('2D SPACE',''
  ) );
#5188 = ORIENTED_EDGE('',*,*,#5189,.F.);
#5189 = EDGE_CURVE('',#5190,#5162,#5192,.T.);
#5190 = VERTEX_POINT('',#5191);
#5191 = CARTESIAN_POINT('',(7.42097,-45.774329,0.));
#5192 = SURFACE_CURVE('',#5193,(#5197,#5204),.PCURVE_S1.);
#5193 = LINE('',#5194,#5195);
#5194 = CARTESIAN_POINT('',(7.42097,-45.774329,0.));
#5195 = VECTOR('',#5196,1.);
#5196 = DIRECTION('',(0.195088891121,-0.980785565025,0.));
#5197 = PCURVE('',#144,#5198);
#5198 = DEFINITIONAL_REPRESENTATION('',(#5199),#5203);
#5199 = LINE('',#5200,#5201);
#5200 = CARTESIAN_POINT('',(30.07903,9.225671));
#5201 = VECTOR('',#5202,1.);
#5202 = DIRECTION('',(-0.195088891121,-0.980785565025));
#5203 = ( GEOMETRIC_REPRESENTATION_CONTEXT(2) 
PARAMETRIC_REPRESENTATION_CONTEXT() REPRESENTATION_CONTEXT('2D SPACE',''
  ) );
#5204 = PCURVE('',#5205,#5210);
#5205 = PLANE('',#5206);
#5206 = AXIS2_PLACEMENT_3D('',#5207,#5208,#5209);
#5207 = CARTESIAN_POINT('',(7.42097,-45.774329,0.));
#5208 = DIRECTION('',(0.980785565025,0.195088891121,-0.));
#5209 = DIRECTION('',(0.195088891121,-0.980785565025,0.));
#5210 = DEFINITIONAL_REPRESENTATION('',(#5211),#5215);
#5211 = LINE('',#5212,#5213);
#5212 = CARTESIAN_POINT('',(0.,0.));
#5213 = VECTOR('',#5214,1.);
#5214 = DIRECTION('',(1.,0.));
#5215 = ( GEOMETRIC_REPRESENTATION_CONTEXT(2) 
PARAMETRIC_REPRESENTATION_CONTEXT() REPRESENTATION_CONTEXT('2D SPACE',''
  ) );
#5216 = ORIENTED_EDGE('',*,*,#5217,.F.);
#5217 = EDGE_CURVE('',#4742,#5190,#5218,.T.);
#5218 = SURFACE_CURVE('',#5219,(#5223,#5230),.PCURVE_S1.);
#5219 = LINE('',#5220,#5221);
#5220 = CARTESIAN_POINT('',(7.366777,-45.693223,0.));
#5221 = VECTOR('',#5222,1.);
#5222 = DIRECTION('',(0.555568130845,-0.831471016927,0.));
#5223 = PCURVE('',#144,#5224);
#5224 = DEFINITIONAL_REPRESENTATION('',(#5225),#5229);
#5225 = LINE('',#5226,#5227);
#5226 = CARTESIAN_POINT('',(30.133223,9.306777));
#5227 = VECTOR('',#5228,1.);
#5228 = DIRECTION('',(-0.555568130845,-0.831471016927));
#5229 = ( GEOMETRIC_REPRESENTATION_CONTEXT(2) 
PARAMETRIC_REPRESENTATION_CONTEXT() REPRESENTATION_CONTEXT('2D SPACE',''
  ) );
#5230 = PCURVE('',#5231,#5236);
#5231 = PLANE('',#5232);
#5232 = AXIS2_PLACEMENT_3D('',#5233,#5234,#5235);
#5233 = CARTESIAN_POINT('',(7.366777,-45.693223,0.));
#5234 = DIRECTION('',(0.831471016927,0.555568130845,-0.));
#5235 = DIRECTION('',(0.555568130845,-0.831471016927,0.));
#5236 = DEFINITIONAL_REPRESENTATION('',(#5237),#5241);
#5237 = LINE('',#5238,#5239);
#5238 = CARTESIAN_POINT('',(0.,0.));
#5239 = VECTOR('',#5240,1.);
#5240 = DIRECTION('',(1.,0.));
#5241 = ( GEOMETRIC_REPRESENTATION_CONTEXT(2) 
PARAMETRIC_REPRESENTATION_CONTEXT() REPRESENTATION_CONTEXT('2D SPACE',''
  ) );
#5242 = FACE_BOUND('',#5243,.T.);
#5243 = EDGE_LOOP('',(#5244));
#5244 = ORIENTED_EDGE('',*,*,#5245,.T.);
#5245 = EDGE_CURVE('',#5246,#5246,#5248,.T.);
#5246 = VERTEX_POINT('',#5247);
#5247 = CARTESIAN_POINT('',(6.49,-47.2,0.));
#5248 = SURFACE_CURVE('',#5249,(#5254,#5265),.PCURVE_S1.);
#5249 = CIRCLE('',#5250,0.2);
#5250 = AXIS2_PLACEMENT_3D('',#5251,#5252,#5253);
#5251 = CARTESIAN_POINT('',(6.29,-47.2,0.));
#5252 = DIRECTION('',(0.,0.,1.));
#5253 = DIRECTION('',(1.,0.,-0.));
#5254 = PCURVE('',#144,#5255);
#5255 = DEFINITIONAL_REPRESENTATION('',(#5256),#5264);
#5256 = ( BOUNDED_CURVE() B_SPLINE_CURVE(2,(#5257,#5258,#5259,#5260,
#5261,#5262,#5263),.UNSPECIFIED.,.T.,.F.) B_SPLINE_CURVE_WITH_KNOTS((1,2
    ,2,2,2,1),(-2.094395102393,0.,2.094395102393,4.188790204786,
6.28318530718,8.377580409573),.UNSPECIFIED.) CURVE() 
GEOMETRIC_REPRESENTATION_ITEM() RATIONAL_B_SPLINE_CURVE((1.,0.5,1.,0.5,
1.,0.5,1.)) REPRESENTATION_ITEM('') );
#5257 = CARTESIAN_POINT('',(31.01,7.8));
#5258 = CARTESIAN_POINT('',(31.01,8.146410161514));
#5259 = CARTESIAN_POINT('',(31.31,7.973205080757));
#5260 = CARTESIAN_POINT('',(31.61,7.8));
#5261 = CARTESIAN_POINT('',(31.31,7.626794919243));
#5262 = CARTESIAN_POINT('',(31.01,7.453589838486));
#5263 = CARTESIAN_POINT('',(31.01,7.8));
#5264 = ( GEOMETRIC_REPRESENTATION_CONTEXT(2) 
PARAMETRIC_REPRESENTATION_CONTEXT() REPRESENTATION_CONTEXT('2D SPACE',''
  ) );
#5265 = PCURVE('',#5266,#5271);
#5266 = CYLINDRICAL_SURFACE('',#5267,0.2);
#5267 = AXIS2_PLACEMENT_3D('',#5268,#5269,#5270);
#5268 = CARTESIAN_POINT('',(6.29,-47.2,-1.E-02));
#5269 = DIRECTION('',(0.,0.,1.));
#5270 = DIRECTION('',(1.,0.,-0.));
#5271 = DEFINITIONAL_REPRESENTATION('',(#5272),#5276);
#5272 = LINE('',#5273,#5274);
#5273 = CARTESIAN_POINT('',(0.,1.E-02));
#5274 = VECTOR('',#5275,1.);
#5275 = DIRECTION('',(1.,0.));
#5276 = ( GEOMETRIC_REPRESENTATION_CONTEXT(2) 
PARAMETRIC_REPRESENTATION_CONTEXT() REPRESENTATION_CONTEXT('2D SPACE',''
  ) );
#5277 = FACE_BOUND('',#5278,.T.);
#5278 = EDGE_LOOP('',(#5279,#5309,#5337,#5365,#5393,#5421,#5449,#5477,
    #5505,#5533,#5561,#5589,#5617,#5645,#5673,#5701,#5729,#5757,#5785,
    #5813));
#5279 = ORIENTED_EDGE('',*,*,#5280,.F.);
#5280 = EDGE_CURVE('',#5281,#5283,#5285,.T.);
#5281 = VERTEX_POINT('',#5282);
#5282 = CARTESIAN_POINT('',(5.3346,-46.138843,0.));
#5283 = VERTEX_POINT('',#5284);
#5284 = CARTESIAN_POINT('',(5.391036,-46.041094,0.));
#5285 = SURFACE_CURVE('',#5286,(#5290,#5297),.PCURVE_S1.);
#5286 = LINE('',#5287,#5288);
#5287 = CARTESIAN_POINT('',(5.3346,-46.138843,0.));
#5288 = VECTOR('',#5289,1.);
#5289 = DIRECTION('',(0.500003910674,0.866023145944,0.));
#5290 = PCURVE('',#144,#5291);
#5291 = DEFINITIONAL_REPRESENTATION('',(#5292),#5296);
#5292 = LINE('',#5293,#5294);
#5293 = CARTESIAN_POINT('',(32.1654,8.861157));
#5294 = VECTOR('',#5295,1.);
#5295 = DIRECTION('',(-0.500003910674,0.866023145944));
#5296 = ( GEOMETRIC_REPRESENTATION_CONTEXT(2) 
PARAMETRIC_REPRESENTATION_CONTEXT() REPRESENTATION_CONTEXT('2D SPACE',''
  ) );
#5297 = PCURVE('',#5298,#5303);
#5298 = PLANE('',#5299);
#5299 = AXIS2_PLACEMENT_3D('',#5300,#5301,#5302);
#5300 = CARTESIAN_POINT('',(5.3346,-46.138843,0.));
#5301 = DIRECTION('',(-0.866023145944,0.500003910674,0.));
#5302 = DIRECTION('',(0.500003910674,0.866023145944,0.));
#5303 = DEFINITIONAL_REPRESENTATION('',(#5304),#5308);
#5304 = LINE('',#5305,#5306);
#5305 = CARTESIAN_POINT('',(0.,0.));
#5306 = VECTOR('',#5307,1.);
#5307 = DIRECTION('',(1.,0.));
#5308 = ( GEOMETRIC_REPRESENTATION_CONTEXT(2) 
PARAMETRIC_REPRESENTATION_CONTEXT() REPRESENTATION_CONTEXT('2D SPACE',''
  ) );
#5309 = ORIENTED_EDGE('',*,*,#5310,.F.);
#5310 = EDGE_CURVE('',#5311,#5281,#5313,.T.);
#5311 = VERTEX_POINT('',#5312);
#5312 = CARTESIAN_POINT('',(5.315,-46.25,0.));
#5313 = SURFACE_CURVE('',#5314,(#5318,#5325),.PCURVE_S1.);
#5314 = LINE('',#5315,#5316);
#5315 = CARTESIAN_POINT('',(5.315,-46.25,0.));
#5316 = VECTOR('',#5317,1.);
#5317 = DIRECTION('',(0.173648365029,0.984807719975,0.));
#5318 = PCURVE('',#144,#5319);
#5319 = DEFINITIONAL_REPRESENTATION('',(#5320),#5324);
#5320 = LINE('',#5321,#5322);
#5321 = CARTESIAN_POINT('',(32.185,8.75));
#5322 = VECTOR('',#5323,1.);
#5323 = DIRECTION('',(-0.173648365029,0.984807719975));
#5324 = ( GEOMETRIC_REPRESENTATION_CONTEXT(2) 
PARAMETRIC_REPRESENTATION_CONTEXT() REPRESENTATION_CONTEXT('2D SPACE',''
  ) );
#5325 = PCURVE('',#5326,#5331);
#5326 = PLANE('',#5327);
#5327 = AXIS2_PLACEMENT_3D('',#5328,#5329,#5330);
#5328 = CARTESIAN_POINT('',(5.315,-46.25,0.));
#5329 = DIRECTION('',(-0.984807719975,0.173648365029,0.));
#5330 = DIRECTION('',(0.173648365029,0.984807719975,0.));
#5331 = DEFINITIONAL_REPRESENTATION('',(#5332),#5336);
#5332 = LINE('',#5333,#5334);
#5333 = CARTESIAN_POINT('',(0.,0.));
#5334 = VECTOR('',#5335,1.);
#5335 = DIRECTION('',(1.,0.));
#5336 = ( GEOMETRIC_REPRESENTATION_CONTEXT(2) 
PARAMETRIC_REPRESENTATION_CONTEXT() REPRESENTATION_CONTEXT('2D SPACE',''
  ) );
#5337 = ORIENTED_EDGE('',*,*,#5338,.F.);
#5338 = EDGE_CURVE('',#5339,#5311,#5341,.T.);
#5339 = VERTEX_POINT('',#5340);
#5340 = CARTESIAN_POINT('',(5.315,-46.55,0.));
#5341 = SURFACE_CURVE('',#5342,(#5346,#5353),.PCURVE_S1.);
#5342 = LINE('',#5343,#5344);
#5343 = CARTESIAN_POINT('',(5.315,-46.55,0.));
#5344 = VECTOR('',#5345,1.);
#5345 = DIRECTION('',(0.,1.,0.));
#5346 = PCURVE('',#144,#5347);
#5347 = DEFINITIONAL_REPRESENTATION('',(#5348),#5352);
#5348 = LINE('',#5349,#5350);
#5349 = CARTESIAN_POINT('',(32.185,8.45));
#5350 = VECTOR('',#5351,1.);
#5351 = DIRECTION('',(0.,1.));
#5352 = ( GEOMETRIC_REPRESENTATION_CONTEXT(2) 
PARAMETRIC_REPRESENTATION_CONTEXT() REPRESENTATION_CONTEXT('2D SPACE',''
  ) );
#5353 = PCURVE('',#5354,#5359);
#5354 = PLANE('',#5355);
#5355 = AXIS2_PLACEMENT_3D('',#5356,#5357,#5358);
#5356 = CARTESIAN_POINT('',(5.315,-46.55,0.));
#5357 = DIRECTION('',(-1.,0.,0.));
#5358 = DIRECTION('',(0.,1.,0.));
#5359 = DEFINITIONAL_REPRESENTATION('',(#5360),#5364);
#5360 = LINE('',#5361,#5362);
#5361 = CARTESIAN_POINT('',(0.,0.));
#5362 = VECTOR('',#5363,1.);
#5363 = DIRECTION('',(1.,0.));
#5364 = ( GEOMETRIC_REPRESENTATION_CONTEXT(2) 
PARAMETRIC_REPRESENTATION_CONTEXT() REPRESENTATION_CONTEXT('2D SPACE',''
  ) );
#5365 = ORIENTED_EDGE('',*,*,#5366,.F.);
#5366 = EDGE_CURVE('',#5367,#5339,#5369,.T.);
#5367 = VERTEX_POINT('',#5368);
#5368 = CARTESIAN_POINT('',(5.3346,-46.661157,0.));
#5369 = SURFACE_CURVE('',#5370,(#5374,#5381),.PCURVE_S1.);
#5370 = LINE('',#5371,#5372);
#5371 = CARTESIAN_POINT('',(5.3346,-46.661157,0.));
#5372 = VECTOR('',#5373,1.);
#5373 = DIRECTION('',(-0.173648365029,0.984807719975,0.));
#5374 = PCURVE('',#144,#5375);
#5375 = DEFINITIONAL_REPRESENTATION('',(#5376),#5380);
#5376 = LINE('',#5377,#5378);
#5377 = CARTESIAN_POINT('',(32.1654,8.338843));
#5378 = VECTOR('',#5379,1.);
#5379 = DIRECTION('',(0.173648365029,0.984807719975));
#5380 = ( GEOMETRIC_REPRESENTATION_CONTEXT(2) 
PARAMETRIC_REPRESENTATION_CONTEXT() REPRESENTATION_CONTEXT('2D SPACE',''
  ) );
#5381 = PCURVE('',#5382,#5387);
#5382 = PLANE('',#5383);
#5383 = AXIS2_PLACEMENT_3D('',#5384,#5385,#5386);
#5384 = CARTESIAN_POINT('',(5.3346,-46.661157,0.));
#5385 = DIRECTION('',(-0.984807719975,-0.173648365029,0.));
#5386 = DIRECTION('',(-0.173648365029,0.984807719975,0.));
#5387 = DEFINITIONAL_REPRESENTATION('',(#5388),#5392);
#5388 = LINE('',#5389,#5390);
#5389 = CARTESIAN_POINT('',(0.,0.));
#5390 = VECTOR('',#5391,1.);
#5391 = DIRECTION('',(1.,0.));
#5392 = ( GEOMETRIC_REPRESENTATION_CONTEXT(2) 
PARAMETRIC_REPRESENTATION_CONTEXT() REPRESENTATION_CONTEXT('2D SPACE',''
  ) );
#5393 = ORIENTED_EDGE('',*,*,#5394,.F.);
#5394 = EDGE_CURVE('',#5395,#5367,#5397,.T.);
#5395 = VERTEX_POINT('',#5396);
#5396 = CARTESIAN_POINT('',(5.391036,-46.758906,0.));
#5397 = SURFACE_CURVE('',#5398,(#5402,#5409),.PCURVE_S1.);
#5398 = LINE('',#5399,#5400);
#5399 = CARTESIAN_POINT('',(5.391036,-46.758906,0.));
#5400 = VECTOR('',#5401,1.);
#5401 = DIRECTION('',(-0.500003910674,0.866023145944,0.));
#5402 = PCURVE('',#144,#5403);
#5403 = DEFINITIONAL_REPRESENTATION('',(#5404),#5408);
#5404 = LINE('',#5405,#5406);
#5405 = CARTESIAN_POINT('',(32.108964,8.241094));
#5406 = VECTOR('',#5407,1.);
#5407 = DIRECTION('',(0.500003910674,0.866023145944));
#5408 = ( GEOMETRIC_REPRESENTATION_CONTEXT(2) 
PARAMETRIC_REPRESENTATION_CONTEXT() REPRESENTATION_CONTEXT('2D SPACE',''
  ) );
#5409 = PCURVE('',#5410,#5415);
#5410 = PLANE('',#5411);
#5411 = AXIS2_PLACEMENT_3D('',#5412,#5413,#5414);
#5412 = CARTESIAN_POINT('',(5.391036,-46.758906,0.));
#5413 = DIRECTION('',(-0.866023145944,-0.500003910674,0.));
#5414 = DIRECTION('',(-0.500003910674,0.866023145944,0.));
#5415 = DEFINITIONAL_REPRESENTATION('',(#5416),#5420);
#5416 = LINE('',#5417,#5418);
#5417 = CARTESIAN_POINT('',(0.,0.));
#5418 = VECTOR('',#5419,1.);
#5419 = DIRECTION('',(1.,0.));
#5420 = ( GEOMETRIC_REPRESENTATION_CONTEXT(2) 
PARAMETRIC_REPRESENTATION_CONTEXT() REPRESENTATION_CONTEXT('2D SPACE',''
  ) );
#5421 = ORIENTED_EDGE('',*,*,#5422,.F.);
#5422 = EDGE_CURVE('',#5423,#5395,#5425,.T.);
#5423 = VERTEX_POINT('',#5424);
#5424 = CARTESIAN_POINT('',(5.4775,-46.831458,0.));
#5425 = SURFACE_CURVE('',#5426,(#5430,#5437),.PCURVE_S1.);
#5426 = LINE('',#5427,#5428);
#5427 = CARTESIAN_POINT('',(5.4775,-46.831458,0.));
#5428 = VECTOR('',#5429,1.);
#5429 = DIRECTION('',(-0.766044052715,0.642788074951,0.));
#5430 = PCURVE('',#144,#5431);
#5431 = DEFINITIONAL_REPRESENTATION('',(#5432),#5436);
#5432 = LINE('',#5433,#5434);
#5433 = CARTESIAN_POINT('',(32.0225,8.168542));
#5434 = VECTOR('',#5435,1.);
#5435 = DIRECTION('',(0.766044052715,0.642788074951));
#5436 = ( GEOMETRIC_REPRESENTATION_CONTEXT(2) 
PARAMETRIC_REPRESENTATION_CONTEXT() REPRESENTATION_CONTEXT('2D SPACE',''
  ) );
#5437 = PCURVE('',#5438,#5443);
#5438 = PLANE('',#5439);
#5439 = AXIS2_PLACEMENT_3D('',#5440,#5441,#5442);
#5440 = CARTESIAN_POINT('',(5.4775,-46.831458,0.));
#5441 = DIRECTION('',(-0.642788074951,-0.766044052715,0.));
#5442 = DIRECTION('',(-0.766044052715,0.642788074951,0.));
#5443 = DEFINITIONAL_REPRESENTATION('',(#5444),#5448);
#5444 = LINE('',#5445,#5446);
#5445 = CARTESIAN_POINT('',(0.,0.));
#5446 = VECTOR('',#5447,1.);
#5447 = DIRECTION('',(1.,0.));
#5448 = ( GEOMETRIC_REPRESENTATION_CONTEXT(2) 
PARAMETRIC_REPRESENTATION_CONTEXT() REPRESENTATION_CONTEXT('2D SPACE',''
  ) );
#5449 = ORIENTED_EDGE('',*,*,#5450,.F.);
#5450 = EDGE_CURVE('',#5451,#5423,#5453,.T.);
#5451 = VERTEX_POINT('',#5452);
#5452 = CARTESIAN_POINT('',(5.583564,-46.870063,0.));
#5453 = SURFACE_CURVE('',#5454,(#5458,#5465),.PCURVE_S1.);
#5454 = LINE('',#5455,#5456);
#5455 = CARTESIAN_POINT('',(5.583564,-46.870063,0.));
#5456 = VECTOR('',#5457,1.);
#5457 = DIRECTION('',(-0.939690168911,0.342026879722,0.));
#5458 = PCURVE('',#144,#5459);
#5459 = DEFINITIONAL_REPRESENTATION('',(#5460),#5464);
#5460 = LINE('',#5461,#5462);
#5461 = CARTESIAN_POINT('',(31.916436,8.129937));
#5462 = VECTOR('',#5463,1.);
#5463 = DIRECTION('',(0.939690168911,0.342026879722));
#5464 = ( GEOMETRIC_REPRESENTATION_CONTEXT(2) 
PARAMETRIC_REPRESENTATION_CONTEXT() REPRESENTATION_CONTEXT('2D SPACE',''
  ) );
#5465 = PCURVE('',#5466,#5471);
#5466 = PLANE('',#5467);
#5467 = AXIS2_PLACEMENT_3D('',#5468,#5469,#5470);
#5468 = CARTESIAN_POINT('',(5.583564,-46.870063,0.));
#5469 = DIRECTION('',(-0.342026879722,-0.939690168911,0.));
#5470 = DIRECTION('',(-0.939690168911,0.342026879722,0.));
#5471 = DEFINITIONAL_REPRESENTATION('',(#5472),#5476);
#5472 = LINE('',#5473,#5474);
#5473 = CARTESIAN_POINT('',(0.,0.));
#5474 = VECTOR('',#5475,1.);
#5475 = DIRECTION('',(1.,0.));
#5476 = ( GEOMETRIC_REPRESENTATION_CONTEXT(2) 
PARAMETRIC_REPRESENTATION_CONTEXT() REPRESENTATION_CONTEXT('2D SPACE',''
  ) );
#5477 = ORIENTED_EDGE('',*,*,#5478,.F.);
#5478 = EDGE_CURVE('',#5479,#5451,#5481,.T.);
#5479 = VERTEX_POINT('',#5480);
#5480 = CARTESIAN_POINT('',(5.696436,-46.870063,0.));
#5481 = SURFACE_CURVE('',#5482,(#5486,#5493),.PCURVE_S1.);
#5482 = LINE('',#5483,#5484);
#5483 = CARTESIAN_POINT('',(5.696436,-46.870063,0.));
#5484 = VECTOR('',#5485,1.);
#5485 = DIRECTION('',(-1.,0.,0.));
#5486 = PCURVE('',#144,#5487);
#5487 = DEFINITIONAL_REPRESENTATION('',(#5488),#5492);
#5488 = LINE('',#5489,#5490);
#5489 = CARTESIAN_POINT('',(31.803564,8.129937));
#5490 = VECTOR('',#5491,1.);
#5491 = DIRECTION('',(1.,0.));
#5492 = ( GEOMETRIC_REPRESENTATION_CONTEXT(2) 
PARAMETRIC_REPRESENTATION_CONTEXT() REPRESENTATION_CONTEXT('2D SPACE',''
  ) );
#5493 = PCURVE('',#5494,#5499);
#5494 = PLANE('',#5495);
#5495 = AXIS2_PLACEMENT_3D('',#5496,#5497,#5498);
#5496 = CARTESIAN_POINT('',(5.696436,-46.870063,0.));
#5497 = DIRECTION('',(0.,-1.,0.));
#5498 = DIRECTION('',(-1.,0.,0.));
#5499 = DEFINITIONAL_REPRESENTATION('',(#5500),#5504);
#5500 = LINE('',#5501,#5502);
#5501 = CARTESIAN_POINT('',(0.,-0.));
#5502 = VECTOR('',#5503,1.);
#5503 = DIRECTION('',(1.,0.));
#5504 = ( GEOMETRIC_REPRESENTATION_CONTEXT(2) 
PARAMETRIC_REPRESENTATION_CONTEXT() REPRESENTATION_CONTEXT('2D SPACE',''
  ) );
#5505 = ORIENTED_EDGE('',*,*,#5506,.F.);
#5506 = EDGE_CURVE('',#5507,#5479,#5509,.T.);
#5507 = VERTEX_POINT('',#5508);
#5508 = CARTESIAN_POINT('',(5.8025,-46.831458,0.));
#5509 = SURFACE_CURVE('',#5510,(#5514,#5521),.PCURVE_S1.);
#5510 = LINE('',#5511,#5512);
#5511 = CARTESIAN_POINT('',(5.8025,-46.831458,0.));
#5512 = VECTOR('',#5513,1.);
#5513 = DIRECTION('',(-0.939690168911,-0.342026879722,0.));
#5514 = PCURVE('',#144,#5515);
#5515 = DEFINITIONAL_REPRESENTATION('',(#5516),#5520);
#5516 = LINE('',#5517,#5518);
#5517 = CARTESIAN_POINT('',(31.6975,8.168542));
#5518 = VECTOR('',#5519,1.);
#5519 = DIRECTION('',(0.939690168911,-0.342026879722));
#5520 = ( GEOMETRIC_REPRESENTATION_CONTEXT(2) 
PARAMETRIC_REPRESENTATION_CONTEXT() REPRESENTATION_CONTEXT('2D SPACE',''
  ) );
#5521 = PCURVE('',#5522,#5527);
#5522 = PLANE('',#5523);
#5523 = AXIS2_PLACEMENT_3D('',#5524,#5525,#5526);
#5524 = CARTESIAN_POINT('',(5.8025,-46.831458,0.));
#5525 = DIRECTION('',(0.342026879722,-0.939690168911,0.));
#5526 = DIRECTION('',(-0.939690168911,-0.342026879722,0.));
#5527 = DEFINITIONAL_REPRESENTATION('',(#5528),#5532);
#5528 = LINE('',#5529,#5530);
#5529 = CARTESIAN_POINT('',(0.,0.));
#5530 = VECTOR('',#5531,1.);
#5531 = DIRECTION('',(1.,0.));
#5532 = ( GEOMETRIC_REPRESENTATION_CONTEXT(2) 
PARAMETRIC_REPRESENTATION_CONTEXT() REPRESENTATION_CONTEXT('2D SPACE',''
  ) );
#5533 = ORIENTED_EDGE('',*,*,#5534,.F.);
#5534 = EDGE_CURVE('',#5535,#5507,#5537,.T.);
#5535 = VERTEX_POINT('',#5536);
#5536 = CARTESIAN_POINT('',(5.888964,-46.758906,0.));
#5537 = SURFACE_CURVE('',#5538,(#5542,#5549),.PCURVE_S1.);
#5538 = LINE('',#5539,#5540);
#5539 = CARTESIAN_POINT('',(5.888964,-46.758906,0.));
#5540 = VECTOR('',#5541,1.);
#5541 = DIRECTION('',(-0.766044052715,-0.642788074951,0.));
#5542 = PCURVE('',#144,#5543);
#5543 = DEFINITIONAL_REPRESENTATION('',(#5544),#5548);
#5544 = LINE('',#5545,#5546);
#5545 = CARTESIAN_POINT('',(31.611036,8.241094));
#5546 = VECTOR('',#5547,1.);
#5547 = DIRECTION('',(0.766044052715,-0.642788074951));
#5548 = ( GEOMETRIC_REPRESENTATION_CONTEXT(2) 
PARAMETRIC_REPRESENTATION_CONTEXT() REPRESENTATION_CONTEXT('2D SPACE',''
  ) );
#5549 = PCURVE('',#5550,#5555);
#5550 = PLANE('',#5551);
#5551 = AXIS2_PLACEMENT_3D('',#5552,#5553,#5554);
#5552 = CARTESIAN_POINT('',(5.888964,-46.758906,0.));
#5553 = DIRECTION('',(0.642788074951,-0.766044052715,0.));
#5554 = DIRECTION('',(-0.766044052715,-0.642788074951,0.));
#5555 = DEFINITIONAL_REPRESENTATION('',(#5556),#5560);
#5556 = LINE('',#5557,#5558);
#5557 = CARTESIAN_POINT('',(0.,0.));
#5558 = VECTOR('',#5559,1.);
#5559 = DIRECTION('',(1.,0.));
#5560 = ( GEOMETRIC_REPRESENTATION_CONTEXT(2) 
PARAMETRIC_REPRESENTATION_CONTEXT() REPRESENTATION_CONTEXT('2D SPACE',''
  ) );
#5561 = ORIENTED_EDGE('',*,*,#5562,.F.);
#5562 = EDGE_CURVE('',#5563,#5535,#5565,.T.);
#5563 = VERTEX_POINT('',#5564);
#5564 = CARTESIAN_POINT('',(5.9454,-46.661157,0.));
#5565 = SURFACE_CURVE('',#5566,(#5570,#5577),.PCURVE_S1.);
#5566 = LINE('',#5567,#5568);
#5567 = CARTESIAN_POINT('',(5.9454,-46.661157,0.));
#5568 = VECTOR('',#5569,1.);
#5569 = DIRECTION('',(-0.500003910674,-0.866023145944,0.));
#5570 = PCURVE('',#144,#5571);
#5571 = DEFINITIONAL_REPRESENTATION('',(#5572),#5576);
#5572 = LINE('',#5573,#5574);
#5573 = CARTESIAN_POINT('',(31.5546,8.338843));
#5574 = VECTOR('',#5575,1.);
#5575 = DIRECTION('',(0.500003910674,-0.866023145944));
#5576 = ( GEOMETRIC_REPRESENTATION_CONTEXT(2) 
PARAMETRIC_REPRESENTATION_CONTEXT() REPRESENTATION_CONTEXT('2D SPACE',''
  ) );
#5577 = PCURVE('',#5578,#5583);
#5578 = PLANE('',#5579);
#5579 = AXIS2_PLACEMENT_3D('',#5580,#5581,#5582);
#5580 = CARTESIAN_POINT('',(5.9454,-46.661157,0.));
#5581 = DIRECTION('',(0.866023145944,-0.500003910674,0.));
#5582 = DIRECTION('',(-0.500003910674,-0.866023145944,0.));
#5583 = DEFINITIONAL_REPRESENTATION('',(#5584),#5588);
#5584 = LINE('',#5585,#5586);
#5585 = CARTESIAN_POINT('',(0.,0.));
#5586 = VECTOR('',#5587,1.);
#5587 = DIRECTION('',(1.,0.));
#5588 = ( GEOMETRIC_REPRESENTATION_CONTEXT(2) 
PARAMETRIC_REPRESENTATION_CONTEXT() REPRESENTATION_CONTEXT('2D SPACE',''
  ) );
#5589 = ORIENTED_EDGE('',*,*,#5590,.F.);
#5590 = EDGE_CURVE('',#5591,#5563,#5593,.T.);
#5591 = VERTEX_POINT('',#5592);
#5592 = CARTESIAN_POINT('',(5.965,-46.55,0.));
#5593 = SURFACE_CURVE('',#5594,(#5598,#5605),.PCURVE_S1.);
#5594 = LINE('',#5595,#5596);
#5595 = CARTESIAN_POINT('',(5.965,-46.55,0.));
#5596 = VECTOR('',#5597,1.);
#5597 = DIRECTION('',(-0.173648365029,-0.984807719975,0.));
#5598 = PCURVE('',#144,#5599);
#5599 = DEFINITIONAL_REPRESENTATION('',(#5600),#5604);
#5600 = LINE('',#5601,#5602);
#5601 = CARTESIAN_POINT('',(31.535,8.45));
#5602 = VECTOR('',#5603,1.);
#5603 = DIRECTION('',(0.173648365029,-0.984807719975));
#5604 = ( GEOMETRIC_REPRESENTATION_CONTEXT(2) 
PARAMETRIC_REPRESENTATION_CONTEXT() REPRESENTATION_CONTEXT('2D SPACE',''
  ) );
#5605 = PCURVE('',#5606,#5611);
#5606 = PLANE('',#5607);
#5607 = AXIS2_PLACEMENT_3D('',#5608,#5609,#5610);
#5608 = CARTESIAN_POINT('',(5.965,-46.55,0.));
#5609 = DIRECTION('',(0.984807719975,-0.173648365029,0.));
#5610 = DIRECTION('',(-0.173648365029,-0.984807719975,0.));
#5611 = DEFINITIONAL_REPRESENTATION('',(#5612),#5616);
#5612 = LINE('',#5613,#5614);
#5613 = CARTESIAN_POINT('',(0.,0.));
#5614 = VECTOR('',#5615,1.);
#5615 = DIRECTION('',(1.,0.));
#5616 = ( GEOMETRIC_REPRESENTATION_CONTEXT(2) 
PARAMETRIC_REPRESENTATION_CONTEXT() REPRESENTATION_CONTEXT('2D SPACE',''
  ) );
#5617 = ORIENTED_EDGE('',*,*,#5618,.F.);
#5618 = EDGE_CURVE('',#5619,#5591,#5621,.T.);
#5619 = VERTEX_POINT('',#5620);
#5620 = CARTESIAN_POINT('',(5.965,-46.25,0.));
#5621 = SURFACE_CURVE('',#5622,(#5626,#5633),.PCURVE_S1.);
#5622 = LINE('',#5623,#5624);
#5623 = CARTESIAN_POINT('',(5.965,-46.25,0.));
#5624 = VECTOR('',#5625,1.);
#5625 = DIRECTION('',(0.,-1.,0.));
#5626 = PCURVE('',#144,#5627);
#5627 = DEFINITIONAL_REPRESENTATION('',(#5628),#5632);
#5628 = LINE('',#5629,#5630);
#5629 = CARTESIAN_POINT('',(31.535,8.75));
#5630 = VECTOR('',#5631,1.);
#5631 = DIRECTION('',(0.,-1.));
#5632 = ( GEOMETRIC_REPRESENTATION_CONTEXT(2) 
PARAMETRIC_REPRESENTATION_CONTEXT() REPRESENTATION_CONTEXT('2D SPACE',''
  ) );
#5633 = PCURVE('',#5634,#5639);
#5634 = PLANE('',#5635);
#5635 = AXIS2_PLACEMENT_3D('',#5636,#5637,#5638);
#5636 = CARTESIAN_POINT('',(5.965,-46.25,0.));
#5637 = DIRECTION('',(1.,0.,-0.));
#5638 = DIRECTION('',(0.,-1.,0.));
#5639 = DEFINITIONAL_REPRESENTATION('',(#5640),#5644);
#5640 = LINE('',#5641,#5642);
#5641 = CARTESIAN_POINT('',(0.,0.));
#5642 = VECTOR('',#5643,1.);
#5643 = DIRECTION('',(1.,0.));
#5644 = ( GEOMETRIC_REPRESENTATION_CONTEXT(2) 
PARAMETRIC_REPRESENTATION_CONTEXT() REPRESENTATION_CONTEXT('2D SPACE',''
  ) );
#5645 = ORIENTED_EDGE('',*,*,#5646,.F.);
#5646 = EDGE_CURVE('',#5647,#5619,#5649,.T.);
#5647 = VERTEX_POINT('',#5648);
#5648 = CARTESIAN_POINT('',(5.9454,-46.138843,0.));
#5649 = SURFACE_CURVE('',#5650,(#5654,#5661),.PCURVE_S1.);
#5650 = LINE('',#5651,#5652);
#5651 = CARTESIAN_POINT('',(5.9454,-46.138843,0.));
#5652 = VECTOR('',#5653,1.);
#5653 = DIRECTION('',(0.173648365029,-0.984807719975,0.));
#5654 = PCURVE('',#144,#5655);
#5655 = DEFINITIONAL_REPRESENTATION('',(#5656),#5660);
#5656 = LINE('',#5657,#5658);
#5657 = CARTESIAN_POINT('',(31.5546,8.861157));
#5658 = VECTOR('',#5659,1.);
#5659 = DIRECTION('',(-0.173648365029,-0.984807719975));
#5660 = ( GEOMETRIC_REPRESENTATION_CONTEXT(2) 
PARAMETRIC_REPRESENTATION_CONTEXT() REPRESENTATION_CONTEXT('2D SPACE',''
  ) );
#5661 = PCURVE('',#5662,#5667);
#5662 = PLANE('',#5663);
#5663 = AXIS2_PLACEMENT_3D('',#5664,#5665,#5666);
#5664 = CARTESIAN_POINT('',(5.9454,-46.138843,0.));
#5665 = DIRECTION('',(0.984807719975,0.173648365029,-0.));
#5666 = DIRECTION('',(0.173648365029,-0.984807719975,0.));
#5667 = DEFINITIONAL_REPRESENTATION('',(#5668),#5672);
#5668 = LINE('',#5669,#5670);
#5669 = CARTESIAN_POINT('',(0.,0.));
#5670 = VECTOR('',#5671,1.);
#5671 = DIRECTION('',(1.,0.));
#5672 = ( GEOMETRIC_REPRESENTATION_CONTEXT(2) 
PARAMETRIC_REPRESENTATION_CONTEXT() REPRESENTATION_CONTEXT('2D SPACE',''
  ) );
#5673 = ORIENTED_EDGE('',*,*,#5674,.F.);
#5674 = EDGE_CURVE('',#5675,#5647,#5677,.T.);
#5675 = VERTEX_POINT('',#5676);
#5676 = CARTESIAN_POINT('',(5.888964,-46.041094,0.));
#5677 = SURFACE_CURVE('',#5678,(#5682,#5689),.PCURVE_S1.);
#5678 = LINE('',#5679,#5680);
#5679 = CARTESIAN_POINT('',(5.888964,-46.041094,0.));
#5680 = VECTOR('',#5681,1.);
#5681 = DIRECTION('',(0.500003910674,-0.866023145944,0.));
#5682 = PCURVE('',#144,#5683);
#5683 = DEFINITIONAL_REPRESENTATION('',(#5684),#5688);
#5684 = LINE('',#5685,#5686);
#5685 = CARTESIAN_POINT('',(31.611036,8.958906));
#5686 = VECTOR('',#5687,1.);
#5687 = DIRECTION('',(-0.500003910674,-0.866023145944));
#5688 = ( GEOMETRIC_REPRESENTATION_CONTEXT(2) 
PARAMETRIC_REPRESENTATION_CONTEXT() REPRESENTATION_CONTEXT('2D SPACE',''
  ) );
#5689 = PCURVE('',#5690,#5695);
#5690 = PLANE('',#5691);
#5691 = AXIS2_PLACEMENT_3D('',#5692,#5693,#5694);
#5692 = CARTESIAN_POINT('',(5.888964,-46.041094,0.));
#5693 = DIRECTION('',(0.866023145944,0.500003910674,-0.));
#5694 = DIRECTION('',(0.500003910674,-0.866023145944,0.));
#5695 = DEFINITIONAL_REPRESENTATION('',(#5696),#5700);
#5696 = LINE('',#5697,#5698);
#5697 = CARTESIAN_POINT('',(0.,0.));
#5698 = VECTOR('',#5699,1.);
#5699 = DIRECTION('',(1.,0.));
#5700 = ( GEOMETRIC_REPRESENTATION_CONTEXT(2) 
PARAMETRIC_REPRESENTATION_CONTEXT() REPRESENTATION_CONTEXT('2D SPACE',''
  ) );
#5701 = ORIENTED_EDGE('',*,*,#5702,.F.);
#5702 = EDGE_CURVE('',#5703,#5675,#5705,.T.);
#5703 = VERTEX_POINT('',#5704);
#5704 = CARTESIAN_POINT('',(5.8025,-45.968542,0.));
#5705 = SURFACE_CURVE('',#5706,(#5710,#5717),.PCURVE_S1.);
#5706 = LINE('',#5707,#5708);
#5707 = CARTESIAN_POINT('',(5.8025,-45.968542,0.));
#5708 = VECTOR('',#5709,1.);
#5709 = DIRECTION('',(0.766044052715,-0.642788074951,0.));
#5710 = PCURVE('',#144,#5711);
#5711 = DEFINITIONAL_REPRESENTATION('',(#5712),#5716);
#5712 = LINE('',#5713,#5714);
#5713 = CARTESIAN_POINT('',(31.6975,9.031458));
#5714 = VECTOR('',#5715,1.);
#5715 = DIRECTION('',(-0.766044052715,-0.642788074951));
#5716 = ( GEOMETRIC_REPRESENTATION_CONTEXT(2) 
PARAMETRIC_REPRESENTATION_CONTEXT() REPRESENTATION_CONTEXT('2D SPACE',''
  ) );
#5717 = PCURVE('',#5718,#5723);
#5718 = PLANE('',#5719);
#5719 = AXIS2_PLACEMENT_3D('',#5720,#5721,#5722);
#5720 = CARTESIAN_POINT('',(5.8025,-45.968542,0.));
#5721 = DIRECTION('',(0.642788074951,0.766044052715,-0.));
#5722 = DIRECTION('',(0.766044052715,-0.642788074951,0.));
#5723 = DEFINITIONAL_REPRESENTATION('',(#5724),#5728);
#5724 = LINE('',#5725,#5726);
#5725 = CARTESIAN_POINT('',(0.,0.));
#5726 = VECTOR('',#5727,1.);
#5727 = DIRECTION('',(1.,0.));
#5728 = ( GEOMETRIC_REPRESENTATION_CONTEXT(2) 
PARAMETRIC_REPRESENTATION_CONTEXT() REPRESENTATION_CONTEXT('2D SPACE',''
  ) );
#5729 = ORIENTED_EDGE('',*,*,#5730,.F.);
#5730 = EDGE_CURVE('',#5731,#5703,#5733,.T.);
#5731 = VERTEX_POINT('',#5732);
#5732 = CARTESIAN_POINT('',(5.696436,-45.929937,0.));
#5733 = SURFACE_CURVE('',#5734,(#5738,#5745),.PCURVE_S1.);
#5734 = LINE('',#5735,#5736);
#5735 = CARTESIAN_POINT('',(5.696436,-45.929937,0.));
#5736 = VECTOR('',#5737,1.);
#5737 = DIRECTION('',(0.939690168911,-0.342026879722,0.));
#5738 = PCURVE('',#144,#5739);
#5739 = DEFINITIONAL_REPRESENTATION('',(#5740),#5744);
#5740 = LINE('',#5741,#5742);
#5741 = CARTESIAN_POINT('',(31.803564,9.070063));
#5742 = VECTOR('',#5743,1.);
#5743 = DIRECTION('',(-0.939690168911,-0.342026879722));
#5744 = ( GEOMETRIC_REPRESENTATION_CONTEXT(2) 
PARAMETRIC_REPRESENTATION_CONTEXT() REPRESENTATION_CONTEXT('2D SPACE',''
  ) );
#5745 = PCURVE('',#5746,#5751);
#5746 = PLANE('',#5747);
#5747 = AXIS2_PLACEMENT_3D('',#5748,#5749,#5750);
#5748 = CARTESIAN_POINT('',(5.696436,-45.929937,0.));
#5749 = DIRECTION('',(0.342026879722,0.939690168911,-0.));
#5750 = DIRECTION('',(0.939690168911,-0.342026879722,0.));
#5751 = DEFINITIONAL_REPRESENTATION('',(#5752),#5756);
#5752 = LINE('',#5753,#5754);
#5753 = CARTESIAN_POINT('',(0.,0.));
#5754 = VECTOR('',#5755,1.);
#5755 = DIRECTION('',(1.,0.));
#5756 = ( GEOMETRIC_REPRESENTATION_CONTEXT(2) 
PARAMETRIC_REPRESENTATION_CONTEXT() REPRESENTATION_CONTEXT('2D SPACE',''
  ) );
#5757 = ORIENTED_EDGE('',*,*,#5758,.F.);
#5758 = EDGE_CURVE('',#5759,#5731,#5761,.T.);
#5759 = VERTEX_POINT('',#5760);
#5760 = CARTESIAN_POINT('',(5.583564,-45.929937,0.));
#5761 = SURFACE_CURVE('',#5762,(#5766,#5773),.PCURVE_S1.);
#5762 = LINE('',#5763,#5764);
#5763 = CARTESIAN_POINT('',(5.583564,-45.929937,0.));
#5764 = VECTOR('',#5765,1.);
#5765 = DIRECTION('',(1.,0.,0.));
#5766 = PCURVE('',#144,#5767);
#5767 = DEFINITIONAL_REPRESENTATION('',(#5768),#5772);
#5768 = LINE('',#5769,#5770);
#5769 = CARTESIAN_POINT('',(31.916436,9.070063));
#5770 = VECTOR('',#5771,1.);
#5771 = DIRECTION('',(-1.,0.));
#5772 = ( GEOMETRIC_REPRESENTATION_CONTEXT(2) 
PARAMETRIC_REPRESENTATION_CONTEXT() REPRESENTATION_CONTEXT('2D SPACE',''
  ) );
#5773 = PCURVE('',#5774,#5779);
#5774 = PLANE('',#5775);
#5775 = AXIS2_PLACEMENT_3D('',#5776,#5777,#5778);
#5776 = CARTESIAN_POINT('',(5.583564,-45.929937,0.));
#5777 = DIRECTION('',(0.,1.,0.));
#5778 = DIRECTION('',(1.,0.,0.));
#5779 = DEFINITIONAL_REPRESENTATION('',(#5780),#5784);
#5780 = LINE('',#5781,#5782);
#5781 = CARTESIAN_POINT('',(0.,0.));
#5782 = VECTOR('',#5783,1.);
#5783 = DIRECTION('',(1.,0.));
#5784 = ( GEOMETRIC_REPRESENTATION_CONTEXT(2) 
PARAMETRIC_REPRESENTATION_CONTEXT() REPRESENTATION_CONTEXT('2D SPACE',''
  ) );
#5785 = ORIENTED_EDGE('',*,*,#5786,.F.);
#5786 = EDGE_CURVE('',#5787,#5759,#5789,.T.);
#5787 = VERTEX_POINT('',#5788);
#5788 = CARTESIAN_POINT('',(5.4775,-45.968542,0.));
#5789 = SURFACE_CURVE('',#5790,(#5794,#5801),.PCURVE_S1.);
#5790 = LINE('',#5791,#5792);
#5791 = CARTESIAN_POINT('',(5.4775,-45.968542,0.));
#5792 = VECTOR('',#5793,1.);
#5793 = DIRECTION('',(0.939690168911,0.342026879722,0.));
#5794 = PCURVE('',#144,#5795);
#5795 = DEFINITIONAL_REPRESENTATION('',(#5796),#5800);
#5796 = LINE('',#5797,#5798);
#5797 = CARTESIAN_POINT('',(32.0225,9.031458));
#5798 = VECTOR('',#5799,1.);
#5799 = DIRECTION('',(-0.939690168911,0.342026879722));
#5800 = ( GEOMETRIC_REPRESENTATION_CONTEXT(2) 
PARAMETRIC_REPRESENTATION_CONTEXT() REPRESENTATION_CONTEXT('2D SPACE',''
  ) );
#5801 = PCURVE('',#5802,#5807);
#5802 = PLANE('',#5803);
#5803 = AXIS2_PLACEMENT_3D('',#5804,#5805,#5806);
#5804 = CARTESIAN_POINT('',(5.4775,-45.968542,0.));
#5805 = DIRECTION('',(-0.342026879722,0.939690168911,0.));
#5806 = DIRECTION('',(0.939690168911,0.342026879722,0.));
#5807 = DEFINITIONAL_REPRESENTATION('',(#5808),#5812);
#5808 = LINE('',#5809,#5810);
#5809 = CARTESIAN_POINT('',(0.,0.));
#5810 = VECTOR('',#5811,1.);
#5811 = DIRECTION('',(1.,0.));
#5812 = ( GEOMETRIC_REPRESENTATION_CONTEXT(2) 
PARAMETRIC_REPRESENTATION_CONTEXT() REPRESENTATION_CONTEXT('2D SPACE',''
  ) );
#5813 = ORIENTED_EDGE('',*,*,#5814,.F.);
#5814 = EDGE_CURVE('',#5283,#5787,#5815,.T.);
#5815 = SURFACE_CURVE('',#5816,(#5820,#5827),.PCURVE_S1.);
#5816 = LINE('',#5817,#5818);
#5817 = CARTESIAN_POINT('',(5.391036,-46.041094,0.));
#5818 = VECTOR('',#5819,1.);
#5819 = DIRECTION('',(0.766044052715,0.642788074951,0.));
#5820 = PCURVE('',#144,#5821);
#5821 = DEFINITIONAL_REPRESENTATION('',(#5822),#5826);
#5822 = LINE('',#5823,#5824);
#5823 = CARTESIAN_POINT('',(32.108964,8.958906));
#5824 = VECTOR('',#5825,1.);
#5825 = DIRECTION('',(-0.766044052715,0.642788074951));
#5826 = ( GEOMETRIC_REPRESENTATION_CONTEXT(2) 
PARAMETRIC_REPRESENTATION_CONTEXT() REPRESENTATION_CONTEXT('2D SPACE',''
  ) );
#5827 = PCURVE('',#5828,#5833);
#5828 = PLANE('',#5829);
#5829 = AXIS2_PLACEMENT_3D('',#5830,#5831,#5832);
#5830 = CARTESIAN_POINT('',(5.391036,-46.041094,0.));
#5831 = DIRECTION('',(-0.642788074951,0.766044052715,0.));
#5832 = DIRECTION('',(0.766044052715,0.642788074951,0.));
#5833 = DEFINITIONAL_REPRESENTATION('',(#5834),#5838);
#5834 = LINE('',#5835,#5836);
#5835 = CARTESIAN_POINT('',(0.,0.));
#5836 = VECTOR('',#5837,1.);
#5837 = DIRECTION('',(1.,0.));
#5838 = ( GEOMETRIC_REPRESENTATION_CONTEXT(2) 
PARAMETRIC_REPRESENTATION_CONTEXT() REPRESENTATION_CONTEXT('2D SPACE',''
  ) );
#5839 = FACE_BOUND('',#5840,.T.);
#5840 = EDGE_LOOP('',(#5841));
#5841 = ORIENTED_EDGE('',*,*,#5842,.T.);
#5842 = EDGE_CURVE('',#5843,#5843,#5845,.T.);
#5843 = VERTEX_POINT('',#5844);
#5844 = CARTESIAN_POINT('',(35.945,-27.8525,0.));
#5845 = SURFACE_CURVE('',#5846,(#5851,#5862),.PCURVE_S1.);
#5846 = CIRCLE('',#5847,0.1);
#5847 = AXIS2_PLACEMENT_3D('',#5848,#5849,#5850);
#5848 = CARTESIAN_POINT('',(35.845,-27.8525,0.));
#5849 = DIRECTION('',(0.,0.,1.));
#5850 = DIRECTION('',(1.,0.,-0.));
#5851 = PCURVE('',#144,#5852);
#5852 = DEFINITIONAL_REPRESENTATION('',(#5853),#5861);
#5853 = ( BOUNDED_CURVE() B_SPLINE_CURVE(2,(#5854,#5855,#5856,#5857,
#5858,#5859,#5860),.UNSPECIFIED.,.T.,.F.) B_SPLINE_CURVE_WITH_KNOTS((1,2
    ,2,2,2,1),(-2.094395102393,0.,2.094395102393,4.188790204786,
6.28318530718,8.377580409573),.UNSPECIFIED.) CURVE() 
GEOMETRIC_REPRESENTATION_ITEM() RATIONAL_B_SPLINE_CURVE((1.,0.5,1.,0.5,
1.,0.5,1.)) REPRESENTATION_ITEM('') );
#5854 = CARTESIAN_POINT('',(1.555,27.1475));
#5855 = CARTESIAN_POINT('',(1.555,27.320705080757));
#5856 = CARTESIAN_POINT('',(1.705,27.234102540378));
#5857 = CARTESIAN_POINT('',(1.855,27.1475));
#5858 = CARTESIAN_POINT('',(1.705,27.060897459622));
#5859 = CARTESIAN_POINT('',(1.555,26.974294919243));
#5860 = CARTESIAN_POINT('',(1.555,27.1475));
#5861 = ( GEOMETRIC_REPRESENTATION_CONTEXT(2) 
PARAMETRIC_REPRESENTATION_CONTEXT() REPRESENTATION_CONTEXT('2D SPACE',''
  ) );
#5862 = PCURVE('',#5863,#5868);
#5863 = CYLINDRICAL_SURFACE('',#5864,0.1);
#5864 = AXIS2_PLACEMENT_3D('',#5865,#5866,#5867);
#5865 = CARTESIAN_POINT('',(35.845,-27.8525,-1.E-02));
#5866 = DIRECTION('',(0.,0.,1.));
#5867 = DIRECTION('',(1.,0.,-0.));
#5868 = DEFINITIONAL_REPRESENTATION('',(#5869),#5873);
#5869 = LINE('',#5870,#5871);
#5870 = CARTESIAN_POINT('',(0.,1.E-02));
#5871 = VECTOR('',#5872,1.);
#5872 = DIRECTION('',(1.,0.));
#5873 = ( GEOMETRIC_REPRESENTATION_CONTEXT(2) 
PARAMETRIC_REPRESENTATION_CONTEXT() REPRESENTATION_CONTEXT('2D SPACE',''
  ) );
#5874 = FACE_BOUND('',#5875,.T.);
#5875 = EDGE_LOOP('',(#5876));
#5876 = ORIENTED_EDGE('',*,*,#5877,.T.);
#5877 = EDGE_CURVE('',#5878,#5878,#5880,.T.);
#5878 = VERTEX_POINT('',#5879);
#5879 = CARTESIAN_POINT('',(35.945,-26.3275,0.));
#5880 = SURFACE_CURVE('',#5881,(#5886,#5897),.PCURVE_S1.);
#5881 = CIRCLE('',#5882,0.1);
#5882 = AXIS2_PLACEMENT_3D('',#5883,#5884,#5885);
#5883 = CARTESIAN_POINT('',(35.845,-26.3275,0.));
#5884 = DIRECTION('',(0.,0.,1.));
#5885 = DIRECTION('',(1.,0.,-0.));
#5886 = PCURVE('',#144,#5887);
#5887 = DEFINITIONAL_REPRESENTATION('',(#5888),#5896);
#5888 = ( BOUNDED_CURVE() B_SPLINE_CURVE(2,(#5889,#5890,#5891,#5892,
#5893,#5894,#5895),.UNSPECIFIED.,.T.,.F.) B_SPLINE_CURVE_WITH_KNOTS((1,2
    ,2,2,2,1),(-2.094395102393,0.,2.094395102393,4.188790204786,
6.28318530718,8.377580409573),.UNSPECIFIED.) CURVE() 
GEOMETRIC_REPRESENTATION_ITEM() RATIONAL_B_SPLINE_CURVE((1.,0.5,1.,0.5,
1.,0.5,1.)) REPRESENTATION_ITEM('') );
#5889 = CARTESIAN_POINT('',(1.555,28.6725));
#5890 = CARTESIAN_POINT('',(1.555,28.845705080757));
#5891 = CARTESIAN_POINT('',(1.705,28.759102540378));
#5892 = CARTESIAN_POINT('',(1.855,28.6725));
#5893 = CARTESIAN_POINT('',(1.705,28.585897459622));
#5894 = CARTESIAN_POINT('',(1.555,28.499294919243));
#5895 = CARTESIAN_POINT('',(1.555,28.6725));
#5896 = ( GEOMETRIC_REPRESENTATION_CONTEXT(2) 
PARAMETRIC_REPRESENTATION_CONTEXT() REPRESENTATION_CONTEXT('2D SPACE',''
  ) );
#5897 = PCURVE('',#5898,#5903);
#5898 = CYLINDRICAL_SURFACE('',#5899,0.1);
#5899 = AXIS2_PLACEMENT_3D('',#5900,#5901,#5902);
#5900 = CARTESIAN_POINT('',(35.845,-26.3275,-1.E-02));
#5901 = DIRECTION('',(0.,0.,1.));
#5902 = DIRECTION('',(1.,0.,-0.));
#5903 = DEFINITIONAL_REPRESENTATION('',(#5904),#5908);
#5904 = LINE('',#5905,#5906);
#5905 = CARTESIAN_POINT('',(0.,1.E-02));
#5906 = VECTOR('',#5907,1.);
#5907 = DIRECTION('',(1.,0.));
#5908 = ( GEOMETRIC_REPRESENTATION_CONTEXT(2) 
PARAMETRIC_REPRESENTATION_CONTEXT() REPRESENTATION_CONTEXT('2D SPACE',''
  ) );
#5909 = FACE_BOUND('',#5910,.T.);
#5910 = EDGE_LOOP('',(#5911));
#5911 = ORIENTED_EDGE('',*,*,#5912,.T.);
#5912 = EDGE_CURVE('',#5913,#5913,#5915,.T.);
#5913 = VERTEX_POINT('',#5914);
#5914 = CARTESIAN_POINT('',(35.1825,-28.615,0.));
#5915 = SURFACE_CURVE('',#5916,(#5921,#5932),.PCURVE_S1.);
#5916 = CIRCLE('',#5917,0.1);
#5917 = AXIS2_PLACEMENT_3D('',#5918,#5919,#5920);
#5918 = CARTESIAN_POINT('',(35.0825,-28.615,0.));
#5919 = DIRECTION('',(0.,0.,1.));
#5920 = DIRECTION('',(1.,0.,-0.));
#5921 = PCURVE('',#144,#5922);
#5922 = DEFINITIONAL_REPRESENTATION('',(#5923),#5931);
#5923 = ( BOUNDED_CURVE() B_SPLINE_CURVE(2,(#5924,#5925,#5926,#5927,
#5928,#5929,#5930),.UNSPECIFIED.,.T.,.F.) B_SPLINE_CURVE_WITH_KNOTS((1,2
    ,2,2,2,1),(-2.094395102393,0.,2.094395102393,4.188790204786,
6.28318530718,8.377580409573),.UNSPECIFIED.) CURVE() 
GEOMETRIC_REPRESENTATION_ITEM() RATIONAL_B_SPLINE_CURVE((1.,0.5,1.,0.5,
1.,0.5,1.)) REPRESENTATION_ITEM('') );
#5924 = CARTESIAN_POINT('',(2.3175,26.385));
#5925 = CARTESIAN_POINT('',(2.3175,26.558205080757));
#5926 = CARTESIAN_POINT('',(2.4675,26.471602540378));
#5927 = CARTESIAN_POINT('',(2.6175,26.385));
#5928 = CARTESIAN_POINT('',(2.4675,26.298397459622));
#5929 = CARTESIAN_POINT('',(2.3175,26.211794919243));
#5930 = CARTESIAN_POINT('',(2.3175,26.385));
#5931 = ( GEOMETRIC_REPRESENTATION_CONTEXT(2) 
PARAMETRIC_REPRESENTATION_CONTEXT() REPRESENTATION_CONTEXT('2D SPACE',''
  ) );
#5932 = PCURVE('',#5933,#5938);
#5933 = CYLINDRICAL_SURFACE('',#5934,0.1);
#5934 = AXIS2_PLACEMENT_3D('',#5935,#5936,#5937);
#5935 = CARTESIAN_POINT('',(35.0825,-28.615,-1.E-02));
#5936 = DIRECTION('',(0.,0.,1.));
#5937 = DIRECTION('',(1.,0.,-0.));
#5938 = DEFINITIONAL_REPRESENTATION('',(#5939),#5943);
#5939 = LINE('',#5940,#5941);
#5940 = CARTESIAN_POINT('',(0.,1.E-02));
#5941 = VECTOR('',#5942,1.);
#5942 = DIRECTION('',(1.,0.));
#5943 = ( GEOMETRIC_REPRESENTATION_CONTEXT(2) 
PARAMETRIC_REPRESENTATION_CONTEXT() REPRESENTATION_CONTEXT('2D SPACE',''
  ) );
#5944 = FACE_BOUND('',#5945,.T.);
#5945 = EDGE_LOOP('',(#5946));
#5946 = ORIENTED_EDGE('',*,*,#5947,.T.);
#5947 = EDGE_CURVE('',#5948,#5948,#5950,.T.);
#5948 = VERTEX_POINT('',#5949);
#5949 = CARTESIAN_POINT('',(35.1825,-27.09,0.));
#5950 = SURFACE_CURVE('',#5951,(#5956,#5967),.PCURVE_S1.);
#5951 = CIRCLE('',#5952,0.1);
#5952 = AXIS2_PLACEMENT_3D('',#5953,#5954,#5955);
#5953 = CARTESIAN_POINT('',(35.0825,-27.09,0.));
#5954 = DIRECTION('',(0.,0.,1.));
#5955 = DIRECTION('',(1.,0.,-0.));
#5956 = PCURVE('',#144,#5957);
#5957 = DEFINITIONAL_REPRESENTATION('',(#5958),#5966);
#5958 = ( BOUNDED_CURVE() B_SPLINE_CURVE(2,(#5959,#5960,#5961,#5962,
#5963,#5964,#5965),.UNSPECIFIED.,.T.,.F.) B_SPLINE_CURVE_WITH_KNOTS((1,2
    ,2,2,2,1),(-2.094395102393,0.,2.094395102393,4.188790204786,
6.28318530718,8.377580409573),.UNSPECIFIED.) CURVE() 
GEOMETRIC_REPRESENTATION_ITEM() RATIONAL_B_SPLINE_CURVE((1.,0.5,1.,0.5,
1.,0.5,1.)) REPRESENTATION_ITEM('') );
#5959 = CARTESIAN_POINT('',(2.3175,27.91));
#5960 = CARTESIAN_POINT('',(2.3175,28.083205080757));
#5961 = CARTESIAN_POINT('',(2.4675,27.996602540378));
#5962 = CARTESIAN_POINT('',(2.6175,27.91));
#5963 = CARTESIAN_POINT('',(2.4675,27.823397459622));
#5964 = CARTESIAN_POINT('',(2.3175,27.736794919243));
#5965 = CARTESIAN_POINT('',(2.3175,27.91));
#5966 = ( GEOMETRIC_REPRESENTATION_CONTEXT(2) 
PARAMETRIC_REPRESENTATION_CONTEXT() REPRESENTATION_CONTEXT('2D SPACE',''
  ) );
#5967 = PCURVE('',#5968,#5973);
#5968 = CYLINDRICAL_SURFACE('',#5969,0.1);
#5969 = AXIS2_PLACEMENT_3D('',#5970,#5971,#5972);
#5970 = CARTESIAN_POINT('',(35.0825,-27.09,-1.E-02));
#5971 = DIRECTION('',(0.,0.,1.));
#5972 = DIRECTION('',(1.,0.,-0.));
#5973 = DEFINITIONAL_REPRESENTATION('',(#5974),#5978);
#5974 = LINE('',#5975,#5976);
#5975 = CARTESIAN_POINT('',(0.,1.E-02));
#5976 = VECTOR('',#5977,1.);
#5977 = DIRECTION('',(1.,0.));
#5978 = ( GEOMETRIC_REPRESENTATION_CONTEXT(2) 
PARAMETRIC_REPRESENTATION_CONTEXT() REPRESENTATION_CONTEXT('2D SPACE',''
  ) );
#5979 = FACE_BOUND('',#5980,.T.);
#5980 = EDGE_LOOP('',(#5981));
#5981 = ORIENTED_EDGE('',*,*,#5982,.T.);
#5982 = EDGE_CURVE('',#5983,#5983,#5985,.T.);
#5983 = VERTEX_POINT('',#5984);
#5984 = CARTESIAN_POINT('',(33.6575,-28.615,0.));
#5985 = SURFACE_CURVE('',#5986,(#5991,#6002),.PCURVE_S1.);
#5986 = CIRCLE('',#5987,0.1);
#5987 = AXIS2_PLACEMENT_3D('',#5988,#5989,#5990);
#5988 = CARTESIAN_POINT('',(33.5575,-28.615,0.));
#5989 = DIRECTION('',(0.,0.,1.));
#5990 = DIRECTION('',(1.,0.,-0.));
#5991 = PCURVE('',#144,#5992);
#5992 = DEFINITIONAL_REPRESENTATION('',(#5993),#6001);
#5993 = ( BOUNDED_CURVE() B_SPLINE_CURVE(2,(#5994,#5995,#5996,#5997,
#5998,#5999,#6000),.UNSPECIFIED.,.T.,.F.) B_SPLINE_CURVE_WITH_KNOTS((1,2
    ,2,2,2,1),(-2.094395102393,0.,2.094395102393,4.188790204786,
6.28318530718,8.377580409573),.UNSPECIFIED.) CURVE() 
GEOMETRIC_REPRESENTATION_ITEM() RATIONAL_B_SPLINE_CURVE((1.,0.5,1.,0.5,
1.,0.5,1.)) REPRESENTATION_ITEM('') );
#5994 = CARTESIAN_POINT('',(3.8425,26.385));
#5995 = CARTESIAN_POINT('',(3.8425,26.558205080757));
#5996 = CARTESIAN_POINT('',(3.9925,26.471602540378));
#5997 = CARTESIAN_POINT('',(4.1425,26.385));
#5998 = CARTESIAN_POINT('',(3.9925,26.298397459622));
#5999 = CARTESIAN_POINT('',(3.8425,26.211794919243));
#6000 = CARTESIAN_POINT('',(3.8425,26.385));
#6001 = ( GEOMETRIC_REPRESENTATION_CONTEXT(2) 
PARAMETRIC_REPRESENTATION_CONTEXT() REPRESENTATION_CONTEXT('2D SPACE',''
  ) );
#6002 = PCURVE('',#6003,#6008);
#6003 = CYLINDRICAL_SURFACE('',#6004,0.1);
#6004 = AXIS2_PLACEMENT_3D('',#6005,#6006,#6007);
#6005 = CARTESIAN_POINT('',(33.5575,-28.615,-1.E-02));
#6006 = DIRECTION('',(0.,0.,1.));
#6007 = DIRECTION('',(1.,0.,-0.));
#6008 = DEFINITIONAL_REPRESENTATION('',(#6009),#6013);
#6009 = LINE('',#6010,#6011);
#6010 = CARTESIAN_POINT('',(0.,1.E-02));
#6011 = VECTOR('',#6012,1.);
#6012 = DIRECTION('',(1.,0.));
#6013 = ( GEOMETRIC_REPRESENTATION_CONTEXT(2) 
PARAMETRIC_REPRESENTATION_CONTEXT() REPRESENTATION_CONTEXT('2D SPACE',''
  ) );
#6014 = FACE_BOUND('',#6015,.T.);
#6015 = EDGE_LOOP('',(#6016));
#6016 = ORIENTED_EDGE('',*,*,#6017,.T.);
#6017 = EDGE_CURVE('',#6018,#6018,#6020,.T.);
#6018 = VERTEX_POINT('',#6019);
#6019 = CARTESIAN_POINT('',(34.42,-27.8525,0.));
#6020 = SURFACE_CURVE('',#6021,(#6026,#6037),.PCURVE_S1.);
#6021 = CIRCLE('',#6022,0.1);
#6022 = AXIS2_PLACEMENT_3D('',#6023,#6024,#6025);
#6023 = CARTESIAN_POINT('',(34.32,-27.8525,0.));
#6024 = DIRECTION('',(0.,0.,1.));
#6025 = DIRECTION('',(1.,0.,-0.));
#6026 = PCURVE('',#144,#6027);
#6027 = DEFINITIONAL_REPRESENTATION('',(#6028),#6036);
#6028 = ( BOUNDED_CURVE() B_SPLINE_CURVE(2,(#6029,#6030,#6031,#6032,
#6033,#6034,#6035),.UNSPECIFIED.,.T.,.F.) B_SPLINE_CURVE_WITH_KNOTS((1,2
    ,2,2,2,1),(-2.094395102393,0.,2.094395102393,4.188790204786,
6.28318530718,8.377580409573),.UNSPECIFIED.) CURVE() 
GEOMETRIC_REPRESENTATION_ITEM() RATIONAL_B_SPLINE_CURVE((1.,0.5,1.,0.5,
1.,0.5,1.)) REPRESENTATION_ITEM('') );
#6029 = CARTESIAN_POINT('',(3.08,27.1475));
#6030 = CARTESIAN_POINT('',(3.08,27.320705080757));
#6031 = CARTESIAN_POINT('',(3.23,27.234102540378));
#6032 = CARTESIAN_POINT('',(3.38,27.1475));
#6033 = CARTESIAN_POINT('',(3.23,27.060897459622));
#6034 = CARTESIAN_POINT('',(3.08,26.974294919243));
#6035 = CARTESIAN_POINT('',(3.08,27.1475));
#6036 = ( GEOMETRIC_REPRESENTATION_CONTEXT(2) 
PARAMETRIC_REPRESENTATION_CONTEXT() REPRESENTATION_CONTEXT('2D SPACE',''
  ) );
#6037 = PCURVE('',#6038,#6043);
#6038 = CYLINDRICAL_SURFACE('',#6039,0.1);
#6039 = AXIS2_PLACEMENT_3D('',#6040,#6041,#6042);
#6040 = CARTESIAN_POINT('',(34.32,-27.8525,-1.E-02));
#6041 = DIRECTION('',(0.,0.,1.));
#6042 = DIRECTION('',(1.,0.,-0.));
#6043 = DEFINITIONAL_REPRESENTATION('',(#6044),#6048);
#6044 = LINE('',#6045,#6046);
#6045 = CARTESIAN_POINT('',(0.,1.E-02));
#6046 = VECTOR('',#6047,1.);
#6047 = DIRECTION('',(1.,0.));
#6048 = ( GEOMETRIC_REPRESENTATION_CONTEXT(2) 
PARAMETRIC_REPRESENTATION_CONTEXT() REPRESENTATION_CONTEXT('2D SPACE',''
  ) );
#6049 = FACE_BOUND('',#6050,.T.);
#6050 = EDGE_LOOP('',(#6051));
#6051 = ORIENTED_EDGE('',*,*,#6052,.T.);
#6052 = EDGE_CURVE('',#6053,#6053,#6055,.T.);
#6053 = VERTEX_POINT('',#6054);
#6054 = CARTESIAN_POINT('',(33.6575,-27.09,0.));
#6055 = SURFACE_CURVE('',#6056,(#6061,#6072),.PCURVE_S1.);
#6056 = CIRCLE('',#6057,0.1);
#6057 = AXIS2_PLACEMENT_3D('',#6058,#6059,#6060);
#6058 = CARTESIAN_POINT('',(33.5575,-27.09,0.));
#6059 = DIRECTION('',(0.,0.,1.));
#6060 = DIRECTION('',(1.,0.,-0.));
#6061 = PCURVE('',#144,#6062);
#6062 = DEFINITIONAL_REPRESENTATION('',(#6063),#6071);
#6063 = ( BOUNDED_CURVE() B_SPLINE_CURVE(2,(#6064,#6065,#6066,#6067,
#6068,#6069,#6070),.UNSPECIFIED.,.T.,.F.) B_SPLINE_CURVE_WITH_KNOTS((1,2
    ,2,2,2,1),(-2.094395102393,0.,2.094395102393,4.188790204786,
6.28318530718,8.377580409573),.UNSPECIFIED.) CURVE() 
GEOMETRIC_REPRESENTATION_ITEM() RATIONAL_B_SPLINE_CURVE((1.,0.5,1.,0.5,
1.,0.5,1.)) REPRESENTATION_ITEM('') );
#6064 = CARTESIAN_POINT('',(3.8425,27.91));
#6065 = CARTESIAN_POINT('',(3.8425,28.083205080757));
#6066 = CARTESIAN_POINT('',(3.9925,27.996602540378));
#6067 = CARTESIAN_POINT('',(4.1425,27.91));
#6068 = CARTESIAN_POINT('',(3.9925,27.823397459622));
#6069 = CARTESIAN_POINT('',(3.8425,27.736794919243));
#6070 = CARTESIAN_POINT('',(3.8425,27.91));
#6071 = ( GEOMETRIC_REPRESENTATION_CONTEXT(2) 
PARAMETRIC_REPRESENTATION_CONTEXT() REPRESENTATION_CONTEXT('2D SPACE',''
  ) );
#6072 = PCURVE('',#6073,#6078);
#6073 = CYLINDRICAL_SURFACE('',#6074,0.1);
#6074 = AXIS2_PLACEMENT_3D('',#6075,#6076,#6077);
#6075 = CARTESIAN_POINT('',(33.5575,-27.09,-1.E-02));
#6076 = DIRECTION('',(0.,0.,1.));
#6077 = DIRECTION('',(1.,0.,-0.));
#6078 = DEFINITIONAL_REPRESENTATION('',(#6079),#6083);
#6079 = LINE('',#6080,#6081);
#6080 = CARTESIAN_POINT('',(0.,1.E-02));
#6081 = VECTOR('',#6082,1.);
#6082 = DIRECTION('',(1.,0.));
#6083 = ( GEOMETRIC_REPRESENTATION_CONTEXT(2) 
PARAMETRIC_REPRESENTATION_CONTEXT() REPRESENTATION_CONTEXT('2D SPACE',''
  ) );
#6084 = FACE_BOUND('',#6085,.T.);
#6085 = EDGE_LOOP('',(#6086));
#6086 = ORIENTED_EDGE('',*,*,#6087,.T.);
#6087 = EDGE_CURVE('',#6088,#6088,#6090,.T.);
#6088 = VERTEX_POINT('',#6089);
#6089 = CARTESIAN_POINT('',(35.1825,-25.565,0.));
#6090 = SURFACE_CURVE('',#6091,(#6096,#6107),.PCURVE_S1.);
#6091 = CIRCLE('',#6092,0.1);
#6092 = AXIS2_PLACEMENT_3D('',#6093,#6094,#6095);
#6093 = CARTESIAN_POINT('',(35.0825,-25.565,0.));
#6094 = DIRECTION('',(0.,0.,1.));
#6095 = DIRECTION('',(1.,0.,-0.));
#6096 = PCURVE('',#144,#6097);
#6097 = DEFINITIONAL_REPRESENTATION('',(#6098),#6106);
#6098 = ( BOUNDED_CURVE() B_SPLINE_CURVE(2,(#6099,#6100,#6101,#6102,
#6103,#6104,#6105),.UNSPECIFIED.,.T.,.F.) B_SPLINE_CURVE_WITH_KNOTS((1,2
    ,2,2,2,1),(-2.094395102393,0.,2.094395102393,4.188790204786,
6.28318530718,8.377580409573),.UNSPECIFIED.) CURVE() 
GEOMETRIC_REPRESENTATION_ITEM() RATIONAL_B_SPLINE_CURVE((1.,0.5,1.,0.5,
1.,0.5,1.)) REPRESENTATION_ITEM('') );
#6099 = CARTESIAN_POINT('',(2.3175,29.435));
#6100 = CARTESIAN_POINT('',(2.3175,29.608205080757));
#6101 = CARTESIAN_POINT('',(2.4675,29.521602540378));
#6102 = CARTESIAN_POINT('',(2.6175,29.435));
#6103 = CARTESIAN_POINT('',(2.4675,29.348397459622));
#6104 = CARTESIAN_POINT('',(2.3175,29.261794919243));
#6105 = CARTESIAN_POINT('',(2.3175,29.435));
#6106 = ( GEOMETRIC_REPRESENTATION_CONTEXT(2) 
PARAMETRIC_REPRESENTATION_CONTEXT() REPRESENTATION_CONTEXT('2D SPACE',''
  ) );
#6107 = PCURVE('',#6108,#6113);
#6108 = CYLINDRICAL_SURFACE('',#6109,0.1);
#6109 = AXIS2_PLACEMENT_3D('',#6110,#6111,#6112);
#6110 = CARTESIAN_POINT('',(35.0825,-25.565,-1.E-02));
#6111 = DIRECTION('',(0.,0.,1.));
#6112 = DIRECTION('',(1.,0.,-0.));
#6113 = DEFINITIONAL_REPRESENTATION('',(#6114),#6118);
#6114 = LINE('',#6115,#6116);
#6115 = CARTESIAN_POINT('',(0.,1.E-02));
#6116 = VECTOR('',#6117,1.);
#6117 = DIRECTION('',(1.,0.));
#6118 = ( GEOMETRIC_REPRESENTATION_CONTEXT(2) 
PARAMETRIC_REPRESENTATION_CONTEXT() REPRESENTATION_CONTEXT('2D SPACE',''
  ) );
#6119 = FACE_BOUND('',#6120,.T.);
#6120 = EDGE_LOOP('',(#6121));
#6121 = ORIENTED_EDGE('',*,*,#6122,.T.);
#6122 = EDGE_CURVE('',#6123,#6123,#6125,.T.);
#6123 = VERTEX_POINT('',#6124);
#6124 = CARTESIAN_POINT('',(34.42,-26.3275,0.));
#6125 = SURFACE_CURVE('',#6126,(#6131,#6142),.PCURVE_S1.);
#6126 = CIRCLE('',#6127,0.1);
#6127 = AXIS2_PLACEMENT_3D('',#6128,#6129,#6130);
#6128 = CARTESIAN_POINT('',(34.32,-26.3275,0.));
#6129 = DIRECTION('',(0.,0.,1.));
#6130 = DIRECTION('',(1.,0.,-0.));
#6131 = PCURVE('',#144,#6132);
#6132 = DEFINITIONAL_REPRESENTATION('',(#6133),#6141);
#6133 = ( BOUNDED_CURVE() B_SPLINE_CURVE(2,(#6134,#6135,#6136,#6137,
#6138,#6139,#6140),.UNSPECIFIED.,.T.,.F.) B_SPLINE_CURVE_WITH_KNOTS((1,2
    ,2,2,2,1),(-2.094395102393,0.,2.094395102393,4.188790204786,
6.28318530718,8.377580409573),.UNSPECIFIED.) CURVE() 
GEOMETRIC_REPRESENTATION_ITEM() RATIONAL_B_SPLINE_CURVE((1.,0.5,1.,0.5,
1.,0.5,1.)) REPRESENTATION_ITEM('') );
#6134 = CARTESIAN_POINT('',(3.08,28.6725));
#6135 = CARTESIAN_POINT('',(3.08,28.845705080757));
#6136 = CARTESIAN_POINT('',(3.23,28.759102540378));
#6137 = CARTESIAN_POINT('',(3.38,28.6725));
#6138 = CARTESIAN_POINT('',(3.23,28.585897459622));
#6139 = CARTESIAN_POINT('',(3.08,28.499294919243));
#6140 = CARTESIAN_POINT('',(3.08,28.6725));
#6141 = ( GEOMETRIC_REPRESENTATION_CONTEXT(2) 
PARAMETRIC_REPRESENTATION_CONTEXT() REPRESENTATION_CONTEXT('2D SPACE',''
  ) );
#6142 = PCURVE('',#6143,#6148);
#6143 = CYLINDRICAL_SURFACE('',#6144,0.1);
#6144 = AXIS2_PLACEMENT_3D('',#6145,#6146,#6147);
#6145 = CARTESIAN_POINT('',(34.32,-26.3275,-1.E-02));
#6146 = DIRECTION('',(0.,0.,1.));
#6147 = DIRECTION('',(1.,0.,-0.));
#6148 = DEFINITIONAL_REPRESENTATION('',(#6149),#6153);
#6149 = LINE('',#6150,#6151);
#6150 = CARTESIAN_POINT('',(0.,1.E-02));
#6151 = VECTOR('',#6152,1.);
#6152 = DIRECTION('',(1.,0.));
#6153 = ( GEOMETRIC_REPRESENTATION_CONTEXT(2) 
PARAMETRIC_REPRESENTATION_CONTEXT() REPRESENTATION_CONTEXT('2D SPACE',''
  ) );
#6154 = FACE_BOUND('',#6155,.T.);
#6155 = EDGE_LOOP('',(#6156));
#6156 = ORIENTED_EDGE('',*,*,#6157,.T.);
#6157 = EDGE_CURVE('',#6158,#6158,#6160,.T.);
#6158 = VERTEX_POINT('',#6159);
#6159 = CARTESIAN_POINT('',(33.6575,-25.565,0.));
#6160 = SURFACE_CURVE('',#6161,(#6166,#6177),.PCURVE_S1.);
#6161 = CIRCLE('',#6162,0.1);
#6162 = AXIS2_PLACEMENT_3D('',#6163,#6164,#6165);
#6163 = CARTESIAN_POINT('',(33.5575,-25.565,0.));
#6164 = DIRECTION('',(0.,0.,1.));
#6165 = DIRECTION('',(1.,0.,-0.));
#6166 = PCURVE('',#144,#6167);
#6167 = DEFINITIONAL_REPRESENTATION('',(#6168),#6176);
#6168 = ( BOUNDED_CURVE() B_SPLINE_CURVE(2,(#6169,#6170,#6171,#6172,
#6173,#6174,#6175),.UNSPECIFIED.,.T.,.F.) B_SPLINE_CURVE_WITH_KNOTS((1,2
    ,2,2,2,1),(-2.094395102393,0.,2.094395102393,4.188790204786,
6.28318530718,8.377580409573),.UNSPECIFIED.) CURVE() 
GEOMETRIC_REPRESENTATION_ITEM() RATIONAL_B_SPLINE_CURVE((1.,0.5,1.,0.5,
1.,0.5,1.)) REPRESENTATION_ITEM('') );
#6169 = CARTESIAN_POINT('',(3.8425,29.435));
#6170 = CARTESIAN_POINT('',(3.8425,29.608205080757));
#6171 = CARTESIAN_POINT('',(3.9925,29.521602540378));
#6172 = CARTESIAN_POINT('',(4.1425,29.435));
#6173 = CARTESIAN_POINT('',(3.9925,29.348397459622));
#6174 = CARTESIAN_POINT('',(3.8425,29.261794919243));
#6175 = CARTESIAN_POINT('',(3.8425,29.435));
#6176 = ( GEOMETRIC_REPRESENTATION_CONTEXT(2) 
PARAMETRIC_REPRESENTATION_CONTEXT() REPRESENTATION_CONTEXT('2D SPACE',''
  ) );
#6177 = PCURVE('',#6178,#6183);
#6178 = CYLINDRICAL_SURFACE('',#6179,0.1);
#6179 = AXIS2_PLACEMENT_3D('',#6180,#6181,#6182);
#6180 = CARTESIAN_POINT('',(33.5575,-25.565,-1.E-02));
#6181 = DIRECTION('',(0.,0.,1.));
#6182 = DIRECTION('',(1.,0.,-0.));
#6183 = DEFINITIONAL_REPRESENTATION('',(#6184),#6188);
#6184 = LINE('',#6185,#6186);
#6185 = CARTESIAN_POINT('',(0.,1.E-02));
#6186 = VECTOR('',#6187,1.);
#6187 = DIRECTION('',(1.,0.));
#6188 = ( GEOMETRIC_REPRESENTATION_CONTEXT(2) 
PARAMETRIC_REPRESENTATION_CONTEXT() REPRESENTATION_CONTEXT('2D SPACE',''
  ) );
#6189 = FACE_BOUND('',#6190,.T.);
#6190 = EDGE_LOOP('',(#6191));
#6191 = ORIENTED_EDGE('',*,*,#6192,.T.);
#6192 = EDGE_CURVE('',#6193,#6193,#6195,.T.);
#6193 = VERTEX_POINT('',#6194);
#6194 = CARTESIAN_POINT('',(32.895,-27.8525,0.));
#6195 = SURFACE_CURVE('',#6196,(#6201,#6212),.PCURVE_S1.);
#6196 = CIRCLE('',#6197,0.1);
#6197 = AXIS2_PLACEMENT_3D('',#6198,#6199,#6200);
#6198 = CARTESIAN_POINT('',(32.795,-27.8525,0.));
#6199 = DIRECTION('',(0.,0.,1.));
#6200 = DIRECTION('',(1.,0.,-0.));
#6201 = PCURVE('',#144,#6202);
#6202 = DEFINITIONAL_REPRESENTATION('',(#6203),#6211);
#6203 = ( BOUNDED_CURVE() B_SPLINE_CURVE(2,(#6204,#6205,#6206,#6207,
#6208,#6209,#6210),.UNSPECIFIED.,.T.,.F.) B_SPLINE_CURVE_WITH_KNOTS((1,2
    ,2,2,2,1),(-2.094395102393,0.,2.094395102393,4.188790204786,
6.28318530718,8.377580409573),.UNSPECIFIED.) CURVE() 
GEOMETRIC_REPRESENTATION_ITEM() RATIONAL_B_SPLINE_CURVE((1.,0.5,1.,0.5,
1.,0.5,1.)) REPRESENTATION_ITEM('') );
#6204 = CARTESIAN_POINT('',(4.605,27.1475));
#6205 = CARTESIAN_POINT('',(4.605,27.320705080757));
#6206 = CARTESIAN_POINT('',(4.755,27.234102540378));
#6207 = CARTESIAN_POINT('',(4.905,27.1475));
#6208 = CARTESIAN_POINT('',(4.755,27.060897459622));
#6209 = CARTESIAN_POINT('',(4.605,26.974294919243));
#6210 = CARTESIAN_POINT('',(4.605,27.1475));
#6211 = ( GEOMETRIC_REPRESENTATION_CONTEXT(2) 
PARAMETRIC_REPRESENTATION_CONTEXT() REPRESENTATION_CONTEXT('2D SPACE',''
  ) );
#6212 = PCURVE('',#6213,#6218);
#6213 = CYLINDRICAL_SURFACE('',#6214,0.1);
#6214 = AXIS2_PLACEMENT_3D('',#6215,#6216,#6217);
#6215 = CARTESIAN_POINT('',(32.795,-27.8525,-1.E-02));
#6216 = DIRECTION('',(0.,0.,1.));
#6217 = DIRECTION('',(1.,0.,-0.));
#6218 = DEFINITIONAL_REPRESENTATION('',(#6219),#6223);
#6219 = LINE('',#6220,#6221);
#6220 = CARTESIAN_POINT('',(0.,1.E-02));
#6221 = VECTOR('',#6222,1.);
#6222 = DIRECTION('',(1.,0.));
#6223 = ( GEOMETRIC_REPRESENTATION_CONTEXT(2) 
PARAMETRIC_REPRESENTATION_CONTEXT() REPRESENTATION_CONTEXT('2D SPACE',''
  ) );
#6224 = FACE_BOUND('',#6225,.T.);
#6225 = EDGE_LOOP('',(#6226));
#6226 = ORIENTED_EDGE('',*,*,#6227,.T.);
#6227 = EDGE_CURVE('',#6228,#6228,#6230,.T.);
#6228 = VERTEX_POINT('',#6229);
#6229 = CARTESIAN_POINT('',(32.895,-26.3275,0.));
#6230 = SURFACE_CURVE('',#6231,(#6236,#6247),.PCURVE_S1.);
#6231 = CIRCLE('',#6232,0.1);
#6232 = AXIS2_PLACEMENT_3D('',#6233,#6234,#6235);
#6233 = CARTESIAN_POINT('',(32.795,-26.3275,0.));
#6234 = DIRECTION('',(0.,0.,1.));
#6235 = DIRECTION('',(1.,0.,-0.));
#6236 = PCURVE('',#144,#6237);
#6237 = DEFINITIONAL_REPRESENTATION('',(#6238),#6246);
#6238 = ( BOUNDED_CURVE() B_SPLINE_CURVE(2,(#6239,#6240,#6241,#6242,
#6243,#6244,#6245),.UNSPECIFIED.,.T.,.F.) B_SPLINE_CURVE_WITH_KNOTS((1,2
    ,2,2,2,1),(-2.094395102393,0.,2.094395102393,4.188790204786,
6.28318530718,8.377580409573),.UNSPECIFIED.) CURVE() 
GEOMETRIC_REPRESENTATION_ITEM() RATIONAL_B_SPLINE_CURVE((1.,0.5,1.,0.5,
1.,0.5,1.)) REPRESENTATION_ITEM('') );
#6239 = CARTESIAN_POINT('',(4.605,28.6725));
#6240 = CARTESIAN_POINT('',(4.605,28.845705080757));
#6241 = CARTESIAN_POINT('',(4.755,28.759102540378));
#6242 = CARTESIAN_POINT('',(4.905,28.6725));
#6243 = CARTESIAN_POINT('',(4.755,28.585897459622));
#6244 = CARTESIAN_POINT('',(4.605,28.499294919243));
#6245 = CARTESIAN_POINT('',(4.605,28.6725));
#6246 = ( GEOMETRIC_REPRESENTATION_CONTEXT(2) 
PARAMETRIC_REPRESENTATION_CONTEXT() REPRESENTATION_CONTEXT('2D SPACE',''
  ) );
#6247 = PCURVE('',#6248,#6253);
#6248 = CYLINDRICAL_SURFACE('',#6249,0.1);
#6249 = AXIS2_PLACEMENT_3D('',#6250,#6251,#6252);
#6250 = CARTESIAN_POINT('',(32.795,-26.3275,-1.E-02));
#6251 = DIRECTION('',(0.,0.,1.));
#6252 = DIRECTION('',(1.,0.,-0.));
#6253 = DEFINITIONAL_REPRESENTATION('',(#6254),#6258);
#6254 = LINE('',#6255,#6256);
#6255 = CARTESIAN_POINT('',(0.,1.E-02));
#6256 = VECTOR('',#6257,1.);
#6257 = DIRECTION('',(1.,0.));
#6258 = ( GEOMETRIC_REPRESENTATION_CONTEXT(2) 
PARAMETRIC_REPRESENTATION_CONTEXT() REPRESENTATION_CONTEXT('2D SPACE',''
  ) );
#6259 = FACE_BOUND('',#6260,.T.);
#6260 = EDGE_LOOP('',(#6261));
#6261 = ORIENTED_EDGE('',*,*,#6262,.T.);
#6262 = EDGE_CURVE('',#6263,#6263,#6265,.T.);
#6263 = VERTEX_POINT('',#6264);
#6264 = CARTESIAN_POINT('',(5.6,-4.,0.));
#6265 = SURFACE_CURVE('',#6266,(#6271,#6282),.PCURVE_S1.);
#6266 = CIRCLE('',#6267,1.6);
#6267 = AXIS2_PLACEMENT_3D('',#6268,#6269,#6270);
#6268 = CARTESIAN_POINT('',(4.,-4.,0.));
#6269 = DIRECTION('',(0.,0.,1.));
#6270 = DIRECTION('',(1.,0.,-0.));
#6271 = PCURVE('',#144,#6272);
#6272 = DEFINITIONAL_REPRESENTATION('',(#6273),#6281);
#6273 = ( BOUNDED_CURVE() B_SPLINE_CURVE(2,(#6274,#6275,#6276,#6277,
#6278,#6279,#6280),.UNSPECIFIED.,.T.,.F.) B_SPLINE_CURVE_WITH_KNOTS((1,2
    ,2,2,2,1),(-2.094395102393,0.,2.094395102393,4.188790204786,
6.28318530718,8.377580409573),.UNSPECIFIED.) CURVE() 
GEOMETRIC_REPRESENTATION_ITEM() RATIONAL_B_SPLINE_CURVE((1.,0.5,1.,0.5,
1.,0.5,1.)) REPRESENTATION_ITEM('') );
#6274 = CARTESIAN_POINT('',(31.9,51.));
#6275 = CARTESIAN_POINT('',(31.9,53.77128129211));
#6276 = CARTESIAN_POINT('',(34.3,52.385640646055));
#6277 = CARTESIAN_POINT('',(36.7,51.));
#6278 = CARTESIAN_POINT('',(34.3,49.614359353945));
#6279 = CARTESIAN_POINT('',(31.9,48.22871870789));
#6280 = CARTESIAN_POINT('',(31.9,51.));
#6281 = ( GEOMETRIC_REPRESENTATION_CONTEXT(2) 
PARAMETRIC_REPRESENTATION_CONTEXT() REPRESENTATION_CONTEXT('2D SPACE',''
  ) );
#6282 = PCURVE('',#6283,#6288);
#6283 = CYLINDRICAL_SURFACE('',#6284,1.6);
#6284 = AXIS2_PLACEMENT_3D('',#6285,#6286,#6287);
#6285 = CARTESIAN_POINT('',(4.,-4.,-1.E-02));
#6286 = DIRECTION('',(0.,0.,1.));
#6287 = DIRECTION('',(1.,0.,-0.));
#6288 = DEFINITIONAL_REPRESENTATION('',(#6289),#6293);
#6289 = LINE('',#6290,#6291);
#6290 = CARTESIAN_POINT('',(0.,1.E-02));
#6291 = VECTOR('',#6292,1.);
#6292 = DIRECTION('',(1.,0.));
#6293 = ( GEOMETRIC_REPRESENTATION_CONTEXT(2) 
PARAMETRIC_REPRESENTATION_CONTEXT() REPRESENTATION_CONTEXT('2D SPACE',''
  ) );
#6294 = ADVANCED_FACE('',(#6295,#7660,#7690,#7720,#7750,#7780,#7810,
    #7840,#7870,#7900,#7930,#7960,#7990,#8020,#8050,#8080,#8110,#8140,
    #8170,#8200,#8230,#8260,#8290,#8320,#8350,#8380,#8760,#9140,#9520,
    #9550,#9580,#9610,#9640,#9670,#9700,#9730,#9760,#9790,#9820,#9850,
    #9880,#10260,#10290,#10712,#10742,#10772,#10802,#10832,#10862,#10892
    ,#10922,#10952,#10982,#11012,#11042,#11072),#90,.F.);
#6295 = FACE_BOUND('',#6296,.F.);
#6296 = EDGE_LOOP('',(#6297,#6298,#6299,#6300,#6323,#6346,#6369,#6392,
    #6415,#6438,#6461,#6484,#6507,#6530,#6553,#6576,#6604,#6627,#6650,
    #6673,#6696,#6719,#6742,#6765,#6788,#6811,#6834,#6857,#6880,#6903,
    #6926,#6949,#6972,#6995,#7018,#7041,#7064,#7087,#7110,#7133,#7156,
    #7179,#7202,#7225,#7248,#7271,#7294,#7317,#7340,#7363,#7386,#7409,
    #7432,#7455,#7478,#7501,#7524,#7547,#7570,#7593,#7616,#7639));
#6297 = ORIENTED_EDGE('',*,*,#189,.T.);
#6298 = ORIENTED_EDGE('',*,*,#74,.T.);
#6299 = ORIENTED_EDGE('',*,*,#236,.T.);
#6300 = ORIENTED_EDGE('',*,*,#6301,.T.);
#6301 = EDGE_CURVE('',#237,#6302,#6304,.T.);
#6302 = VERTEX_POINT('',#6303);
#6303 = CARTESIAN_POINT('',(73.301651,-0.297093,1.6));
#6304 = SURFACE_CURVE('',#6305,(#6309,#6316),.PCURVE_S1.);
#6305 = LINE('',#6306,#6307);
#6306 = CARTESIAN_POINT('',(72.990837,-0.16835,1.6));
#6307 = VECTOR('',#6308,1.);
#6308 = DIRECTION('',(0.92387992574,-0.382682483027,0.));
#6309 = PCURVE('',#90,#6310);
#6310 = DEFINITIONAL_REPRESENTATION('',(#6311),#6315);
#6311 = LINE('',#6312,#6313);
#6312 = CARTESIAN_POINT('',(-35.490837,54.83165));
#6313 = VECTOR('',#6314,1.);
#6314 = DIRECTION('',(-0.92387992574,-0.382682483027));
#6315 = ( GEOMETRIC_REPRESENTATION_CONTEXT(2) 
PARAMETRIC_REPRESENTATION_CONTEXT() REPRESENTATION_CONTEXT('2D SPACE',''
  ) );
#6316 = PCURVE('',#275,#6317);
#6317 = DEFINITIONAL_REPRESENTATION('',(#6318),#6322);
#6318 = LINE('',#6319,#6320);
#6319 = CARTESIAN_POINT('',(0.,-1.6));
#6320 = VECTOR('',#6321,1.);
#6321 = DIRECTION('',(1.,0.));
#6322 = ( GEOMETRIC_REPRESENTATION_CONTEXT(2) 
PARAMETRIC_REPRESENTATION_CONTEXT() REPRESENTATION_CONTEXT('2D SPACE',''
  ) );
#6323 = ORIENTED_EDGE('',*,*,#6324,.T.);
#6324 = EDGE_CURVE('',#6302,#6325,#6327,.T.);
#6325 = VERTEX_POINT('',#6326);
#6326 = CARTESIAN_POINT('',(73.596096,-0.459827,1.6));
#6327 = SURFACE_CURVE('',#6328,(#6332,#6339),.PCURVE_S1.);
#6328 = LINE('',#6329,#6330);
#6329 = CARTESIAN_POINT('',(73.301651,-0.297093,1.6));
#6330 = VECTOR('',#6331,1.);
#6331 = DIRECTION('',(0.875223421007,-0.483718888737,0.));
#6332 = PCURVE('',#90,#6333);
#6333 = DEFINITIONAL_REPRESENTATION('',(#6334),#6338);
#6334 = LINE('',#6335,#6336);
#6335 = CARTESIAN_POINT('',(-35.801651,54.702907));
#6336 = VECTOR('',#6337,1.);
#6337 = DIRECTION('',(-0.875223421007,-0.483718888737));
#6338 = ( GEOMETRIC_REPRESENTATION_CONTEXT(2) 
PARAMETRIC_REPRESENTATION_CONTEXT() REPRESENTATION_CONTEXT('2D SPACE',''
  ) );
#6339 = PCURVE('',#353,#6340);
#6340 = DEFINITIONAL_REPRESENTATION('',(#6341),#6345);
#6341 = LINE('',#6342,#6343);
#6342 = CARTESIAN_POINT('',(0.,-1.6));
#6343 = VECTOR('',#6344,1.);
#6344 = DIRECTION('',(1.,0.));
#6345 = ( GEOMETRIC_REPRESENTATION_CONTEXT(2) 
PARAMETRIC_REPRESENTATION_CONTEXT() REPRESENTATION_CONTEXT('2D SPACE',''
  ) );
#6346 = ORIENTED_EDGE('',*,*,#6347,.T.);
#6347 = EDGE_CURVE('',#6325,#6348,#6350,.T.);
#6348 = VERTEX_POINT('',#6349);
#6349 = CARTESIAN_POINT('',(73.870469,-0.654506,1.6));
#6350 = SURFACE_CURVE('',#6351,(#6355,#6362),.PCURVE_S1.);
#6351 = LINE('',#6352,#6353);
#6352 = CARTESIAN_POINT('',(73.596096,-0.459827,1.6));
#6353 = VECTOR('',#6354,1.);
#6354 = DIRECTION('',(0.815559501739,-0.578673223091,0.));
#6355 = PCURVE('',#90,#6356);
#6356 = DEFINITIONAL_REPRESENTATION('',(#6357),#6361);
#6357 = LINE('',#6358,#6359);
#6358 = CARTESIAN_POINT('',(-36.096096,54.540173));
#6359 = VECTOR('',#6360,1.);
#6360 = DIRECTION('',(-0.815559501739,-0.578673223091));
#6361 = ( GEOMETRIC_REPRESENTATION_CONTEXT(2) 
PARAMETRIC_REPRESENTATION_CONTEXT() REPRESENTATION_CONTEXT('2D SPACE',''
  ) );
#6362 = PCURVE('',#381,#6363);
#6363 = DEFINITIONAL_REPRESENTATION('',(#6364),#6368);
#6364 = LINE('',#6365,#6366);
#6365 = CARTESIAN_POINT('',(0.,-1.6));
#6366 = VECTOR('',#6367,1.);
#6367 = DIRECTION('',(1.,0.));
#6368 = ( GEOMETRIC_REPRESENTATION_CONTEXT(2) 
PARAMETRIC_REPRESENTATION_CONTEXT() REPRESENTATION_CONTEXT('2D SPACE',''
  ) );
#6369 = ORIENTED_EDGE('',*,*,#6370,.T.);
#6370 = EDGE_CURVE('',#6348,#6371,#6373,.T.);
#6371 = VERTEX_POINT('',#6372);
#6372 = CARTESIAN_POINT('',(74.12132,-0.87868,1.6));
#6373 = SURFACE_CURVE('',#6374,(#6378,#6385),.PCURVE_S1.);
#6374 = LINE('',#6375,#6376);
#6375 = CARTESIAN_POINT('',(73.870469,-0.654506,1.6));
#6376 = VECTOR('',#6377,1.);
#6377 = DIRECTION('',(0.7456424001,-0.666346314744,0.));
#6378 = PCURVE('',#90,#6379);
#6379 = DEFINITIONAL_REPRESENTATION('',(#6380),#6384);
#6380 = LINE('',#6381,#6382);
#6381 = CARTESIAN_POINT('',(-36.370469,54.345494));
#6382 = VECTOR('',#6383,1.);
#6383 = DIRECTION('',(-0.7456424001,-0.666346314744));
#6384 = ( GEOMETRIC_REPRESENTATION_CONTEXT(2) 
PARAMETRIC_REPRESENTATION_CONTEXT() REPRESENTATION_CONTEXT('2D SPACE',''
  ) );
#6385 = PCURVE('',#409,#6386);
#6386 = DEFINITIONAL_REPRESENTATION('',(#6387),#6391);
#6387 = LINE('',#6388,#6389);
#6388 = CARTESIAN_POINT('',(0.,-1.6));
#6389 = VECTOR('',#6390,1.);
#6390 = DIRECTION('',(1.,0.));
#6391 = ( GEOMETRIC_REPRESENTATION_CONTEXT(2) 
PARAMETRIC_REPRESENTATION_CONTEXT() REPRESENTATION_CONTEXT('2D SPACE',''
  ) );
#6392 = ORIENTED_EDGE('',*,*,#6393,.T.);
#6393 = EDGE_CURVE('',#6371,#6394,#6396,.T.);
#6394 = VERTEX_POINT('',#6395);
#6395 = CARTESIAN_POINT('',(74.345494,-1.129531,1.6));
#6396 = SURFACE_CURVE('',#6397,(#6401,#6408),.PCURVE_S1.);
#6397 = LINE('',#6398,#6399);
#6398 = CARTESIAN_POINT('',(74.12132,-0.87868,1.6));
#6399 = VECTOR('',#6400,1.);
#6400 = DIRECTION('',(0.666346314744,-0.7456424001,0.));
#6401 = PCURVE('',#90,#6402);
#6402 = DEFINITIONAL_REPRESENTATION('',(#6403),#6407);
#6403 = LINE('',#6404,#6405);
#6404 = CARTESIAN_POINT('',(-36.62132,54.12132));
#6405 = VECTOR('',#6406,1.);
#6406 = DIRECTION('',(-0.666346314744,-0.7456424001));
#6407 = ( GEOMETRIC_REPRESENTATION_CONTEXT(2) 
PARAMETRIC_REPRESENTATION_CONTEXT() REPRESENTATION_CONTEXT('2D SPACE',''
  ) );
#6408 = PCURVE('',#437,#6409);
#6409 = DEFINITIONAL_REPRESENTATION('',(#6410),#6414);
#6410 = LINE('',#6411,#6412);
#6411 = CARTESIAN_POINT('',(0.,-1.6));
#6412 = VECTOR('',#6413,1.);
#6413 = DIRECTION('',(1.,0.));
#6414 = ( GEOMETRIC_REPRESENTATION_CONTEXT(2) 
PARAMETRIC_REPRESENTATION_CONTEXT() REPRESENTATION_CONTEXT('2D SPACE',''
  ) );
#6415 = ORIENTED_EDGE('',*,*,#6416,.T.);
#6416 = EDGE_CURVE('',#6394,#6417,#6419,.T.);
#6417 = VERTEX_POINT('',#6418);
#6418 = CARTESIAN_POINT('',(74.540173,-1.403904,1.6));
#6419 = SURFACE_CURVE('',#6420,(#6424,#6431),.PCURVE_S1.);
#6420 = LINE('',#6421,#6422);
#6421 = CARTESIAN_POINT('',(74.345494,-1.129531,1.6));
#6422 = VECTOR('',#6423,1.);
#6423 = DIRECTION('',(0.578673223091,-0.815559501739,0.));
#6424 = PCURVE('',#90,#6425);
#6425 = DEFINITIONAL_REPRESENTATION('',(#6426),#6430);
#6426 = LINE('',#6427,#6428);
#6427 = CARTESIAN_POINT('',(-36.845494,53.870469));
#6428 = VECTOR('',#6429,1.);
#6429 = DIRECTION('',(-0.578673223091,-0.815559501739));
#6430 = ( GEOMETRIC_REPRESENTATION_CONTEXT(2) 
PARAMETRIC_REPRESENTATION_CONTEXT() REPRESENTATION_CONTEXT('2D SPACE',''
  ) );
#6431 = PCURVE('',#465,#6432);
#6432 = DEFINITIONAL_REPRESENTATION('',(#6433),#6437);
#6433 = LINE('',#6434,#6435);
#6434 = CARTESIAN_POINT('',(0.,-1.6));
#6435 = VECTOR('',#6436,1.);
#6436 = DIRECTION('',(1.,0.));
#6437 = ( GEOMETRIC_REPRESENTATION_CONTEXT(2) 
PARAMETRIC_REPRESENTATION_CONTEXT() REPRESENTATION_CONTEXT('2D SPACE',''
  ) );
#6438 = ORIENTED_EDGE('',*,*,#6439,.T.);
#6439 = EDGE_CURVE('',#6417,#6440,#6442,.T.);
#6440 = VERTEX_POINT('',#6441);
#6441 = CARTESIAN_POINT('',(74.702907,-1.698349,1.6));
#6442 = SURFACE_CURVE('',#6443,(#6447,#6454),.PCURVE_S1.);
#6443 = LINE('',#6444,#6445);
#6444 = CARTESIAN_POINT('',(74.540173,-1.403904,1.6));
#6445 = VECTOR('',#6446,1.);
#6446 = DIRECTION('',(0.483718888737,-0.875223421007,0.));
#6447 = PCURVE('',#90,#6448);
#6448 = DEFINITIONAL_REPRESENTATION('',(#6449),#6453);
#6449 = LINE('',#6450,#6451);
#6450 = CARTESIAN_POINT('',(-37.040173,53.596096));
#6451 = VECTOR('',#6452,1.);
#6452 = DIRECTION('',(-0.483718888737,-0.875223421007));
#6453 = ( GEOMETRIC_REPRESENTATION_CONTEXT(2) 
PARAMETRIC_REPRESENTATION_CONTEXT() REPRESENTATION_CONTEXT('2D SPACE',''
  ) );
#6454 = PCURVE('',#493,#6455);
#6455 = DEFINITIONAL_REPRESENTATION('',(#6456),#6460);
#6456 = LINE('',#6457,#6458);
#6457 = CARTESIAN_POINT('',(0.,-1.6));
#6458 = VECTOR('',#6459,1.);
#6459 = DIRECTION('',(1.,0.));
#6460 = ( GEOMETRIC_REPRESENTATION_CONTEXT(2) 
PARAMETRIC_REPRESENTATION_CONTEXT() REPRESENTATION_CONTEXT('2D SPACE',''
  ) );
#6461 = ORIENTED_EDGE('',*,*,#6462,.T.);
#6462 = EDGE_CURVE('',#6440,#6463,#6465,.T.);
#6463 = VERTEX_POINT('',#6464);
#6464 = CARTESIAN_POINT('',(74.83165,-2.009163,1.6));
#6465 = SURFACE_CURVE('',#6466,(#6470,#6477),.PCURVE_S1.);
#6466 = LINE('',#6467,#6468);
#6467 = CARTESIAN_POINT('',(74.702907,-1.698349,1.6));
#6468 = VECTOR('',#6469,1.);
#6469 = DIRECTION('',(0.382682483027,-0.92387992574,0.));
#6470 = PCURVE('',#90,#6471);
#6471 = DEFINITIONAL_REPRESENTATION('',(#6472),#6476);
#6472 = LINE('',#6473,#6474);
#6473 = CARTESIAN_POINT('',(-37.202907,53.301651));
#6474 = VECTOR('',#6475,1.);
#6475 = DIRECTION('',(-0.382682483027,-0.92387992574));
#6476 = ( GEOMETRIC_REPRESENTATION_CONTEXT(2) 
PARAMETRIC_REPRESENTATION_CONTEXT() REPRESENTATION_CONTEXT('2D SPACE',''
  ) );
#6477 = PCURVE('',#521,#6478);
#6478 = DEFINITIONAL_REPRESENTATION('',(#6479),#6483);
#6479 = LINE('',#6480,#6481);
#6480 = CARTESIAN_POINT('',(0.,-1.6));
#6481 = VECTOR('',#6482,1.);
#6482 = DIRECTION('',(1.,0.));
#6483 = ( GEOMETRIC_REPRESENTATION_CONTEXT(2) 
PARAMETRIC_REPRESENTATION_CONTEXT() REPRESENTATION_CONTEXT('2D SPACE',''
  ) );
#6484 = ORIENTED_EDGE('',*,*,#6485,.T.);
#6485 = EDGE_CURVE('',#6463,#6486,#6488,.T.);
#6486 = VERTEX_POINT('',#6487);
#6487 = CARTESIAN_POINT('',(74.924784,-2.332437,1.6));
#6488 = SURFACE_CURVE('',#6489,(#6493,#6500),.PCURVE_S1.);
#6489 = LINE('',#6490,#6491);
#6490 = CARTESIAN_POINT('',(74.83165,-2.009163,1.6));
#6491 = VECTOR('',#6492,1.);
#6492 = DIRECTION('',(0.276836513242,-0.960917033326,0.));
#6493 = PCURVE('',#90,#6494);
#6494 = DEFINITIONAL_REPRESENTATION('',(#6495),#6499);
#6495 = LINE('',#6496,#6497);
#6496 = CARTESIAN_POINT('',(-37.33165,52.990837));
#6497 = VECTOR('',#6498,1.);
#6498 = DIRECTION('',(-0.276836513242,-0.960917033326));
#6499 = ( GEOMETRIC_REPRESENTATION_CONTEXT(2) 
PARAMETRIC_REPRESENTATION_CONTEXT() REPRESENTATION_CONTEXT('2D SPACE',''
  ) );
#6500 = PCURVE('',#549,#6501);
#6501 = DEFINITIONAL_REPRESENTATION('',(#6502),#6506);
#6502 = LINE('',#6503,#6504);
#6503 = CARTESIAN_POINT('',(0.,-1.6));
#6504 = VECTOR('',#6505,1.);
#6505 = DIRECTION('',(1.,0.));
#6506 = ( GEOMETRIC_REPRESENTATION_CONTEXT(2) 
PARAMETRIC_REPRESENTATION_CONTEXT() REPRESENTATION_CONTEXT('2D SPACE',''
  ) );
#6507 = ORIENTED_EDGE('',*,*,#6508,.T.);
#6508 = EDGE_CURVE('',#6486,#6509,#6511,.T.);
#6509 = VERTEX_POINT('',#6510);
#6510 = CARTESIAN_POINT('',(74.981137,-2.664107,1.6));
#6511 = SURFACE_CURVE('',#6512,(#6516,#6523),.PCURVE_S1.);
#6512 = LINE('',#6513,#6514);
#6513 = CARTESIAN_POINT('',(74.924784,-2.332437,1.6));
#6514 = VECTOR('',#6515,1.);
#6515 = DIRECTION('',(0.167506224545,-0.985871018308,0.));
#6516 = PCURVE('',#90,#6517);
#6517 = DEFINITIONAL_REPRESENTATION('',(#6518),#6522);
#6518 = LINE('',#6519,#6520);
#6519 = CARTESIAN_POINT('',(-37.424784,52.667563));
#6520 = VECTOR('',#6521,1.);
#6521 = DIRECTION('',(-0.167506224545,-0.985871018308));
#6522 = ( GEOMETRIC_REPRESENTATION_CONTEXT(2) 
PARAMETRIC_REPRESENTATION_CONTEXT() REPRESENTATION_CONTEXT('2D SPACE',''
  ) );
#6523 = PCURVE('',#577,#6524);
#6524 = DEFINITIONAL_REPRESENTATION('',(#6525),#6529);
#6525 = LINE('',#6526,#6527);
#6526 = CARTESIAN_POINT('',(0.,-1.6));
#6527 = VECTOR('',#6528,1.);
#6528 = DIRECTION('',(1.,0.));
#6529 = ( GEOMETRIC_REPRESENTATION_CONTEXT(2) 
PARAMETRIC_REPRESENTATION_CONTEXT() REPRESENTATION_CONTEXT('2D SPACE',''
  ) );
#6530 = ORIENTED_EDGE('',*,*,#6531,.T.);
#6531 = EDGE_CURVE('',#6509,#6532,#6534,.T.);
#6532 = VERTEX_POINT('',#6533);
#6533 = CARTESIAN_POINT('',(75.,-3.,1.6));
#6534 = SURFACE_CURVE('',#6535,(#6539,#6546),.PCURVE_S1.);
#6535 = LINE('',#6536,#6537);
#6536 = CARTESIAN_POINT('',(74.981137,-2.664107,1.6));
#6537 = VECTOR('',#6538,1.);
#6538 = DIRECTION('',(5.606942121021E-02,-0.998426872638,0.));
#6539 = PCURVE('',#90,#6540);
#6540 = DEFINITIONAL_REPRESENTATION('',(#6541),#6545);
#6541 = LINE('',#6542,#6543);
#6542 = CARTESIAN_POINT('',(-37.481137,52.335893));
#6543 = VECTOR('',#6544,1.);
#6544 = DIRECTION('',(-5.606942121021E-02,-0.998426872638));
#6545 = ( GEOMETRIC_REPRESENTATION_CONTEXT(2) 
PARAMETRIC_REPRESENTATION_CONTEXT() REPRESENTATION_CONTEXT('2D SPACE',''
  ) );
#6546 = PCURVE('',#605,#6547);
#6547 = DEFINITIONAL_REPRESENTATION('',(#6548),#6552);
#6548 = LINE('',#6549,#6550);
#6549 = CARTESIAN_POINT('',(0.,-1.6));
#6550 = VECTOR('',#6551,1.);
#6551 = DIRECTION('',(1.,0.));
#6552 = ( GEOMETRIC_REPRESENTATION_CONTEXT(2) 
PARAMETRIC_REPRESENTATION_CONTEXT() REPRESENTATION_CONTEXT('2D SPACE',''
  ) );
#6553 = ORIENTED_EDGE('',*,*,#6554,.T.);
#6554 = EDGE_CURVE('',#6532,#6555,#6557,.T.);
#6555 = VERTEX_POINT('',#6556);
#6556 = CARTESIAN_POINT('',(75.,-104.4042651596,1.6));
#6557 = SURFACE_CURVE('',#6558,(#6562,#6569),.PCURVE_S1.);
#6558 = LINE('',#6559,#6560);
#6559 = CARTESIAN_POINT('',(75.,-3.,1.6));
#6560 = VECTOR('',#6561,1.);
#6561 = DIRECTION('',(0.,-1.,0.));
#6562 = PCURVE('',#90,#6563);
#6563 = DEFINITIONAL_REPRESENTATION('',(#6564),#6568);
#6564 = LINE('',#6565,#6566);
#6565 = CARTESIAN_POINT('',(-37.5,52.));
#6566 = VECTOR('',#6567,1.);
#6567 = DIRECTION('',(0.,-1.));
#6568 = ( GEOMETRIC_REPRESENTATION_CONTEXT(2) 
PARAMETRIC_REPRESENTATION_CONTEXT() REPRESENTATION_CONTEXT('2D SPACE',''
  ) );
#6569 = PCURVE('',#633,#6570);
#6570 = DEFINITIONAL_REPRESENTATION('',(#6571),#6575);
#6571 = LINE('',#6572,#6573);
#6572 = CARTESIAN_POINT('',(0.,-1.6));
#6573 = VECTOR('',#6574,1.);
#6574 = DIRECTION('',(1.,0.));
#6575 = ( GEOMETRIC_REPRESENTATION_CONTEXT(2) 
PARAMETRIC_REPRESENTATION_CONTEXT() REPRESENTATION_CONTEXT('2D SPACE',''
  ) );
#6576 = ORIENTED_EDGE('',*,*,#6577,.T.);
#6577 = EDGE_CURVE('',#6555,#6578,#6580,.T.);
#6578 = VERTEX_POINT('',#6579);
#6579 = CARTESIAN_POINT('',(75.,-105.5957348403,1.6));
#6580 = SURFACE_CURVE('',#6581,(#6586,#6597),.PCURVE_S1.);
#6581 = CIRCLE('',#6582,0.65);
#6582 = AXIS2_PLACEMENT_3D('',#6583,#6584,#6585);
#6583 = CARTESIAN_POINT('',(75.26,-105.,1.6));
#6584 = DIRECTION('',(0.,0.,1.));
#6585 = DIRECTION('',(1.,0.,-0.));
#6586 = PCURVE('',#90,#6587);
#6587 = DEFINITIONAL_REPRESENTATION('',(#6588),#6596);
#6588 = ( BOUNDED_CURVE() B_SPLINE_CURVE(2,(#6589,#6590,#6591,#6592,
#6593,#6594,#6595),.UNSPECIFIED.,.T.,.F.) B_SPLINE_CURVE_WITH_KNOTS((1,2
    ,2,2,2,1),(-2.094395102393,0.,2.094395102393,4.188790204786,
6.28318530718,8.377580409573),.UNSPECIFIED.) CURVE() 
GEOMETRIC_REPRESENTATION_ITEM() RATIONAL_B_SPLINE_CURVE((1.,0.5,1.,0.5,
1.,0.5,1.)) REPRESENTATION_ITEM('') );
#6589 = CARTESIAN_POINT('',(-38.41,-50.));
#6590 = CARTESIAN_POINT('',(-38.41,-48.87416697508));
#6591 = CARTESIAN_POINT('',(-37.435,-49.43708348754));
#6592 = CARTESIAN_POINT('',(-36.46,-50.));
#6593 = CARTESIAN_POINT('',(-37.435,-50.56291651246));
#6594 = CARTESIAN_POINT('',(-38.41,-51.12583302492));
#6595 = CARTESIAN_POINT('',(-38.41,-50.));
#6596 = ( GEOMETRIC_REPRESENTATION_CONTEXT(2) 
PARAMETRIC_REPRESENTATION_CONTEXT() REPRESENTATION_CONTEXT('2D SPACE',''
  ) );
#6597 = PCURVE('',#666,#6598);
#6598 = DEFINITIONAL_REPRESENTATION('',(#6599),#6603);
#6599 = LINE('',#6600,#6601);
#6600 = CARTESIAN_POINT('',(0.,1.61));
#6601 = VECTOR('',#6602,1.);
#6602 = DIRECTION('',(1.,0.));
#6603 = ( GEOMETRIC_REPRESENTATION_CONTEXT(2) 
PARAMETRIC_REPRESENTATION_CONTEXT() REPRESENTATION_CONTEXT('2D SPACE',''
  ) );
#6604 = ORIENTED_EDGE('',*,*,#6605,.T.);
#6605 = EDGE_CURVE('',#6578,#6606,#6608,.T.);
#6606 = VERTEX_POINT('',#6607);
#6607 = CARTESIAN_POINT('',(75.,-107.,1.6));
#6608 = SURFACE_CURVE('',#6609,(#6613,#6620),.PCURVE_S1.);
#6609 = LINE('',#6610,#6611);
#6610 = CARTESIAN_POINT('',(75.,-3.,1.6));
#6611 = VECTOR('',#6612,1.);
#6612 = DIRECTION('',(0.,-1.,0.));
#6613 = PCURVE('',#90,#6614);
#6614 = DEFINITIONAL_REPRESENTATION('',(#6615),#6619);
#6615 = LINE('',#6616,#6617);
#6616 = CARTESIAN_POINT('',(-37.5,52.));
#6617 = VECTOR('',#6618,1.);
#6618 = DIRECTION('',(0.,-1.));
#6619 = ( GEOMETRIC_REPRESENTATION_CONTEXT(2) 
PARAMETRIC_REPRESENTATION_CONTEXT() REPRESENTATION_CONTEXT('2D SPACE',''
  ) );
#6620 = PCURVE('',#694,#6621);
#6621 = DEFINITIONAL_REPRESENTATION('',(#6622),#6626);
#6622 = LINE('',#6623,#6624);
#6623 = CARTESIAN_POINT('',(0.,-1.6));
#6624 = VECTOR('',#6625,1.);
#6625 = DIRECTION('',(1.,0.));
#6626 = ( GEOMETRIC_REPRESENTATION_CONTEXT(2) 
PARAMETRIC_REPRESENTATION_CONTEXT() REPRESENTATION_CONTEXT('2D SPACE',''
  ) );
#6627 = ORIENTED_EDGE('',*,*,#6628,.T.);
#6628 = EDGE_CURVE('',#6606,#6629,#6631,.T.);
#6629 = VERTEX_POINT('',#6630);
#6630 = CARTESIAN_POINT('',(74.981137,-107.335893,1.6));
#6631 = SURFACE_CURVE('',#6632,(#6636,#6643),.PCURVE_S1.);
#6632 = LINE('',#6633,#6634);
#6633 = CARTESIAN_POINT('',(75.,-107.,1.6));
#6634 = VECTOR('',#6635,1.);
#6635 = DIRECTION('',(-5.606942121021E-02,-0.998426872638,0.));
#6636 = PCURVE('',#90,#6637);
#6637 = DEFINITIONAL_REPRESENTATION('',(#6638),#6642);
#6638 = LINE('',#6639,#6640);
#6639 = CARTESIAN_POINT('',(-37.5,-52.));
#6640 = VECTOR('',#6641,1.);
#6641 = DIRECTION('',(5.606942121021E-02,-0.998426872638));
#6642 = ( GEOMETRIC_REPRESENTATION_CONTEXT(2) 
PARAMETRIC_REPRESENTATION_CONTEXT() REPRESENTATION_CONTEXT('2D SPACE',''
  ) );
#6643 = PCURVE('',#722,#6644);
#6644 = DEFINITIONAL_REPRESENTATION('',(#6645),#6649);
#6645 = LINE('',#6646,#6647);
#6646 = CARTESIAN_POINT('',(0.,-1.6));
#6647 = VECTOR('',#6648,1.);
#6648 = DIRECTION('',(1.,0.));
#6649 = ( GEOMETRIC_REPRESENTATION_CONTEXT(2) 
PARAMETRIC_REPRESENTATION_CONTEXT() REPRESENTATION_CONTEXT('2D SPACE',''
  ) );
#6650 = ORIENTED_EDGE('',*,*,#6651,.T.);
#6651 = EDGE_CURVE('',#6629,#6652,#6654,.T.);
#6652 = VERTEX_POINT('',#6653);
#6653 = CARTESIAN_POINT('',(74.924784,-107.667563,1.6));
#6654 = SURFACE_CURVE('',#6655,(#6659,#6666),.PCURVE_S1.);
#6655 = LINE('',#6656,#6657);
#6656 = CARTESIAN_POINT('',(74.981137,-107.335893,1.6));
#6657 = VECTOR('',#6658,1.);
#6658 = DIRECTION('',(-0.167506224545,-0.985871018308,0.));
#6659 = PCURVE('',#90,#6660);
#6660 = DEFINITIONAL_REPRESENTATION('',(#6661),#6665);
#6661 = LINE('',#6662,#6663);
#6662 = CARTESIAN_POINT('',(-37.481137,-52.335893));
#6663 = VECTOR('',#6664,1.);
#6664 = DIRECTION('',(0.167506224545,-0.985871018308));
#6665 = ( GEOMETRIC_REPRESENTATION_CONTEXT(2) 
PARAMETRIC_REPRESENTATION_CONTEXT() REPRESENTATION_CONTEXT('2D SPACE',''
  ) );
#6666 = PCURVE('',#750,#6667);
#6667 = DEFINITIONAL_REPRESENTATION('',(#6668),#6672);
#6668 = LINE('',#6669,#6670);
#6669 = CARTESIAN_POINT('',(0.,-1.6));
#6670 = VECTOR('',#6671,1.);
#6671 = DIRECTION('',(1.,0.));
#6672 = ( GEOMETRIC_REPRESENTATION_CONTEXT(2) 
PARAMETRIC_REPRESENTATION_CONTEXT() REPRESENTATION_CONTEXT('2D SPACE',''
  ) );
#6673 = ORIENTED_EDGE('',*,*,#6674,.T.);
#6674 = EDGE_CURVE('',#6652,#6675,#6677,.T.);
#6675 = VERTEX_POINT('',#6676);
#6676 = CARTESIAN_POINT('',(74.83165,-107.990837,1.6));
#6677 = SURFACE_CURVE('',#6678,(#6682,#6689),.PCURVE_S1.);
#6678 = LINE('',#6679,#6680);
#6679 = CARTESIAN_POINT('',(74.924784,-107.667563,1.6));
#6680 = VECTOR('',#6681,1.);
#6681 = DIRECTION('',(-0.276836513242,-0.960917033326,0.));
#6682 = PCURVE('',#90,#6683);
#6683 = DEFINITIONAL_REPRESENTATION('',(#6684),#6688);
#6684 = LINE('',#6685,#6686);
#6685 = CARTESIAN_POINT('',(-37.424784,-52.667563));
#6686 = VECTOR('',#6687,1.);
#6687 = DIRECTION('',(0.276836513242,-0.960917033326));
#6688 = ( GEOMETRIC_REPRESENTATION_CONTEXT(2) 
PARAMETRIC_REPRESENTATION_CONTEXT() REPRESENTATION_CONTEXT('2D SPACE',''
  ) );
#6689 = PCURVE('',#778,#6690);
#6690 = DEFINITIONAL_REPRESENTATION('',(#6691),#6695);
#6691 = LINE('',#6692,#6693);
#6692 = CARTESIAN_POINT('',(0.,-1.6));
#6693 = VECTOR('',#6694,1.);
#6694 = DIRECTION('',(1.,0.));
#6695 = ( GEOMETRIC_REPRESENTATION_CONTEXT(2) 
PARAMETRIC_REPRESENTATION_CONTEXT() REPRESENTATION_CONTEXT('2D SPACE',''
  ) );
#6696 = ORIENTED_EDGE('',*,*,#6697,.T.);
#6697 = EDGE_CURVE('',#6675,#6698,#6700,.T.);
#6698 = VERTEX_POINT('',#6699);
#6699 = CARTESIAN_POINT('',(74.702907,-108.301651,1.6));
#6700 = SURFACE_CURVE('',#6701,(#6705,#6712),.PCURVE_S1.);
#6701 = LINE('',#6702,#6703);
#6702 = CARTESIAN_POINT('',(74.83165,-107.990837,1.6));
#6703 = VECTOR('',#6704,1.);
#6704 = DIRECTION('',(-0.382682483027,-0.92387992574,0.));
#6705 = PCURVE('',#90,#6706);
#6706 = DEFINITIONAL_REPRESENTATION('',(#6707),#6711);
#6707 = LINE('',#6708,#6709);
#6708 = CARTESIAN_POINT('',(-37.33165,-52.990837));
#6709 = VECTOR('',#6710,1.);
#6710 = DIRECTION('',(0.382682483027,-0.92387992574));
#6711 = ( GEOMETRIC_REPRESENTATION_CONTEXT(2) 
PARAMETRIC_REPRESENTATION_CONTEXT() REPRESENTATION_CONTEXT('2D SPACE',''
  ) );
#6712 = PCURVE('',#806,#6713);
#6713 = DEFINITIONAL_REPRESENTATION('',(#6714),#6718);
#6714 = LINE('',#6715,#6716);
#6715 = CARTESIAN_POINT('',(0.,-1.6));
#6716 = VECTOR('',#6717,1.);
#6717 = DIRECTION('',(1.,0.));
#6718 = ( GEOMETRIC_REPRESENTATION_CONTEXT(2) 
PARAMETRIC_REPRESENTATION_CONTEXT() REPRESENTATION_CONTEXT('2D SPACE',''
  ) );
#6719 = ORIENTED_EDGE('',*,*,#6720,.T.);
#6720 = EDGE_CURVE('',#6698,#6721,#6723,.T.);
#6721 = VERTEX_POINT('',#6722);
#6722 = CARTESIAN_POINT('',(74.540173,-108.596096,1.6));
#6723 = SURFACE_CURVE('',#6724,(#6728,#6735),.PCURVE_S1.);
#6724 = LINE('',#6725,#6726);
#6725 = CARTESIAN_POINT('',(74.702907,-108.301651,1.6));
#6726 = VECTOR('',#6727,1.);
#6727 = DIRECTION('',(-0.483718888737,-0.875223421007,0.));
#6728 = PCURVE('',#90,#6729);
#6729 = DEFINITIONAL_REPRESENTATION('',(#6730),#6734);
#6730 = LINE('',#6731,#6732);
#6731 = CARTESIAN_POINT('',(-37.202907,-53.301651));
#6732 = VECTOR('',#6733,1.);
#6733 = DIRECTION('',(0.483718888737,-0.875223421007));
#6734 = ( GEOMETRIC_REPRESENTATION_CONTEXT(2) 
PARAMETRIC_REPRESENTATION_CONTEXT() REPRESENTATION_CONTEXT('2D SPACE',''
  ) );
#6735 = PCURVE('',#834,#6736);
#6736 = DEFINITIONAL_REPRESENTATION('',(#6737),#6741);
#6737 = LINE('',#6738,#6739);
#6738 = CARTESIAN_POINT('',(0.,-1.6));
#6739 = VECTOR('',#6740,1.);
#6740 = DIRECTION('',(1.,0.));
#6741 = ( GEOMETRIC_REPRESENTATION_CONTEXT(2) 
PARAMETRIC_REPRESENTATION_CONTEXT() REPRESENTATION_CONTEXT('2D SPACE',''
  ) );
#6742 = ORIENTED_EDGE('',*,*,#6743,.T.);
#6743 = EDGE_CURVE('',#6721,#6744,#6746,.T.);
#6744 = VERTEX_POINT('',#6745);
#6745 = CARTESIAN_POINT('',(74.345494,-108.870469,1.6));
#6746 = SURFACE_CURVE('',#6747,(#6751,#6758),.PCURVE_S1.);
#6747 = LINE('',#6748,#6749);
#6748 = CARTESIAN_POINT('',(74.540173,-108.596096,1.6));
#6749 = VECTOR('',#6750,1.);
#6750 = DIRECTION('',(-0.578673223091,-0.815559501739,0.));
#6751 = PCURVE('',#90,#6752);
#6752 = DEFINITIONAL_REPRESENTATION('',(#6753),#6757);
#6753 = LINE('',#6754,#6755);
#6754 = CARTESIAN_POINT('',(-37.040173,-53.596096));
#6755 = VECTOR('',#6756,1.);
#6756 = DIRECTION('',(0.578673223091,-0.815559501739));
#6757 = ( GEOMETRIC_REPRESENTATION_CONTEXT(2) 
PARAMETRIC_REPRESENTATION_CONTEXT() REPRESENTATION_CONTEXT('2D SPACE',''
  ) );
#6758 = PCURVE('',#862,#6759);
#6759 = DEFINITIONAL_REPRESENTATION('',(#6760),#6764);
#6760 = LINE('',#6761,#6762);
#6761 = CARTESIAN_POINT('',(0.,-1.6));
#6762 = VECTOR('',#6763,1.);
#6763 = DIRECTION('',(1.,0.));
#6764 = ( GEOMETRIC_REPRESENTATION_CONTEXT(2) 
PARAMETRIC_REPRESENTATION_CONTEXT() REPRESENTATION_CONTEXT('2D SPACE',''
  ) );
#6765 = ORIENTED_EDGE('',*,*,#6766,.T.);
#6766 = EDGE_CURVE('',#6744,#6767,#6769,.T.);
#6767 = VERTEX_POINT('',#6768);
#6768 = CARTESIAN_POINT('',(74.12132,-109.12132,1.6));
#6769 = SURFACE_CURVE('',#6770,(#6774,#6781),.PCURVE_S1.);
#6770 = LINE('',#6771,#6772);
#6771 = CARTESIAN_POINT('',(74.345494,-108.870469,1.6));
#6772 = VECTOR('',#6773,1.);
#6773 = DIRECTION('',(-0.666346314744,-0.7456424001,0.));
#6774 = PCURVE('',#90,#6775);
#6775 = DEFINITIONAL_REPRESENTATION('',(#6776),#6780);
#6776 = LINE('',#6777,#6778);
#6777 = CARTESIAN_POINT('',(-36.845494,-53.870469));
#6778 = VECTOR('',#6779,1.);
#6779 = DIRECTION('',(0.666346314744,-0.7456424001));
#6780 = ( GEOMETRIC_REPRESENTATION_CONTEXT(2) 
PARAMETRIC_REPRESENTATION_CONTEXT() REPRESENTATION_CONTEXT('2D SPACE',''
  ) );
#6781 = PCURVE('',#890,#6782);
#6782 = DEFINITIONAL_REPRESENTATION('',(#6783),#6787);
#6783 = LINE('',#6784,#6785);
#6784 = CARTESIAN_POINT('',(0.,-1.6));
#6785 = VECTOR('',#6786,1.);
#6786 = DIRECTION('',(1.,0.));
#6787 = ( GEOMETRIC_REPRESENTATION_CONTEXT(2) 
PARAMETRIC_REPRESENTATION_CONTEXT() REPRESENTATION_CONTEXT('2D SPACE',''
  ) );
#6788 = ORIENTED_EDGE('',*,*,#6789,.T.);
#6789 = EDGE_CURVE('',#6767,#6790,#6792,.T.);
#6790 = VERTEX_POINT('',#6791);
#6791 = CARTESIAN_POINT('',(73.870469,-109.345494,1.6));
#6792 = SURFACE_CURVE('',#6793,(#6797,#6804),.PCURVE_S1.);
#6793 = LINE('',#6794,#6795);
#6794 = CARTESIAN_POINT('',(74.12132,-109.12132,1.6));
#6795 = VECTOR('',#6796,1.);
#6796 = DIRECTION('',(-0.7456424001,-0.666346314744,0.));
#6797 = PCURVE('',#90,#6798);
#6798 = DEFINITIONAL_REPRESENTATION('',(#6799),#6803);
#6799 = LINE('',#6800,#6801);
#6800 = CARTESIAN_POINT('',(-36.62132,-54.12132));
#6801 = VECTOR('',#6802,1.);
#6802 = DIRECTION('',(0.7456424001,-0.666346314744));
#6803 = ( GEOMETRIC_REPRESENTATION_CONTEXT(2) 
PARAMETRIC_REPRESENTATION_CONTEXT() REPRESENTATION_CONTEXT('2D SPACE',''
  ) );
#6804 = PCURVE('',#918,#6805);
#6805 = DEFINITIONAL_REPRESENTATION('',(#6806),#6810);
#6806 = LINE('',#6807,#6808);
#6807 = CARTESIAN_POINT('',(0.,-1.6));
#6808 = VECTOR('',#6809,1.);
#6809 = DIRECTION('',(1.,0.));
#6810 = ( GEOMETRIC_REPRESENTATION_CONTEXT(2) 
PARAMETRIC_REPRESENTATION_CONTEXT() REPRESENTATION_CONTEXT('2D SPACE',''
  ) );
#6811 = ORIENTED_EDGE('',*,*,#6812,.T.);
#6812 = EDGE_CURVE('',#6790,#6813,#6815,.T.);
#6813 = VERTEX_POINT('',#6814);
#6814 = CARTESIAN_POINT('',(73.596096,-109.540173,1.6));
#6815 = SURFACE_CURVE('',#6816,(#6820,#6827),.PCURVE_S1.);
#6816 = LINE('',#6817,#6818);
#6817 = CARTESIAN_POINT('',(73.870469,-109.345494,1.6));
#6818 = VECTOR('',#6819,1.);
#6819 = DIRECTION('',(-0.815559501739,-0.578673223091,0.));
#6820 = PCURVE('',#90,#6821);
#6821 = DEFINITIONAL_REPRESENTATION('',(#6822),#6826);
#6822 = LINE('',#6823,#6824);
#6823 = CARTESIAN_POINT('',(-36.370469,-54.345494));
#6824 = VECTOR('',#6825,1.);
#6825 = DIRECTION('',(0.815559501739,-0.578673223091));
#6826 = ( GEOMETRIC_REPRESENTATION_CONTEXT(2) 
PARAMETRIC_REPRESENTATION_CONTEXT() REPRESENTATION_CONTEXT('2D SPACE',''
  ) );
#6827 = PCURVE('',#946,#6828);
#6828 = DEFINITIONAL_REPRESENTATION('',(#6829),#6833);
#6829 = LINE('',#6830,#6831);
#6830 = CARTESIAN_POINT('',(0.,-1.6));
#6831 = VECTOR('',#6832,1.);
#6832 = DIRECTION('',(1.,0.));
#6833 = ( GEOMETRIC_REPRESENTATION_CONTEXT(2) 
PARAMETRIC_REPRESENTATION_CONTEXT() REPRESENTATION_CONTEXT('2D SPACE',''
  ) );
#6834 = ORIENTED_EDGE('',*,*,#6835,.T.);
#6835 = EDGE_CURVE('',#6813,#6836,#6838,.T.);
#6836 = VERTEX_POINT('',#6837);
#6837 = CARTESIAN_POINT('',(73.301651,-109.702907,1.6));
#6838 = SURFACE_CURVE('',#6839,(#6843,#6850),.PCURVE_S1.);
#6839 = LINE('',#6840,#6841);
#6840 = CARTESIAN_POINT('',(73.596096,-109.540173,1.6));
#6841 = VECTOR('',#6842,1.);
#6842 = DIRECTION('',(-0.875223421007,-0.483718888737,0.));
#6843 = PCURVE('',#90,#6844);
#6844 = DEFINITIONAL_REPRESENTATION('',(#6845),#6849);
#6845 = LINE('',#6846,#6847);
#6846 = CARTESIAN_POINT('',(-36.096096,-54.540173));
#6847 = VECTOR('',#6848,1.);
#6848 = DIRECTION('',(0.875223421007,-0.483718888737));
#6849 = ( GEOMETRIC_REPRESENTATION_CONTEXT(2) 
PARAMETRIC_REPRESENTATION_CONTEXT() REPRESENTATION_CONTEXT('2D SPACE',''
  ) );
#6850 = PCURVE('',#974,#6851);
#6851 = DEFINITIONAL_REPRESENTATION('',(#6852),#6856);
#6852 = LINE('',#6853,#6854);
#6853 = CARTESIAN_POINT('',(0.,-1.6));
#6854 = VECTOR('',#6855,1.);
#6855 = DIRECTION('',(1.,0.));
#6856 = ( GEOMETRIC_REPRESENTATION_CONTEXT(2) 
PARAMETRIC_REPRESENTATION_CONTEXT() REPRESENTATION_CONTEXT('2D SPACE',''
  ) );
#6857 = ORIENTED_EDGE('',*,*,#6858,.T.);
#6858 = EDGE_CURVE('',#6836,#6859,#6861,.T.);
#6859 = VERTEX_POINT('',#6860);
#6860 = CARTESIAN_POINT('',(72.990837,-109.83165,1.6));
#6861 = SURFACE_CURVE('',#6862,(#6866,#6873),.PCURVE_S1.);
#6862 = LINE('',#6863,#6864);
#6863 = CARTESIAN_POINT('',(73.301651,-109.702907,1.6));
#6864 = VECTOR('',#6865,1.);
#6865 = DIRECTION('',(-0.92387992574,-0.382682483027,0.));
#6866 = PCURVE('',#90,#6867);
#6867 = DEFINITIONAL_REPRESENTATION('',(#6868),#6872);
#6868 = LINE('',#6869,#6870);
#6869 = CARTESIAN_POINT('',(-35.801651,-54.702907));
#6870 = VECTOR('',#6871,1.);
#6871 = DIRECTION('',(0.92387992574,-0.382682483027));
#6872 = ( GEOMETRIC_REPRESENTATION_CONTEXT(2) 
PARAMETRIC_REPRESENTATION_CONTEXT() REPRESENTATION_CONTEXT('2D SPACE',''
  ) );
#6873 = PCURVE('',#1002,#6874);
#6874 = DEFINITIONAL_REPRESENTATION('',(#6875),#6879);
#6875 = LINE('',#6876,#6877);
#6876 = CARTESIAN_POINT('',(0.,-1.6));
#6877 = VECTOR('',#6878,1.);
#6878 = DIRECTION('',(1.,0.));
#6879 = ( GEOMETRIC_REPRESENTATION_CONTEXT(2) 
PARAMETRIC_REPRESENTATION_CONTEXT() REPRESENTATION_CONTEXT('2D SPACE',''
  ) );
#6880 = ORIENTED_EDGE('',*,*,#6881,.T.);
#6881 = EDGE_CURVE('',#6859,#6882,#6884,.T.);
#6882 = VERTEX_POINT('',#6883);
#6883 = CARTESIAN_POINT('',(72.667563,-109.924784,1.6));
#6884 = SURFACE_CURVE('',#6885,(#6889,#6896),.PCURVE_S1.);
#6885 = LINE('',#6886,#6887);
#6886 = CARTESIAN_POINT('',(72.990837,-109.83165,1.6));
#6887 = VECTOR('',#6888,1.);
#6888 = DIRECTION('',(-0.960917033326,-0.276836513242,0.));
#6889 = PCURVE('',#90,#6890);
#6890 = DEFINITIONAL_REPRESENTATION('',(#6891),#6895);
#6891 = LINE('',#6892,#6893);
#6892 = CARTESIAN_POINT('',(-35.490837,-54.83165));
#6893 = VECTOR('',#6894,1.);
#6894 = DIRECTION('',(0.960917033326,-0.276836513242));
#6895 = ( GEOMETRIC_REPRESENTATION_CONTEXT(2) 
PARAMETRIC_REPRESENTATION_CONTEXT() REPRESENTATION_CONTEXT('2D SPACE',''
  ) );
#6896 = PCURVE('',#1030,#6897);
#6897 = DEFINITIONAL_REPRESENTATION('',(#6898),#6902);
#6898 = LINE('',#6899,#6900);
#6899 = CARTESIAN_POINT('',(0.,-1.6));
#6900 = VECTOR('',#6901,1.);
#6901 = DIRECTION('',(1.,0.));
#6902 = ( GEOMETRIC_REPRESENTATION_CONTEXT(2) 
PARAMETRIC_REPRESENTATION_CONTEXT() REPRESENTATION_CONTEXT('2D SPACE',''
  ) );
#6903 = ORIENTED_EDGE('',*,*,#6904,.T.);
#6904 = EDGE_CURVE('',#6882,#6905,#6907,.T.);
#6905 = VERTEX_POINT('',#6906);
#6906 = CARTESIAN_POINT('',(72.335893,-109.981137,1.6));
#6907 = SURFACE_CURVE('',#6908,(#6912,#6919),.PCURVE_S1.);
#6908 = LINE('',#6909,#6910);
#6909 = CARTESIAN_POINT('',(72.667563,-109.924784,1.6));
#6910 = VECTOR('',#6911,1.);
#6911 = DIRECTION('',(-0.985871018308,-0.167506224545,0.));
#6912 = PCURVE('',#90,#6913);
#6913 = DEFINITIONAL_REPRESENTATION('',(#6914),#6918);
#6914 = LINE('',#6915,#6916);
#6915 = CARTESIAN_POINT('',(-35.167563,-54.924784));
#6916 = VECTOR('',#6917,1.);
#6917 = DIRECTION('',(0.985871018308,-0.167506224545));
#6918 = ( GEOMETRIC_REPRESENTATION_CONTEXT(2) 
PARAMETRIC_REPRESENTATION_CONTEXT() REPRESENTATION_CONTEXT('2D SPACE',''
  ) );
#6919 = PCURVE('',#1058,#6920);
#6920 = DEFINITIONAL_REPRESENTATION('',(#6921),#6925);
#6921 = LINE('',#6922,#6923);
#6922 = CARTESIAN_POINT('',(0.,-1.6));
#6923 = VECTOR('',#6924,1.);
#6924 = DIRECTION('',(1.,0.));
#6925 = ( GEOMETRIC_REPRESENTATION_CONTEXT(2) 
PARAMETRIC_REPRESENTATION_CONTEXT() REPRESENTATION_CONTEXT('2D SPACE',''
  ) );
#6926 = ORIENTED_EDGE('',*,*,#6927,.T.);
#6927 = EDGE_CURVE('',#6905,#6928,#6930,.T.);
#6928 = VERTEX_POINT('',#6929);
#6929 = CARTESIAN_POINT('',(72.,-110.,1.6));
#6930 = SURFACE_CURVE('',#6931,(#6935,#6942),.PCURVE_S1.);
#6931 = LINE('',#6932,#6933);
#6932 = CARTESIAN_POINT('',(72.335893,-109.981137,1.6));
#6933 = VECTOR('',#6934,1.);
#6934 = DIRECTION('',(-0.998426872638,-5.606942121021E-02,0.));
#6935 = PCURVE('',#90,#6936);
#6936 = DEFINITIONAL_REPRESENTATION('',(#6937),#6941);
#6937 = LINE('',#6938,#6939);
#6938 = CARTESIAN_POINT('',(-34.835893,-54.981137));
#6939 = VECTOR('',#6940,1.);
#6940 = DIRECTION('',(0.998426872638,-5.606942121021E-02));
#6941 = ( GEOMETRIC_REPRESENTATION_CONTEXT(2) 
PARAMETRIC_REPRESENTATION_CONTEXT() REPRESENTATION_CONTEXT('2D SPACE',''
  ) );
#6942 = PCURVE('',#1086,#6943);
#6943 = DEFINITIONAL_REPRESENTATION('',(#6944),#6948);
#6944 = LINE('',#6945,#6946);
#6945 = CARTESIAN_POINT('',(0.,-1.6));
#6946 = VECTOR('',#6947,1.);
#6947 = DIRECTION('',(1.,0.));
#6948 = ( GEOMETRIC_REPRESENTATION_CONTEXT(2) 
PARAMETRIC_REPRESENTATION_CONTEXT() REPRESENTATION_CONTEXT('2D SPACE',''
  ) );
#6949 = ORIENTED_EDGE('',*,*,#6950,.T.);
#6950 = EDGE_CURVE('',#6928,#6951,#6953,.T.);
#6951 = VERTEX_POINT('',#6952);
#6952 = CARTESIAN_POINT('',(3.,-110.,1.6));
#6953 = SURFACE_CURVE('',#6954,(#6958,#6965),.PCURVE_S1.);
#6954 = LINE('',#6955,#6956);
#6955 = CARTESIAN_POINT('',(72.,-110.,1.6));
#6956 = VECTOR('',#6957,1.);
#6957 = DIRECTION('',(-1.,0.,0.));
#6958 = PCURVE('',#90,#6959);
#6959 = DEFINITIONAL_REPRESENTATION('',(#6960),#6964);
#6960 = LINE('',#6961,#6962);
#6961 = CARTESIAN_POINT('',(-34.5,-55.));
#6962 = VECTOR('',#6963,1.);
#6963 = DIRECTION('',(1.,0.));
#6964 = ( GEOMETRIC_REPRESENTATION_CONTEXT(2) 
PARAMETRIC_REPRESENTATION_CONTEXT() REPRESENTATION_CONTEXT('2D SPACE',''
  ) );
#6965 = PCURVE('',#1114,#6966);
#6966 = DEFINITIONAL_REPRESENTATION('',(#6967),#6971);
#6967 = LINE('',#6968,#6969);
#6968 = CARTESIAN_POINT('',(0.,-1.6));
#6969 = VECTOR('',#6970,1.);
#6970 = DIRECTION('',(1.,0.));
#6971 = ( GEOMETRIC_REPRESENTATION_CONTEXT(2) 
PARAMETRIC_REPRESENTATION_CONTEXT() REPRESENTATION_CONTEXT('2D SPACE',''
  ) );
#6972 = ORIENTED_EDGE('',*,*,#6973,.T.);
#6973 = EDGE_CURVE('',#6951,#6974,#6976,.T.);
#6974 = VERTEX_POINT('',#6975);
#6975 = CARTESIAN_POINT('',(2.664107,-109.981137,1.6));
#6976 = SURFACE_CURVE('',#6977,(#6981,#6988),.PCURVE_S1.);
#6977 = LINE('',#6978,#6979);
#6978 = CARTESIAN_POINT('',(3.,-110.,1.6));
#6979 = VECTOR('',#6980,1.);
#6980 = DIRECTION('',(-0.998426872638,5.606942121021E-02,0.));
#6981 = PCURVE('',#90,#6982);
#6982 = DEFINITIONAL_REPRESENTATION('',(#6983),#6987);
#6983 = LINE('',#6984,#6985);
#6984 = CARTESIAN_POINT('',(34.5,-55.));
#6985 = VECTOR('',#6986,1.);
#6986 = DIRECTION('',(0.998426872638,5.606942121021E-02));
#6987 = ( GEOMETRIC_REPRESENTATION_CONTEXT(2) 
PARAMETRIC_REPRESENTATION_CONTEXT() REPRESENTATION_CONTEXT('2D SPACE',''
  ) );
#6988 = PCURVE('',#1142,#6989);
#6989 = DEFINITIONAL_REPRESENTATION('',(#6990),#6994);
#6990 = LINE('',#6991,#6992);
#6991 = CARTESIAN_POINT('',(0.,-1.6));
#6992 = VECTOR('',#6993,1.);
#6993 = DIRECTION('',(1.,0.));
#6994 = ( GEOMETRIC_REPRESENTATION_CONTEXT(2) 
PARAMETRIC_REPRESENTATION_CONTEXT() REPRESENTATION_CONTEXT('2D SPACE',''
  ) );
#6995 = ORIENTED_EDGE('',*,*,#6996,.T.);
#6996 = EDGE_CURVE('',#6974,#6997,#6999,.T.);
#6997 = VERTEX_POINT('',#6998);
#6998 = CARTESIAN_POINT('',(2.332437,-109.924784,1.6));
#6999 = SURFACE_CURVE('',#7000,(#7004,#7011),.PCURVE_S1.);
#7000 = LINE('',#7001,#7002);
#7001 = CARTESIAN_POINT('',(2.664107,-109.981137,1.6));
#7002 = VECTOR('',#7003,1.);
#7003 = DIRECTION('',(-0.985871018308,0.167506224545,0.));
#7004 = PCURVE('',#90,#7005);
#7005 = DEFINITIONAL_REPRESENTATION('',(#7006),#7010);
#7006 = LINE('',#7007,#7008);
#7007 = CARTESIAN_POINT('',(34.835893,-54.981137));
#7008 = VECTOR('',#7009,1.);
#7009 = DIRECTION('',(0.985871018308,0.167506224545));
#7010 = ( GEOMETRIC_REPRESENTATION_CONTEXT(2) 
PARAMETRIC_REPRESENTATION_CONTEXT() REPRESENTATION_CONTEXT('2D SPACE',''
  ) );
#7011 = PCURVE('',#1170,#7012);
#7012 = DEFINITIONAL_REPRESENTATION('',(#7013),#7017);
#7013 = LINE('',#7014,#7015);
#7014 = CARTESIAN_POINT('',(0.,-1.6));
#7015 = VECTOR('',#7016,1.);
#7016 = DIRECTION('',(1.,0.));
#7017 = ( GEOMETRIC_REPRESENTATION_CONTEXT(2) 
PARAMETRIC_REPRESENTATION_CONTEXT() REPRESENTATION_CONTEXT('2D SPACE',''
  ) );
#7018 = ORIENTED_EDGE('',*,*,#7019,.T.);
#7019 = EDGE_CURVE('',#6997,#7020,#7022,.T.);
#7020 = VERTEX_POINT('',#7021);
#7021 = CARTESIAN_POINT('',(2.009163,-109.83165,1.6));
#7022 = SURFACE_CURVE('',#7023,(#7027,#7034),.PCURVE_S1.);
#7023 = LINE('',#7024,#7025);
#7024 = CARTESIAN_POINT('',(2.332437,-109.924784,1.6));
#7025 = VECTOR('',#7026,1.);
#7026 = DIRECTION('',(-0.960917033326,0.276836513242,0.));
#7027 = PCURVE('',#90,#7028);
#7028 = DEFINITIONAL_REPRESENTATION('',(#7029),#7033);
#7029 = LINE('',#7030,#7031);
#7030 = CARTESIAN_POINT('',(35.167563,-54.924784));
#7031 = VECTOR('',#7032,1.);
#7032 = DIRECTION('',(0.960917033326,0.276836513242));
#7033 = ( GEOMETRIC_REPRESENTATION_CONTEXT(2) 
PARAMETRIC_REPRESENTATION_CONTEXT() REPRESENTATION_CONTEXT('2D SPACE',''
  ) );
#7034 = PCURVE('',#1198,#7035);
#7035 = DEFINITIONAL_REPRESENTATION('',(#7036),#7040);
#7036 = LINE('',#7037,#7038);
#7037 = CARTESIAN_POINT('',(0.,-1.6));
#7038 = VECTOR('',#7039,1.);
#7039 = DIRECTION('',(1.,0.));
#7040 = ( GEOMETRIC_REPRESENTATION_CONTEXT(2) 
PARAMETRIC_REPRESENTATION_CONTEXT() REPRESENTATION_CONTEXT('2D SPACE',''
  ) );
#7041 = ORIENTED_EDGE('',*,*,#7042,.T.);
#7042 = EDGE_CURVE('',#7020,#7043,#7045,.T.);
#7043 = VERTEX_POINT('',#7044);
#7044 = CARTESIAN_POINT('',(1.698349,-109.702907,1.6));
#7045 = SURFACE_CURVE('',#7046,(#7050,#7057),.PCURVE_S1.);
#7046 = LINE('',#7047,#7048);
#7047 = CARTESIAN_POINT('',(2.009163,-109.83165,1.6));
#7048 = VECTOR('',#7049,1.);
#7049 = DIRECTION('',(-0.92387992574,0.382682483027,0.));
#7050 = PCURVE('',#90,#7051);
#7051 = DEFINITIONAL_REPRESENTATION('',(#7052),#7056);
#7052 = LINE('',#7053,#7054);
#7053 = CARTESIAN_POINT('',(35.490837,-54.83165));
#7054 = VECTOR('',#7055,1.);
#7055 = DIRECTION('',(0.92387992574,0.382682483027));
#7056 = ( GEOMETRIC_REPRESENTATION_CONTEXT(2) 
PARAMETRIC_REPRESENTATION_CONTEXT() REPRESENTATION_CONTEXT('2D SPACE',''
  ) );
#7057 = PCURVE('',#1226,#7058);
#7058 = DEFINITIONAL_REPRESENTATION('',(#7059),#7063);
#7059 = LINE('',#7060,#7061);
#7060 = CARTESIAN_POINT('',(0.,-1.6));
#7061 = VECTOR('',#7062,1.);
#7062 = DIRECTION('',(1.,0.));
#7063 = ( GEOMETRIC_REPRESENTATION_CONTEXT(2) 
PARAMETRIC_REPRESENTATION_CONTEXT() REPRESENTATION_CONTEXT('2D SPACE',''
  ) );
#7064 = ORIENTED_EDGE('',*,*,#7065,.T.);
#7065 = EDGE_CURVE('',#7043,#7066,#7068,.T.);
#7066 = VERTEX_POINT('',#7067);
#7067 = CARTESIAN_POINT('',(1.403904,-109.540173,1.6));
#7068 = SURFACE_CURVE('',#7069,(#7073,#7080),.PCURVE_S1.);
#7069 = LINE('',#7070,#7071);
#7070 = CARTESIAN_POINT('',(1.698349,-109.702907,1.6));
#7071 = VECTOR('',#7072,1.);
#7072 = DIRECTION('',(-0.875223421007,0.483718888737,0.));
#7073 = PCURVE('',#90,#7074);
#7074 = DEFINITIONAL_REPRESENTATION('',(#7075),#7079);
#7075 = LINE('',#7076,#7077);
#7076 = CARTESIAN_POINT('',(35.801651,-54.702907));
#7077 = VECTOR('',#7078,1.);
#7078 = DIRECTION('',(0.875223421007,0.483718888737));
#7079 = ( GEOMETRIC_REPRESENTATION_CONTEXT(2) 
PARAMETRIC_REPRESENTATION_CONTEXT() REPRESENTATION_CONTEXT('2D SPACE',''
  ) );
#7080 = PCURVE('',#1254,#7081);
#7081 = DEFINITIONAL_REPRESENTATION('',(#7082),#7086);
#7082 = LINE('',#7083,#7084);
#7083 = CARTESIAN_POINT('',(0.,-1.6));
#7084 = VECTOR('',#7085,1.);
#7085 = DIRECTION('',(1.,0.));
#7086 = ( GEOMETRIC_REPRESENTATION_CONTEXT(2) 
PARAMETRIC_REPRESENTATION_CONTEXT() REPRESENTATION_CONTEXT('2D SPACE',''
  ) );
#7087 = ORIENTED_EDGE('',*,*,#7088,.T.);
#7088 = EDGE_CURVE('',#7066,#7089,#7091,.T.);
#7089 = VERTEX_POINT('',#7090);
#7090 = CARTESIAN_POINT('',(1.129531,-109.345494,1.6));
#7091 = SURFACE_CURVE('',#7092,(#7096,#7103),.PCURVE_S1.);
#7092 = LINE('',#7093,#7094);
#7093 = CARTESIAN_POINT('',(1.403904,-109.540173,1.6));
#7094 = VECTOR('',#7095,1.);
#7095 = DIRECTION('',(-0.815559501739,0.578673223091,0.));
#7096 = PCURVE('',#90,#7097);
#7097 = DEFINITIONAL_REPRESENTATION('',(#7098),#7102);
#7098 = LINE('',#7099,#7100);
#7099 = CARTESIAN_POINT('',(36.096096,-54.540173));
#7100 = VECTOR('',#7101,1.);
#7101 = DIRECTION('',(0.815559501739,0.578673223091));
#7102 = ( GEOMETRIC_REPRESENTATION_CONTEXT(2) 
PARAMETRIC_REPRESENTATION_CONTEXT() REPRESENTATION_CONTEXT('2D SPACE',''
  ) );
#7103 = PCURVE('',#1282,#7104);
#7104 = DEFINITIONAL_REPRESENTATION('',(#7105),#7109);
#7105 = LINE('',#7106,#7107);
#7106 = CARTESIAN_POINT('',(0.,-1.6));
#7107 = VECTOR('',#7108,1.);
#7108 = DIRECTION('',(1.,0.));
#7109 = ( GEOMETRIC_REPRESENTATION_CONTEXT(2) 
PARAMETRIC_REPRESENTATION_CONTEXT() REPRESENTATION_CONTEXT('2D SPACE',''
  ) );
#7110 = ORIENTED_EDGE('',*,*,#7111,.T.);
#7111 = EDGE_CURVE('',#7089,#7112,#7114,.T.);
#7112 = VERTEX_POINT('',#7113);
#7113 = CARTESIAN_POINT('',(0.87868,-109.12132,1.6));
#7114 = SURFACE_CURVE('',#7115,(#7119,#7126),.PCURVE_S1.);
#7115 = LINE('',#7116,#7117);
#7116 = CARTESIAN_POINT('',(1.129531,-109.345494,1.6));
#7117 = VECTOR('',#7118,1.);
#7118 = DIRECTION('',(-0.7456424001,0.666346314744,0.));
#7119 = PCURVE('',#90,#7120);
#7120 = DEFINITIONAL_REPRESENTATION('',(#7121),#7125);
#7121 = LINE('',#7122,#7123);
#7122 = CARTESIAN_POINT('',(36.370469,-54.345494));
#7123 = VECTOR('',#7124,1.);
#7124 = DIRECTION('',(0.7456424001,0.666346314744));
#7125 = ( GEOMETRIC_REPRESENTATION_CONTEXT(2) 
PARAMETRIC_REPRESENTATION_CONTEXT() REPRESENTATION_CONTEXT('2D SPACE',''
  ) );
#7126 = PCURVE('',#1310,#7127);
#7127 = DEFINITIONAL_REPRESENTATION('',(#7128),#7132);
#7128 = LINE('',#7129,#7130);
#7129 = CARTESIAN_POINT('',(0.,-1.6));
#7130 = VECTOR('',#7131,1.);
#7131 = DIRECTION('',(1.,0.));
#7132 = ( GEOMETRIC_REPRESENTATION_CONTEXT(2) 
PARAMETRIC_REPRESENTATION_CONTEXT() REPRESENTATION_CONTEXT('2D SPACE',''
  ) );
#7133 = ORIENTED_EDGE('',*,*,#7134,.T.);
#7134 = EDGE_CURVE('',#7112,#7135,#7137,.T.);
#7135 = VERTEX_POINT('',#7136);
#7136 = CARTESIAN_POINT('',(0.654506,-108.870469,1.6));
#7137 = SURFACE_CURVE('',#7138,(#7142,#7149),.PCURVE_S1.);
#7138 = LINE('',#7139,#7140);
#7139 = CARTESIAN_POINT('',(0.87868,-109.12132,1.6));
#7140 = VECTOR('',#7141,1.);
#7141 = DIRECTION('',(-0.666346314744,0.7456424001,0.));
#7142 = PCURVE('',#90,#7143);
#7143 = DEFINITIONAL_REPRESENTATION('',(#7144),#7148);
#7144 = LINE('',#7145,#7146);
#7145 = CARTESIAN_POINT('',(36.62132,-54.12132));
#7146 = VECTOR('',#7147,1.);
#7147 = DIRECTION('',(0.666346314744,0.7456424001));
#7148 = ( GEOMETRIC_REPRESENTATION_CONTEXT(2) 
PARAMETRIC_REPRESENTATION_CONTEXT() REPRESENTATION_CONTEXT('2D SPACE',''
  ) );
#7149 = PCURVE('',#1338,#7150);
#7150 = DEFINITIONAL_REPRESENTATION('',(#7151),#7155);
#7151 = LINE('',#7152,#7153);
#7152 = CARTESIAN_POINT('',(0.,-1.6));
#7153 = VECTOR('',#7154,1.);
#7154 = DIRECTION('',(1.,0.));
#7155 = ( GEOMETRIC_REPRESENTATION_CONTEXT(2) 
PARAMETRIC_REPRESENTATION_CONTEXT() REPRESENTATION_CONTEXT('2D SPACE',''
  ) );
#7156 = ORIENTED_EDGE('',*,*,#7157,.T.);
#7157 = EDGE_CURVE('',#7135,#7158,#7160,.T.);
#7158 = VERTEX_POINT('',#7159);
#7159 = CARTESIAN_POINT('',(0.459827,-108.596096,1.6));
#7160 = SURFACE_CURVE('',#7161,(#7165,#7172),.PCURVE_S1.);
#7161 = LINE('',#7162,#7163);
#7162 = CARTESIAN_POINT('',(0.654506,-108.870469,1.6));
#7163 = VECTOR('',#7164,1.);
#7164 = DIRECTION('',(-0.578673223091,0.815559501739,0.));
#7165 = PCURVE('',#90,#7166);
#7166 = DEFINITIONAL_REPRESENTATION('',(#7167),#7171);
#7167 = LINE('',#7168,#7169);
#7168 = CARTESIAN_POINT('',(36.845494,-53.870469));
#7169 = VECTOR('',#7170,1.);
#7170 = DIRECTION('',(0.578673223091,0.815559501739));
#7171 = ( GEOMETRIC_REPRESENTATION_CONTEXT(2) 
PARAMETRIC_REPRESENTATION_CONTEXT() REPRESENTATION_CONTEXT('2D SPACE',''
  ) );
#7172 = PCURVE('',#1366,#7173);
#7173 = DEFINITIONAL_REPRESENTATION('',(#7174),#7178);
#7174 = LINE('',#7175,#7176);
#7175 = CARTESIAN_POINT('',(0.,-1.6));
#7176 = VECTOR('',#7177,1.);
#7177 = DIRECTION('',(1.,0.));
#7178 = ( GEOMETRIC_REPRESENTATION_CONTEXT(2) 
PARAMETRIC_REPRESENTATION_CONTEXT() REPRESENTATION_CONTEXT('2D SPACE',''
  ) );
#7179 = ORIENTED_EDGE('',*,*,#7180,.T.);
#7180 = EDGE_CURVE('',#7158,#7181,#7183,.T.);
#7181 = VERTEX_POINT('',#7182);
#7182 = CARTESIAN_POINT('',(0.297093,-108.301651,1.6));
#7183 = SURFACE_CURVE('',#7184,(#7188,#7195),.PCURVE_S1.);
#7184 = LINE('',#7185,#7186);
#7185 = CARTESIAN_POINT('',(0.459827,-108.596096,1.6));
#7186 = VECTOR('',#7187,1.);
#7187 = DIRECTION('',(-0.483718888737,0.875223421007,0.));
#7188 = PCURVE('',#90,#7189);
#7189 = DEFINITIONAL_REPRESENTATION('',(#7190),#7194);
#7190 = LINE('',#7191,#7192);
#7191 = CARTESIAN_POINT('',(37.040173,-53.596096));
#7192 = VECTOR('',#7193,1.);
#7193 = DIRECTION('',(0.483718888737,0.875223421007));
#7194 = ( GEOMETRIC_REPRESENTATION_CONTEXT(2) 
PARAMETRIC_REPRESENTATION_CONTEXT() REPRESENTATION_CONTEXT('2D SPACE',''
  ) );
#7195 = PCURVE('',#1394,#7196);
#7196 = DEFINITIONAL_REPRESENTATION('',(#7197),#7201);
#7197 = LINE('',#7198,#7199);
#7198 = CARTESIAN_POINT('',(0.,-1.6));
#7199 = VECTOR('',#7200,1.);
#7200 = DIRECTION('',(1.,0.));
#7201 = ( GEOMETRIC_REPRESENTATION_CONTEXT(2) 
PARAMETRIC_REPRESENTATION_CONTEXT() REPRESENTATION_CONTEXT('2D SPACE',''
  ) );
#7202 = ORIENTED_EDGE('',*,*,#7203,.T.);
#7203 = EDGE_CURVE('',#7181,#7204,#7206,.T.);
#7204 = VERTEX_POINT('',#7205);
#7205 = CARTESIAN_POINT('',(0.16835,-107.990837,1.6));
#7206 = SURFACE_CURVE('',#7207,(#7211,#7218),.PCURVE_S1.);
#7207 = LINE('',#7208,#7209);
#7208 = CARTESIAN_POINT('',(0.297093,-108.301651,1.6));
#7209 = VECTOR('',#7210,1.);
#7210 = DIRECTION('',(-0.382682483027,0.92387992574,0.));
#7211 = PCURVE('',#90,#7212);
#7212 = DEFINITIONAL_REPRESENTATION('',(#7213),#7217);
#7213 = LINE('',#7214,#7215);
#7214 = CARTESIAN_POINT('',(37.202907,-53.301651));
#7215 = VECTOR('',#7216,1.);
#7216 = DIRECTION('',(0.382682483027,0.92387992574));
#7217 = ( GEOMETRIC_REPRESENTATION_CONTEXT(2) 
PARAMETRIC_REPRESENTATION_CONTEXT() REPRESENTATION_CONTEXT('2D SPACE',''
  ) );
#7218 = PCURVE('',#1422,#7219);
#7219 = DEFINITIONAL_REPRESENTATION('',(#7220),#7224);
#7220 = LINE('',#7221,#7222);
#7221 = CARTESIAN_POINT('',(0.,-1.6));
#7222 = VECTOR('',#7223,1.);
#7223 = DIRECTION('',(1.,0.));
#7224 = ( GEOMETRIC_REPRESENTATION_CONTEXT(2) 
PARAMETRIC_REPRESENTATION_CONTEXT() REPRESENTATION_CONTEXT('2D SPACE',''
  ) );
#7225 = ORIENTED_EDGE('',*,*,#7226,.T.);
#7226 = EDGE_CURVE('',#7204,#7227,#7229,.T.);
#7227 = VERTEX_POINT('',#7228);
#7228 = CARTESIAN_POINT('',(7.5216E-02,-107.667563,1.6));
#7229 = SURFACE_CURVE('',#7230,(#7234,#7241),.PCURVE_S1.);
#7230 = LINE('',#7231,#7232);
#7231 = CARTESIAN_POINT('',(0.16835,-107.990837,1.6));
#7232 = VECTOR('',#7233,1.);
#7233 = DIRECTION('',(-0.276836513242,0.960917033326,0.));
#7234 = PCURVE('',#90,#7235);
#7235 = DEFINITIONAL_REPRESENTATION('',(#7236),#7240);
#7236 = LINE('',#7237,#7238);
#7237 = CARTESIAN_POINT('',(37.33165,-52.990837));
#7238 = VECTOR('',#7239,1.);
#7239 = DIRECTION('',(0.276836513242,0.960917033326));
#7240 = ( GEOMETRIC_REPRESENTATION_CONTEXT(2) 
PARAMETRIC_REPRESENTATION_CONTEXT() REPRESENTATION_CONTEXT('2D SPACE',''
  ) );
#7241 = PCURVE('',#1450,#7242);
#7242 = DEFINITIONAL_REPRESENTATION('',(#7243),#7247);
#7243 = LINE('',#7244,#7245);
#7244 = CARTESIAN_POINT('',(0.,-1.6));
#7245 = VECTOR('',#7246,1.);
#7246 = DIRECTION('',(1.,0.));
#7247 = ( GEOMETRIC_REPRESENTATION_CONTEXT(2) 
PARAMETRIC_REPRESENTATION_CONTEXT() REPRESENTATION_CONTEXT('2D SPACE',''
  ) );
#7248 = ORIENTED_EDGE('',*,*,#7249,.T.);
#7249 = EDGE_CURVE('',#7227,#7250,#7252,.T.);
#7250 = VERTEX_POINT('',#7251);
#7251 = CARTESIAN_POINT('',(1.8863E-02,-107.335893,1.6));
#7252 = SURFACE_CURVE('',#7253,(#7257,#7264),.PCURVE_S1.);
#7253 = LINE('',#7254,#7255);
#7254 = CARTESIAN_POINT('',(7.5216E-02,-107.667563,1.6));
#7255 = VECTOR('',#7256,1.);
#7256 = DIRECTION('',(-0.167506224545,0.985871018308,0.));
#7257 = PCURVE('',#90,#7258);
#7258 = DEFINITIONAL_REPRESENTATION('',(#7259),#7263);
#7259 = LINE('',#7260,#7261);
#7260 = CARTESIAN_POINT('',(37.424784,-52.667563));
#7261 = VECTOR('',#7262,1.);
#7262 = DIRECTION('',(0.167506224545,0.985871018308));
#7263 = ( GEOMETRIC_REPRESENTATION_CONTEXT(2) 
PARAMETRIC_REPRESENTATION_CONTEXT() REPRESENTATION_CONTEXT('2D SPACE',''
  ) );
#7264 = PCURVE('',#1478,#7265);
#7265 = DEFINITIONAL_REPRESENTATION('',(#7266),#7270);
#7266 = LINE('',#7267,#7268);
#7267 = CARTESIAN_POINT('',(0.,-1.6));
#7268 = VECTOR('',#7269,1.);
#7269 = DIRECTION('',(1.,0.));
#7270 = ( GEOMETRIC_REPRESENTATION_CONTEXT(2) 
PARAMETRIC_REPRESENTATION_CONTEXT() REPRESENTATION_CONTEXT('2D SPACE',''
  ) );
#7271 = ORIENTED_EDGE('',*,*,#7272,.T.);
#7272 = EDGE_CURVE('',#7250,#7273,#7275,.T.);
#7273 = VERTEX_POINT('',#7274);
#7274 = CARTESIAN_POINT('',(0.,-107.,1.6));
#7275 = SURFACE_CURVE('',#7276,(#7280,#7287),.PCURVE_S1.);
#7276 = LINE('',#7277,#7278);
#7277 = CARTESIAN_POINT('',(1.8863E-02,-107.335893,1.6));
#7278 = VECTOR('',#7279,1.);
#7279 = DIRECTION('',(-5.606942121022E-02,0.998426872638,0.));
#7280 = PCURVE('',#90,#7281);
#7281 = DEFINITIONAL_REPRESENTATION('',(#7282),#7286);
#7282 = LINE('',#7283,#7284);
#7283 = CARTESIAN_POINT('',(37.481137,-52.335893));
#7284 = VECTOR('',#7285,1.);
#7285 = DIRECTION('',(5.606942121022E-02,0.998426872638));
#7286 = ( GEOMETRIC_REPRESENTATION_CONTEXT(2) 
PARAMETRIC_REPRESENTATION_CONTEXT() REPRESENTATION_CONTEXT('2D SPACE',''
  ) );
#7287 = PCURVE('',#1506,#7288);
#7288 = DEFINITIONAL_REPRESENTATION('',(#7289),#7293);
#7289 = LINE('',#7290,#7291);
#7290 = CARTESIAN_POINT('',(0.,-1.6));
#7291 = VECTOR('',#7292,1.);
#7292 = DIRECTION('',(1.,0.));
#7293 = ( GEOMETRIC_REPRESENTATION_CONTEXT(2) 
PARAMETRIC_REPRESENTATION_CONTEXT() REPRESENTATION_CONTEXT('2D SPACE',''
  ) );
#7294 = ORIENTED_EDGE('',*,*,#7295,.T.);
#7295 = EDGE_CURVE('',#7273,#7296,#7298,.T.);
#7296 = VERTEX_POINT('',#7297);
#7297 = CARTESIAN_POINT('',(0.,-3.,1.6));
#7298 = SURFACE_CURVE('',#7299,(#7303,#7310),.PCURVE_S1.);
#7299 = LINE('',#7300,#7301);
#7300 = CARTESIAN_POINT('',(0.,-107.,1.6));
#7301 = VECTOR('',#7302,1.);
#7302 = DIRECTION('',(0.,1.,0.));
#7303 = PCURVE('',#90,#7304);
#7304 = DEFINITIONAL_REPRESENTATION('',(#7305),#7309);
#7305 = LINE('',#7306,#7307);
#7306 = CARTESIAN_POINT('',(37.5,-52.));
#7307 = VECTOR('',#7308,1.);
#7308 = DIRECTION('',(0.,1.));
#7309 = ( GEOMETRIC_REPRESENTATION_CONTEXT(2) 
PARAMETRIC_REPRESENTATION_CONTEXT() REPRESENTATION_CONTEXT('2D SPACE',''
  ) );
#7310 = PCURVE('',#1534,#7311);
#7311 = DEFINITIONAL_REPRESENTATION('',(#7312),#7316);
#7312 = LINE('',#7313,#7314);
#7313 = CARTESIAN_POINT('',(0.,-1.6));
#7314 = VECTOR('',#7315,1.);
#7315 = DIRECTION('',(1.,0.));
#7316 = ( GEOMETRIC_REPRESENTATION_CONTEXT(2) 
PARAMETRIC_REPRESENTATION_CONTEXT() REPRESENTATION_CONTEXT('2D SPACE',''
  ) );
#7317 = ORIENTED_EDGE('',*,*,#7318,.T.);
#7318 = EDGE_CURVE('',#7296,#7319,#7321,.T.);
#7319 = VERTEX_POINT('',#7320);
#7320 = CARTESIAN_POINT('',(1.8863E-02,-2.664107,1.6));
#7321 = SURFACE_CURVE('',#7322,(#7326,#7333),.PCURVE_S1.);
#7322 = LINE('',#7323,#7324);
#7323 = CARTESIAN_POINT('',(0.,-3.,1.6));
#7324 = VECTOR('',#7325,1.);
#7325 = DIRECTION('',(5.606942121022E-02,0.998426872638,0.));
#7326 = PCURVE('',#90,#7327);
#7327 = DEFINITIONAL_REPRESENTATION('',(#7328),#7332);
#7328 = LINE('',#7329,#7330);
#7329 = CARTESIAN_POINT('',(37.5,52.));
#7330 = VECTOR('',#7331,1.);
#7331 = DIRECTION('',(-5.606942121022E-02,0.998426872638));
#7332 = ( GEOMETRIC_REPRESENTATION_CONTEXT(2) 
PARAMETRIC_REPRESENTATION_CONTEXT() REPRESENTATION_CONTEXT('2D SPACE',''
  ) );
#7333 = PCURVE('',#1562,#7334);
#7334 = DEFINITIONAL_REPRESENTATION('',(#7335),#7339);
#7335 = LINE('',#7336,#7337);
#7336 = CARTESIAN_POINT('',(0.,-1.6));
#7337 = VECTOR('',#7338,1.);
#7338 = DIRECTION('',(1.,0.));
#7339 = ( GEOMETRIC_REPRESENTATION_CONTEXT(2) 
PARAMETRIC_REPRESENTATION_CONTEXT() REPRESENTATION_CONTEXT('2D SPACE',''
  ) );
#7340 = ORIENTED_EDGE('',*,*,#7341,.T.);
#7341 = EDGE_CURVE('',#7319,#7342,#7344,.T.);
#7342 = VERTEX_POINT('',#7343);
#7343 = CARTESIAN_POINT('',(7.5216E-02,-2.332437,1.6));
#7344 = SURFACE_CURVE('',#7345,(#7349,#7356),.PCURVE_S1.);
#7345 = LINE('',#7346,#7347);
#7346 = CARTESIAN_POINT('',(1.8863E-02,-2.664107,1.6));
#7347 = VECTOR('',#7348,1.);
#7348 = DIRECTION('',(0.167506224545,0.985871018308,0.));
#7349 = PCURVE('',#90,#7350);
#7350 = DEFINITIONAL_REPRESENTATION('',(#7351),#7355);
#7351 = LINE('',#7352,#7353);
#7352 = CARTESIAN_POINT('',(37.481137,52.335893));
#7353 = VECTOR('',#7354,1.);
#7354 = DIRECTION('',(-0.167506224545,0.985871018308));
#7355 = ( GEOMETRIC_REPRESENTATION_CONTEXT(2) 
PARAMETRIC_REPRESENTATION_CONTEXT() REPRESENTATION_CONTEXT('2D SPACE',''
  ) );
#7356 = PCURVE('',#1590,#7357);
#7357 = DEFINITIONAL_REPRESENTATION('',(#7358),#7362);
#7358 = LINE('',#7359,#7360);
#7359 = CARTESIAN_POINT('',(0.,-1.6));
#7360 = VECTOR('',#7361,1.);
#7361 = DIRECTION('',(1.,0.));
#7362 = ( GEOMETRIC_REPRESENTATION_CONTEXT(2) 
PARAMETRIC_REPRESENTATION_CONTEXT() REPRESENTATION_CONTEXT('2D SPACE',''
  ) );
#7363 = ORIENTED_EDGE('',*,*,#7364,.T.);
#7364 = EDGE_CURVE('',#7342,#7365,#7367,.T.);
#7365 = VERTEX_POINT('',#7366);
#7366 = CARTESIAN_POINT('',(0.16835,-2.009163,1.6));
#7367 = SURFACE_CURVE('',#7368,(#7372,#7379),.PCURVE_S1.);
#7368 = LINE('',#7369,#7370);
#7369 = CARTESIAN_POINT('',(7.5216E-02,-2.332437,1.6));
#7370 = VECTOR('',#7371,1.);
#7371 = DIRECTION('',(0.276836513242,0.960917033326,0.));
#7372 = PCURVE('',#90,#7373);
#7373 = DEFINITIONAL_REPRESENTATION('',(#7374),#7378);
#7374 = LINE('',#7375,#7376);
#7375 = CARTESIAN_POINT('',(37.424784,52.667563));
#7376 = VECTOR('',#7377,1.);
#7377 = DIRECTION('',(-0.276836513242,0.960917033326));
#7378 = ( GEOMETRIC_REPRESENTATION_CONTEXT(2) 
PARAMETRIC_REPRESENTATION_CONTEXT() REPRESENTATION_CONTEXT('2D SPACE',''
  ) );
#7379 = PCURVE('',#1618,#7380);
#7380 = DEFINITIONAL_REPRESENTATION('',(#7381),#7385);
#7381 = LINE('',#7382,#7383);
#7382 = CARTESIAN_POINT('',(0.,-1.6));
#7383 = VECTOR('',#7384,1.);
#7384 = DIRECTION('',(1.,0.));
#7385 = ( GEOMETRIC_REPRESENTATION_CONTEXT(2) 
PARAMETRIC_REPRESENTATION_CONTEXT() REPRESENTATION_CONTEXT('2D SPACE',''
  ) );
#7386 = ORIENTED_EDGE('',*,*,#7387,.T.);
#7387 = EDGE_CURVE('',#7365,#7388,#7390,.T.);
#7388 = VERTEX_POINT('',#7389);
#7389 = CARTESIAN_POINT('',(0.297093,-1.698349,1.6));
#7390 = SURFACE_CURVE('',#7391,(#7395,#7402),.PCURVE_S1.);
#7391 = LINE('',#7392,#7393);
#7392 = CARTESIAN_POINT('',(0.16835,-2.009163,1.6));
#7393 = VECTOR('',#7394,1.);
#7394 = DIRECTION('',(0.382682483027,0.92387992574,0.));
#7395 = PCURVE('',#90,#7396);
#7396 = DEFINITIONAL_REPRESENTATION('',(#7397),#7401);
#7397 = LINE('',#7398,#7399);
#7398 = CARTESIAN_POINT('',(37.33165,52.990837));
#7399 = VECTOR('',#7400,1.);
#7400 = DIRECTION('',(-0.382682483027,0.92387992574));
#7401 = ( GEOMETRIC_REPRESENTATION_CONTEXT(2) 
PARAMETRIC_REPRESENTATION_CONTEXT() REPRESENTATION_CONTEXT('2D SPACE',''
  ) );
#7402 = PCURVE('',#1646,#7403);
#7403 = DEFINITIONAL_REPRESENTATION('',(#7404),#7408);
#7404 = LINE('',#7405,#7406);
#7405 = CARTESIAN_POINT('',(0.,-1.6));
#7406 = VECTOR('',#7407,1.);
#7407 = DIRECTION('',(1.,0.));
#7408 = ( GEOMETRIC_REPRESENTATION_CONTEXT(2) 
PARAMETRIC_REPRESENTATION_CONTEXT() REPRESENTATION_CONTEXT('2D SPACE',''
  ) );
#7409 = ORIENTED_EDGE('',*,*,#7410,.T.);
#7410 = EDGE_CURVE('',#7388,#7411,#7413,.T.);
#7411 = VERTEX_POINT('',#7412);
#7412 = CARTESIAN_POINT('',(0.459827,-1.403904,1.6));
#7413 = SURFACE_CURVE('',#7414,(#7418,#7425),.PCURVE_S1.);
#7414 = LINE('',#7415,#7416);
#7415 = CARTESIAN_POINT('',(0.297093,-1.698349,1.6));
#7416 = VECTOR('',#7417,1.);
#7417 = DIRECTION('',(0.483718888737,0.875223421007,0.));
#7418 = PCURVE('',#90,#7419);
#7419 = DEFINITIONAL_REPRESENTATION('',(#7420),#7424);
#7420 = LINE('',#7421,#7422);
#7421 = CARTESIAN_POINT('',(37.202907,53.301651));
#7422 = VECTOR('',#7423,1.);
#7423 = DIRECTION('',(-0.483718888737,0.875223421007));
#7424 = ( GEOMETRIC_REPRESENTATION_CONTEXT(2) 
PARAMETRIC_REPRESENTATION_CONTEXT() REPRESENTATION_CONTEXT('2D SPACE',''
  ) );
#7425 = PCURVE('',#1674,#7426);
#7426 = DEFINITIONAL_REPRESENTATION('',(#7427),#7431);
#7427 = LINE('',#7428,#7429);
#7428 = CARTESIAN_POINT('',(0.,-1.6));
#7429 = VECTOR('',#7430,1.);
#7430 = DIRECTION('',(1.,0.));
#7431 = ( GEOMETRIC_REPRESENTATION_CONTEXT(2) 
PARAMETRIC_REPRESENTATION_CONTEXT() REPRESENTATION_CONTEXT('2D SPACE',''
  ) );
#7432 = ORIENTED_EDGE('',*,*,#7433,.T.);
#7433 = EDGE_CURVE('',#7411,#7434,#7436,.T.);
#7434 = VERTEX_POINT('',#7435);
#7435 = CARTESIAN_POINT('',(0.654506,-1.129531,1.6));
#7436 = SURFACE_CURVE('',#7437,(#7441,#7448),.PCURVE_S1.);
#7437 = LINE('',#7438,#7439);
#7438 = CARTESIAN_POINT('',(0.459827,-1.403904,1.6));
#7439 = VECTOR('',#7440,1.);
#7440 = DIRECTION('',(0.578673223091,0.815559501739,0.));
#7441 = PCURVE('',#90,#7442);
#7442 = DEFINITIONAL_REPRESENTATION('',(#7443),#7447);
#7443 = LINE('',#7444,#7445);
#7444 = CARTESIAN_POINT('',(37.040173,53.596096));
#7445 = VECTOR('',#7446,1.);
#7446 = DIRECTION('',(-0.578673223091,0.815559501739));
#7447 = ( GEOMETRIC_REPRESENTATION_CONTEXT(2) 
PARAMETRIC_REPRESENTATION_CONTEXT() REPRESENTATION_CONTEXT('2D SPACE',''
  ) );
#7448 = PCURVE('',#1702,#7449);
#7449 = DEFINITIONAL_REPRESENTATION('',(#7450),#7454);
#7450 = LINE('',#7451,#7452);
#7451 = CARTESIAN_POINT('',(0.,-1.6));
#7452 = VECTOR('',#7453,1.);
#7453 = DIRECTION('',(1.,0.));
#7454 = ( GEOMETRIC_REPRESENTATION_CONTEXT(2) 
PARAMETRIC_REPRESENTATION_CONTEXT() REPRESENTATION_CONTEXT('2D SPACE',''
  ) );
#7455 = ORIENTED_EDGE('',*,*,#7456,.T.);
#7456 = EDGE_CURVE('',#7434,#7457,#7459,.T.);
#7457 = VERTEX_POINT('',#7458);
#7458 = CARTESIAN_POINT('',(0.87868,-0.87868,1.6));
#7459 = SURFACE_CURVE('',#7460,(#7464,#7471),.PCURVE_S1.);
#7460 = LINE('',#7461,#7462);
#7461 = CARTESIAN_POINT('',(0.654506,-1.129531,1.6));
#7462 = VECTOR('',#7463,1.);
#7463 = DIRECTION('',(0.666346314744,0.7456424001,0.));
#7464 = PCURVE('',#90,#7465);
#7465 = DEFINITIONAL_REPRESENTATION('',(#7466),#7470);
#7466 = LINE('',#7467,#7468);
#7467 = CARTESIAN_POINT('',(36.845494,53.870469));
#7468 = VECTOR('',#7469,1.);
#7469 = DIRECTION('',(-0.666346314744,0.7456424001));
#7470 = ( GEOMETRIC_REPRESENTATION_CONTEXT(2) 
PARAMETRIC_REPRESENTATION_CONTEXT() REPRESENTATION_CONTEXT('2D SPACE',''
  ) );
#7471 = PCURVE('',#1730,#7472);
#7472 = DEFINITIONAL_REPRESENTATION('',(#7473),#7477);
#7473 = LINE('',#7474,#7475);
#7474 = CARTESIAN_POINT('',(0.,-1.6));
#7475 = VECTOR('',#7476,1.);
#7476 = DIRECTION('',(1.,0.));
#7477 = ( GEOMETRIC_REPRESENTATION_CONTEXT(2) 
PARAMETRIC_REPRESENTATION_CONTEXT() REPRESENTATION_CONTEXT('2D SPACE',''
  ) );
#7478 = ORIENTED_EDGE('',*,*,#7479,.T.);
#7479 = EDGE_CURVE('',#7457,#7480,#7482,.T.);
#7480 = VERTEX_POINT('',#7481);
#7481 = CARTESIAN_POINT('',(1.129531,-0.654506,1.6));
#7482 = SURFACE_CURVE('',#7483,(#7487,#7494),.PCURVE_S1.);
#7483 = LINE('',#7484,#7485);
#7484 = CARTESIAN_POINT('',(0.87868,-0.87868,1.6));
#7485 = VECTOR('',#7486,1.);
#7486 = DIRECTION('',(0.7456424001,0.666346314744,0.));
#7487 = PCURVE('',#90,#7488);
#7488 = DEFINITIONAL_REPRESENTATION('',(#7489),#7493);
#7489 = LINE('',#7490,#7491);
#7490 = CARTESIAN_POINT('',(36.62132,54.12132));
#7491 = VECTOR('',#7492,1.);
#7492 = DIRECTION('',(-0.7456424001,0.666346314744));
#7493 = ( GEOMETRIC_REPRESENTATION_CONTEXT(2) 
PARAMETRIC_REPRESENTATION_CONTEXT() REPRESENTATION_CONTEXT('2D SPACE',''
  ) );
#7494 = PCURVE('',#1758,#7495);
#7495 = DEFINITIONAL_REPRESENTATION('',(#7496),#7500);
#7496 = LINE('',#7497,#7498);
#7497 = CARTESIAN_POINT('',(0.,-1.6));
#7498 = VECTOR('',#7499,1.);
#7499 = DIRECTION('',(1.,0.));
#7500 = ( GEOMETRIC_REPRESENTATION_CONTEXT(2) 
PARAMETRIC_REPRESENTATION_CONTEXT() REPRESENTATION_CONTEXT('2D SPACE',''
  ) );
#7501 = ORIENTED_EDGE('',*,*,#7502,.T.);
#7502 = EDGE_CURVE('',#7480,#7503,#7505,.T.);
#7503 = VERTEX_POINT('',#7504);
#7504 = CARTESIAN_POINT('',(1.403904,-0.459827,1.6));
#7505 = SURFACE_CURVE('',#7506,(#7510,#7517),.PCURVE_S1.);
#7506 = LINE('',#7507,#7508);
#7507 = CARTESIAN_POINT('',(1.129531,-0.654506,1.6));
#7508 = VECTOR('',#7509,1.);
#7509 = DIRECTION('',(0.815559501739,0.578673223091,0.));
#7510 = PCURVE('',#90,#7511);
#7511 = DEFINITIONAL_REPRESENTATION('',(#7512),#7516);
#7512 = LINE('',#7513,#7514);
#7513 = CARTESIAN_POINT('',(36.370469,54.345494));
#7514 = VECTOR('',#7515,1.);
#7515 = DIRECTION('',(-0.815559501739,0.578673223091));
#7516 = ( GEOMETRIC_REPRESENTATION_CONTEXT(2) 
PARAMETRIC_REPRESENTATION_CONTEXT() REPRESENTATION_CONTEXT('2D SPACE',''
  ) );
#7517 = PCURVE('',#1786,#7518);
#7518 = DEFINITIONAL_REPRESENTATION('',(#7519),#7523);
#7519 = LINE('',#7520,#7521);
#7520 = CARTESIAN_POINT('',(0.,-1.6));
#7521 = VECTOR('',#7522,1.);
#7522 = DIRECTION('',(1.,0.));
#7523 = ( GEOMETRIC_REPRESENTATION_CONTEXT(2) 
PARAMETRIC_REPRESENTATION_CONTEXT() REPRESENTATION_CONTEXT('2D SPACE',''
  ) );
#7524 = ORIENTED_EDGE('',*,*,#7525,.T.);
#7525 = EDGE_CURVE('',#7503,#7526,#7528,.T.);
#7526 = VERTEX_POINT('',#7527);
#7527 = CARTESIAN_POINT('',(1.698349,-0.297093,1.6));
#7528 = SURFACE_CURVE('',#7529,(#7533,#7540),.PCURVE_S1.);
#7529 = LINE('',#7530,#7531);
#7530 = CARTESIAN_POINT('',(1.403904,-0.459827,1.6));
#7531 = VECTOR('',#7532,1.);
#7532 = DIRECTION('',(0.875223421007,0.483718888737,0.));
#7533 = PCURVE('',#90,#7534);
#7534 = DEFINITIONAL_REPRESENTATION('',(#7535),#7539);
#7535 = LINE('',#7536,#7537);
#7536 = CARTESIAN_POINT('',(36.096096,54.540173));
#7537 = VECTOR('',#7538,1.);
#7538 = DIRECTION('',(-0.875223421007,0.483718888737));
#7539 = ( GEOMETRIC_REPRESENTATION_CONTEXT(2) 
PARAMETRIC_REPRESENTATION_CONTEXT() REPRESENTATION_CONTEXT('2D SPACE',''
  ) );
#7540 = PCURVE('',#1814,#7541);
#7541 = DEFINITIONAL_REPRESENTATION('',(#7542),#7546);
#7542 = LINE('',#7543,#7544);
#7543 = CARTESIAN_POINT('',(0.,-1.6));
#7544 = VECTOR('',#7545,1.);
#7545 = DIRECTION('',(1.,0.));
#7546 = ( GEOMETRIC_REPRESENTATION_CONTEXT(2) 
PARAMETRIC_REPRESENTATION_CONTEXT() REPRESENTATION_CONTEXT('2D SPACE',''
  ) );
#7547 = ORIENTED_EDGE('',*,*,#7548,.T.);
#7548 = EDGE_CURVE('',#7526,#7549,#7551,.T.);
#7549 = VERTEX_POINT('',#7550);
#7550 = CARTESIAN_POINT('',(2.009163,-0.16835,1.6));
#7551 = SURFACE_CURVE('',#7552,(#7556,#7563),.PCURVE_S1.);
#7552 = LINE('',#7553,#7554);
#7553 = CARTESIAN_POINT('',(1.698349,-0.297093,1.6));
#7554 = VECTOR('',#7555,1.);
#7555 = DIRECTION('',(0.92387992574,0.382682483027,0.));
#7556 = PCURVE('',#90,#7557);
#7557 = DEFINITIONAL_REPRESENTATION('',(#7558),#7562);
#7558 = LINE('',#7559,#7560);
#7559 = CARTESIAN_POINT('',(35.801651,54.702907));
#7560 = VECTOR('',#7561,1.);
#7561 = DIRECTION('',(-0.92387992574,0.382682483027));
#7562 = ( GEOMETRIC_REPRESENTATION_CONTEXT(2) 
PARAMETRIC_REPRESENTATION_CONTEXT() REPRESENTATION_CONTEXT('2D SPACE',''
  ) );
#7563 = PCURVE('',#1842,#7564);
#7564 = DEFINITIONAL_REPRESENTATION('',(#7565),#7569);
#7565 = LINE('',#7566,#7567);
#7566 = CARTESIAN_POINT('',(0.,-1.6));
#7567 = VECTOR('',#7568,1.);
#7568 = DIRECTION('',(1.,0.));
#7569 = ( GEOMETRIC_REPRESENTATION_CONTEXT(2) 
PARAMETRIC_REPRESENTATION_CONTEXT() REPRESENTATION_CONTEXT('2D SPACE',''
  ) );
#7570 = ORIENTED_EDGE('',*,*,#7571,.T.);
#7571 = EDGE_CURVE('',#7549,#7572,#7574,.T.);
#7572 = VERTEX_POINT('',#7573);
#7573 = CARTESIAN_POINT('',(2.332437,-7.5216E-02,1.6));
#7574 = SURFACE_CURVE('',#7575,(#7579,#7586),.PCURVE_S1.);
#7575 = LINE('',#7576,#7577);
#7576 = CARTESIAN_POINT('',(2.009163,-0.16835,1.6));
#7577 = VECTOR('',#7578,1.);
#7578 = DIRECTION('',(0.960917033326,0.276836513242,0.));
#7579 = PCURVE('',#90,#7580);
#7580 = DEFINITIONAL_REPRESENTATION('',(#7581),#7585);
#7581 = LINE('',#7582,#7583);
#7582 = CARTESIAN_POINT('',(35.490837,54.83165));
#7583 = VECTOR('',#7584,1.);
#7584 = DIRECTION('',(-0.960917033326,0.276836513242));
#7585 = ( GEOMETRIC_REPRESENTATION_CONTEXT(2) 
PARAMETRIC_REPRESENTATION_CONTEXT() REPRESENTATION_CONTEXT('2D SPACE',''
  ) );
#7586 = PCURVE('',#1870,#7587);
#7587 = DEFINITIONAL_REPRESENTATION('',(#7588),#7592);
#7588 = LINE('',#7589,#7590);
#7589 = CARTESIAN_POINT('',(0.,-1.6));
#7590 = VECTOR('',#7591,1.);
#7591 = DIRECTION('',(1.,0.));
#7592 = ( GEOMETRIC_REPRESENTATION_CONTEXT(2) 
PARAMETRIC_REPRESENTATION_CONTEXT() REPRESENTATION_CONTEXT('2D SPACE',''
  ) );
#7593 = ORIENTED_EDGE('',*,*,#7594,.T.);
#7594 = EDGE_CURVE('',#7572,#7595,#7597,.T.);
#7595 = VERTEX_POINT('',#7596);
#7596 = CARTESIAN_POINT('',(2.664107,-1.8863E-02,1.6));
#7597 = SURFACE_CURVE('',#7598,(#7602,#7609),.PCURVE_S1.);
#7598 = LINE('',#7599,#7600);
#7599 = CARTESIAN_POINT('',(2.332437,-7.5216E-02,1.6));
#7600 = VECTOR('',#7601,1.);
#7601 = DIRECTION('',(0.985871018308,0.167506224545,0.));
#7602 = PCURVE('',#90,#7603);
#7603 = DEFINITIONAL_REPRESENTATION('',(#7604),#7608);
#7604 = LINE('',#7605,#7606);
#7605 = CARTESIAN_POINT('',(35.167563,54.924784));
#7606 = VECTOR('',#7607,1.);
#7607 = DIRECTION('',(-0.985871018308,0.167506224545));
#7608 = ( GEOMETRIC_REPRESENTATION_CONTEXT(2) 
PARAMETRIC_REPRESENTATION_CONTEXT() REPRESENTATION_CONTEXT('2D SPACE',''
  ) );
#7609 = PCURVE('',#1898,#7610);
#7610 = DEFINITIONAL_REPRESENTATION('',(#7611),#7615);
#7611 = LINE('',#7612,#7613);
#7612 = CARTESIAN_POINT('',(0.,-1.6));
#7613 = VECTOR('',#7614,1.);
#7614 = DIRECTION('',(1.,0.));
#7615 = ( GEOMETRIC_REPRESENTATION_CONTEXT(2) 
PARAMETRIC_REPRESENTATION_CONTEXT() REPRESENTATION_CONTEXT('2D SPACE',''
  ) );
#7616 = ORIENTED_EDGE('',*,*,#7617,.T.);
#7617 = EDGE_CURVE('',#7595,#7618,#7620,.T.);
#7618 = VERTEX_POINT('',#7619);
#7619 = CARTESIAN_POINT('',(3.,0.,1.6));
#7620 = SURFACE_CURVE('',#7621,(#7625,#7632),.PCURVE_S1.);
#7621 = LINE('',#7622,#7623);
#7622 = CARTESIAN_POINT('',(2.664107,-1.8863E-02,1.6));
#7623 = VECTOR('',#7624,1.);
#7624 = DIRECTION('',(0.998426872638,5.606942121022E-02,0.));
#7625 = PCURVE('',#90,#7626);
#7626 = DEFINITIONAL_REPRESENTATION('',(#7627),#7631);
#7627 = LINE('',#7628,#7629);
#7628 = CARTESIAN_POINT('',(34.835893,54.981137));
#7629 = VECTOR('',#7630,1.);
#7630 = DIRECTION('',(-0.998426872638,5.606942121022E-02));
#7631 = ( GEOMETRIC_REPRESENTATION_CONTEXT(2) 
PARAMETRIC_REPRESENTATION_CONTEXT() REPRESENTATION_CONTEXT('2D SPACE',''
  ) );
#7632 = PCURVE('',#1926,#7633);
#7633 = DEFINITIONAL_REPRESENTATION('',(#7634),#7638);
#7634 = LINE('',#7635,#7636);
#7635 = CARTESIAN_POINT('',(0.,-1.6));
#7636 = VECTOR('',#7637,1.);
#7637 = DIRECTION('',(1.,0.));
#7638 = ( GEOMETRIC_REPRESENTATION_CONTEXT(2) 
PARAMETRIC_REPRESENTATION_CONTEXT() REPRESENTATION_CONTEXT('2D SPACE',''
  ) );
#7639 = ORIENTED_EDGE('',*,*,#7640,.T.);
#7640 = EDGE_CURVE('',#7618,#162,#7641,.T.);
#7641 = SURFACE_CURVE('',#7642,(#7646,#7653),.PCURVE_S1.);
#7642 = LINE('',#7643,#7644);
#7643 = CARTESIAN_POINT('',(3.,0.,1.6));
#7644 = VECTOR('',#7645,1.);
#7645 = DIRECTION('',(1.,0.,0.));
#7646 = PCURVE('',#90,#7647);
#7647 = DEFINITIONAL_REPRESENTATION('',(#7648),#7652);
#7648 = LINE('',#7649,#7650);
#7649 = CARTESIAN_POINT('',(34.5,55.));
#7650 = VECTOR('',#7651,1.);
#7651 = DIRECTION('',(-1.,0.));
#7652 = ( GEOMETRIC_REPRESENTATION_CONTEXT(2) 
PARAMETRIC_REPRESENTATION_CONTEXT() REPRESENTATION_CONTEXT('2D SPACE',''
  ) );
#7653 = PCURVE('',#177,#7654);
#7654 = DEFINITIONAL_REPRESENTATION('',(#7655),#7659);
#7655 = LINE('',#7656,#7657);
#7656 = CARTESIAN_POINT('',(0.,-1.6));
#7657 = VECTOR('',#7658,1.);
#7658 = DIRECTION('',(1.,0.));
#7659 = ( GEOMETRIC_REPRESENTATION_CONTEXT(2) 
PARAMETRIC_REPRESENTATION_CONTEXT() REPRESENTATION_CONTEXT('2D SPACE',''
  ) );
#7660 = FACE_BOUND('',#7661,.F.);
#7661 = EDGE_LOOP('',(#7662));
#7662 = ORIENTED_EDGE('',*,*,#7663,.T.);
#7663 = EDGE_CURVE('',#7664,#7664,#7666,.T.);
#7664 = VERTEX_POINT('',#7665);
#7665 = CARTESIAN_POINT('',(72.6,-106.,1.6));
#7666 = SURFACE_CURVE('',#7667,(#7672,#7683),.PCURVE_S1.);
#7667 = CIRCLE('',#7668,1.6);
#7668 = AXIS2_PLACEMENT_3D('',#7669,#7670,#7671);
#7669 = CARTESIAN_POINT('',(71.,-106.,1.6));
#7670 = DIRECTION('',(0.,0.,1.));
#7671 = DIRECTION('',(1.,0.,-0.));
#7672 = PCURVE('',#90,#7673);
#7673 = DEFINITIONAL_REPRESENTATION('',(#7674),#7682);
#7674 = ( BOUNDED_CURVE() B_SPLINE_CURVE(2,(#7675,#7676,#7677,#7678,
#7679,#7680,#7681),.UNSPECIFIED.,.T.,.F.) B_SPLINE_CURVE_WITH_KNOTS((1,2
    ,2,2,2,1),(-2.094395102393,0.,2.094395102393,4.188790204786,
6.28318530718,8.377580409573),.UNSPECIFIED.) CURVE() 
GEOMETRIC_REPRESENTATION_ITEM() RATIONAL_B_SPLINE_CURVE((1.,0.5,1.,0.5,
1.,0.5,1.)) REPRESENTATION_ITEM('') );
#7675 = CARTESIAN_POINT('',(-35.1,-51.));
#7676 = CARTESIAN_POINT('',(-35.1,-48.22871870789));
#7677 = CARTESIAN_POINT('',(-32.7,-49.61435935394));
#7678 = CARTESIAN_POINT('',(-30.3,-51.));
#7679 = CARTESIAN_POINT('',(-32.7,-52.38564064605));
#7680 = CARTESIAN_POINT('',(-35.1,-53.77128129211));
#7681 = CARTESIAN_POINT('',(-35.1,-51.));
#7682 = ( GEOMETRIC_REPRESENTATION_CONTEXT(2) 
PARAMETRIC_REPRESENTATION_CONTEXT() REPRESENTATION_CONTEXT('2D SPACE',''
  ) );
#7683 = PCURVE('',#1982,#7684);
#7684 = DEFINITIONAL_REPRESENTATION('',(#7685),#7689);
#7685 = LINE('',#7686,#7687);
#7686 = CARTESIAN_POINT('',(0.,1.61));
#7687 = VECTOR('',#7688,1.);
#7688 = DIRECTION('',(1.,0.));
#7689 = ( GEOMETRIC_REPRESENTATION_CONTEXT(2) 
PARAMETRIC_REPRESENTATION_CONTEXT() REPRESENTATION_CONTEXT('2D SPACE',''
  ) );
#7690 = FACE_BOUND('',#7691,.F.);
#7691 = EDGE_LOOP('',(#7692));
#7692 = ORIENTED_EDGE('',*,*,#7693,.T.);
#7693 = EDGE_CURVE('',#7694,#7694,#7696,.T.);
#7694 = VERTEX_POINT('',#7695);
#7695 = CARTESIAN_POINT('',(68.66,-101.025,1.6));
#7696 = SURFACE_CURVE('',#7697,(#7702,#7713),.PCURVE_S1.);
#7697 = CIRCLE('',#7698,0.66);
#7698 = AXIS2_PLACEMENT_3D('',#7699,#7700,#7701);
#7699 = CARTESIAN_POINT('',(68.,-101.025,1.6));
#7700 = DIRECTION('',(0.,0.,1.));
#7701 = DIRECTION('',(1.,0.,-0.));
#7702 = PCURVE('',#90,#7703);
#7703 = DEFINITIONAL_REPRESENTATION('',(#7704),#7712);
#7704 = ( BOUNDED_CURVE() B_SPLINE_CURVE(2,(#7705,#7706,#7707,#7708,
#7709,#7710,#7711),.UNSPECIFIED.,.T.,.F.) B_SPLINE_CURVE_WITH_KNOTS((1,2
    ,2,2,2,1),(-2.094395102393,0.,2.094395102393,4.188790204786,
6.28318530718,8.377580409573),.UNSPECIFIED.) CURVE() 
GEOMETRIC_REPRESENTATION_ITEM() RATIONAL_B_SPLINE_CURVE((1.,0.5,1.,0.5,
1.,0.5,1.)) REPRESENTATION_ITEM('') );
#7705 = CARTESIAN_POINT('',(-31.16,-46.025));
#7706 = CARTESIAN_POINT('',(-31.16,-44.881846467));
#7707 = CARTESIAN_POINT('',(-30.17,-45.4534232335));
#7708 = CARTESIAN_POINT('',(-29.18,-46.025));
#7709 = CARTESIAN_POINT('',(-30.17,-46.59657676649));
#7710 = CARTESIAN_POINT('',(-31.16,-47.16815353299));
#7711 = CARTESIAN_POINT('',(-31.16,-46.025));
#7712 = ( GEOMETRIC_REPRESENTATION_CONTEXT(2) 
PARAMETRIC_REPRESENTATION_CONTEXT() REPRESENTATION_CONTEXT('2D SPACE',''
  ) );
#7713 = PCURVE('',#2017,#7714);
#7714 = DEFINITIONAL_REPRESENTATION('',(#7715),#7719);
#7715 = LINE('',#7716,#7717);
#7716 = CARTESIAN_POINT('',(0.,1.61));
#7717 = VECTOR('',#7718,1.);
#7718 = DIRECTION('',(1.,0.));
#7719 = ( GEOMETRIC_REPRESENTATION_CONTEXT(2) 
PARAMETRIC_REPRESENTATION_CONTEXT() REPRESENTATION_CONTEXT('2D SPACE',''
  ) );
#7720 = FACE_BOUND('',#7721,.F.);
#7721 = EDGE_LOOP('',(#7722));
#7722 = ORIENTED_EDGE('',*,*,#7723,.T.);
#7723 = EDGE_CURVE('',#7724,#7724,#7726,.T.);
#7724 = VERTEX_POINT('',#7725);
#7725 = CARTESIAN_POINT('',(68.66,-96.025,1.6));
#7726 = SURFACE_CURVE('',#7727,(#7732,#7743),.PCURVE_S1.);
#7727 = CIRCLE('',#7728,0.66);
#7728 = AXIS2_PLACEMENT_3D('',#7729,#7730,#7731);
#7729 = CARTESIAN_POINT('',(68.,-96.025,1.6));
#7730 = DIRECTION('',(0.,0.,1.));
#7731 = DIRECTION('',(1.,0.,-0.));
#7732 = PCURVE('',#90,#7733);
#7733 = DEFINITIONAL_REPRESENTATION('',(#7734),#7742);
#7734 = ( BOUNDED_CURVE() B_SPLINE_CURVE(2,(#7735,#7736,#7737,#7738,
#7739,#7740,#7741),.UNSPECIFIED.,.T.,.F.) B_SPLINE_CURVE_WITH_KNOTS((1,2
    ,2,2,2,1),(-2.094395102393,0.,2.094395102393,4.188790204786,
6.28318530718,8.377580409573),.UNSPECIFIED.) CURVE() 
GEOMETRIC_REPRESENTATION_ITEM() RATIONAL_B_SPLINE_CURVE((1.,0.5,1.,0.5,
1.,0.5,1.)) REPRESENTATION_ITEM('') );
#7735 = CARTESIAN_POINT('',(-31.16,-41.025));
#7736 = CARTESIAN_POINT('',(-31.16,-39.881846467));
#7737 = CARTESIAN_POINT('',(-30.17,-40.4534232335));
#7738 = CARTESIAN_POINT('',(-29.18,-41.025));
#7739 = CARTESIAN_POINT('',(-30.17,-41.59657676649));
#7740 = CARTESIAN_POINT('',(-31.16,-42.16815353299));
#7741 = CARTESIAN_POINT('',(-31.16,-41.025));
#7742 = ( GEOMETRIC_REPRESENTATION_CONTEXT(2) 
PARAMETRIC_REPRESENTATION_CONTEXT() REPRESENTATION_CONTEXT('2D SPACE',''
  ) );
#7743 = PCURVE('',#2052,#7744);
#7744 = DEFINITIONAL_REPRESENTATION('',(#7745),#7749);
#7745 = LINE('',#7746,#7747);
#7746 = CARTESIAN_POINT('',(0.,1.61));
#7747 = VECTOR('',#7748,1.);
#7748 = DIRECTION('',(1.,0.));
#7749 = ( GEOMETRIC_REPRESENTATION_CONTEXT(2) 
PARAMETRIC_REPRESENTATION_CONTEXT() REPRESENTATION_CONTEXT('2D SPACE',''
  ) );
#7750 = FACE_BOUND('',#7751,.F.);
#7751 = EDGE_LOOP('',(#7752));
#7752 = ORIENTED_EDGE('',*,*,#7753,.T.);
#7753 = EDGE_CURVE('',#7754,#7754,#7756,.T.);
#7754 = VERTEX_POINT('',#7755);
#7755 = CARTESIAN_POINT('',(60.65,-105.,1.6));
#7756 = SURFACE_CURVE('',#7757,(#7762,#7773),.PCURVE_S1.);
#7757 = CIRCLE('',#7758,0.65);
#7758 = AXIS2_PLACEMENT_3D('',#7759,#7760,#7761);
#7759 = CARTESIAN_POINT('',(60.,-105.,1.6));
#7760 = DIRECTION('',(0.,0.,1.));
#7761 = DIRECTION('',(1.,0.,-0.));
#7762 = PCURVE('',#90,#7763);
#7763 = DEFINITIONAL_REPRESENTATION('',(#7764),#7772);
#7764 = ( BOUNDED_CURVE() B_SPLINE_CURVE(2,(#7765,#7766,#7767,#7768,
#7769,#7770,#7771),.UNSPECIFIED.,.T.,.F.) B_SPLINE_CURVE_WITH_KNOTS((1,2
    ,2,2,2,1),(-2.094395102393,0.,2.094395102393,4.188790204786,
6.28318530718,8.377580409573),.UNSPECIFIED.) CURVE() 
GEOMETRIC_REPRESENTATION_ITEM() RATIONAL_B_SPLINE_CURVE((1.,0.5,1.,0.5,
1.,0.5,1.)) REPRESENTATION_ITEM('') );
#7765 = CARTESIAN_POINT('',(-23.15,-50.));
#7766 = CARTESIAN_POINT('',(-23.15,-48.87416697508));
#7767 = CARTESIAN_POINT('',(-22.175,-49.43708348754));
#7768 = CARTESIAN_POINT('',(-21.2,-50.));
#7769 = CARTESIAN_POINT('',(-22.175,-50.56291651246));
#7770 = CARTESIAN_POINT('',(-23.15,-51.12583302492));
#7771 = CARTESIAN_POINT('',(-23.15,-50.));
#7772 = ( GEOMETRIC_REPRESENTATION_CONTEXT(2) 
PARAMETRIC_REPRESENTATION_CONTEXT() REPRESENTATION_CONTEXT('2D SPACE',''
  ) );
#7773 = PCURVE('',#2087,#7774);
#7774 = DEFINITIONAL_REPRESENTATION('',(#7775),#7779);
#7775 = LINE('',#7776,#7777);
#7776 = CARTESIAN_POINT('',(0.,1.61));
#7777 = VECTOR('',#7778,1.);
#7778 = DIRECTION('',(1.,0.));
#7779 = ( GEOMETRIC_REPRESENTATION_CONTEXT(2) 
PARAMETRIC_REPRESENTATION_CONTEXT() REPRESENTATION_CONTEXT('2D SPACE',''
  ) );
#7780 = FACE_BOUND('',#7781,.F.);
#7781 = EDGE_LOOP('',(#7782));
#7782 = ORIENTED_EDGE('',*,*,#7783,.T.);
#7783 = EDGE_CURVE('',#7784,#7784,#7786,.T.);
#7784 = VERTEX_POINT('',#7785);
#7785 = CARTESIAN_POINT('',(58.02,-102.54,1.6));
#7786 = SURFACE_CURVE('',#7787,(#7792,#7803),.PCURVE_S1.);
#7787 = CIRCLE('',#7788,0.4);
#7788 = AXIS2_PLACEMENT_3D('',#7789,#7790,#7791);
#7789 = CARTESIAN_POINT('',(57.62,-102.54,1.6));
#7790 = DIRECTION('',(0.,0.,1.));
#7791 = DIRECTION('',(1.,0.,-0.));
#7792 = PCURVE('',#90,#7793);
#7793 = DEFINITIONAL_REPRESENTATION('',(#7794),#7802);
#7794 = ( BOUNDED_CURVE() B_SPLINE_CURVE(2,(#7795,#7796,#7797,#7798,
#7799,#7800,#7801),.UNSPECIFIED.,.T.,.F.) B_SPLINE_CURVE_WITH_KNOTS((1,2
    ,2,2,2,1),(-2.094395102393,0.,2.094395102393,4.188790204786,
6.28318530718,8.377580409573),.UNSPECIFIED.) CURVE() 
GEOMETRIC_REPRESENTATION_ITEM() RATIONAL_B_SPLINE_CURVE((1.,0.5,1.,0.5,
1.,0.5,1.)) REPRESENTATION_ITEM('') );
#7795 = CARTESIAN_POINT('',(-20.52,-47.54));
#7796 = CARTESIAN_POINT('',(-20.52,-46.84717967697));
#7797 = CARTESIAN_POINT('',(-19.92,-47.19358983848));
#7798 = CARTESIAN_POINT('',(-19.32,-47.54));
#7799 = CARTESIAN_POINT('',(-19.92,-47.88641016151));
#7800 = CARTESIAN_POINT('',(-20.52,-48.23282032302));
#7801 = CARTESIAN_POINT('',(-20.52,-47.54));
#7802 = ( GEOMETRIC_REPRESENTATION_CONTEXT(2) 
PARAMETRIC_REPRESENTATION_CONTEXT() REPRESENTATION_CONTEXT('2D SPACE',''
  ) );
#7803 = PCURVE('',#2122,#7804);
#7804 = DEFINITIONAL_REPRESENTATION('',(#7805),#7809);
#7805 = LINE('',#7806,#7807);
#7806 = CARTESIAN_POINT('',(0.,1.61));
#7807 = VECTOR('',#7808,1.);
#7808 = DIRECTION('',(1.,0.));
#7809 = ( GEOMETRIC_REPRESENTATION_CONTEXT(2) 
PARAMETRIC_REPRESENTATION_CONTEXT() REPRESENTATION_CONTEXT('2D SPACE',''
  ) );
#7810 = FACE_BOUND('',#7811,.F.);
#7811 = EDGE_LOOP('',(#7812));
#7812 = ORIENTED_EDGE('',*,*,#7813,.T.);
#7813 = EDGE_CURVE('',#7814,#7814,#7816,.T.);
#7814 = VERTEX_POINT('',#7815);
#7815 = CARTESIAN_POINT('',(60.65,-97.5,1.6));
#7816 = SURFACE_CURVE('',#7817,(#7822,#7833),.PCURVE_S1.);
#7817 = CIRCLE('',#7818,0.65);
#7818 = AXIS2_PLACEMENT_3D('',#7819,#7820,#7821);
#7819 = CARTESIAN_POINT('',(60.,-97.5,1.6));
#7820 = DIRECTION('',(0.,0.,1.));
#7821 = DIRECTION('',(1.,0.,-0.));
#7822 = PCURVE('',#90,#7823);
#7823 = DEFINITIONAL_REPRESENTATION('',(#7824),#7832);
#7824 = ( BOUNDED_CURVE() B_SPLINE_CURVE(2,(#7825,#7826,#7827,#7828,
#7829,#7830,#7831),.UNSPECIFIED.,.T.,.F.) B_SPLINE_CURVE_WITH_KNOTS((1,2
    ,2,2,2,1),(-2.094395102393,0.,2.094395102393,4.188790204786,
6.28318530718,8.377580409573),.UNSPECIFIED.) CURVE() 
GEOMETRIC_REPRESENTATION_ITEM() RATIONAL_B_SPLINE_CURVE((1.,0.5,1.,0.5,
1.,0.5,1.)) REPRESENTATION_ITEM('') );
#7825 = CARTESIAN_POINT('',(-23.15,-42.5));
#7826 = CARTESIAN_POINT('',(-23.15,-41.37416697508));
#7827 = CARTESIAN_POINT('',(-22.175,-41.93708348754));
#7828 = CARTESIAN_POINT('',(-21.2,-42.5));
#7829 = CARTESIAN_POINT('',(-22.175,-43.06291651246));
#7830 = CARTESIAN_POINT('',(-23.15,-43.62583302492));
#7831 = CARTESIAN_POINT('',(-23.15,-42.5));
#7832 = ( GEOMETRIC_REPRESENTATION_CONTEXT(2) 
PARAMETRIC_REPRESENTATION_CONTEXT() REPRESENTATION_CONTEXT('2D SPACE',''
  ) );
#7833 = PCURVE('',#2157,#7834);
#7834 = DEFINITIONAL_REPRESENTATION('',(#7835),#7839);
#7835 = LINE('',#7836,#7837);
#7836 = CARTESIAN_POINT('',(0.,1.61));
#7837 = VECTOR('',#7838,1.);
#7838 = DIRECTION('',(1.,0.));
#7839 = ( GEOMETRIC_REPRESENTATION_CONTEXT(2) 
PARAMETRIC_REPRESENTATION_CONTEXT() REPRESENTATION_CONTEXT('2D SPACE',''
  ) );
#7840 = FACE_BOUND('',#7841,.F.);
#7841 = EDGE_LOOP('',(#7842));
#7842 = ORIENTED_EDGE('',*,*,#7843,.T.);
#7843 = EDGE_CURVE('',#7844,#7844,#7846,.T.);
#7844 = VERTEX_POINT('',#7845);
#7845 = CARTESIAN_POINT('',(58.02,-100.,1.6));
#7846 = SURFACE_CURVE('',#7847,(#7852,#7863),.PCURVE_S1.);
#7847 = CIRCLE('',#7848,0.4);
#7848 = AXIS2_PLACEMENT_3D('',#7849,#7850,#7851);
#7849 = CARTESIAN_POINT('',(57.62,-100.,1.6));
#7850 = DIRECTION('',(0.,0.,1.));
#7851 = DIRECTION('',(1.,0.,-0.));
#7852 = PCURVE('',#90,#7853);
#7853 = DEFINITIONAL_REPRESENTATION('',(#7854),#7862);
#7854 = ( BOUNDED_CURVE() B_SPLINE_CURVE(2,(#7855,#7856,#7857,#7858,
#7859,#7860,#7861),.UNSPECIFIED.,.T.,.F.) B_SPLINE_CURVE_WITH_KNOTS((1,2
    ,2,2,2,1),(-2.094395102393,0.,2.094395102393,4.188790204786,
6.28318530718,8.377580409573),.UNSPECIFIED.) CURVE() 
GEOMETRIC_REPRESENTATION_ITEM() RATIONAL_B_SPLINE_CURVE((1.,0.5,1.,0.5,
1.,0.5,1.)) REPRESENTATION_ITEM('') );
#7855 = CARTESIAN_POINT('',(-20.52,-45.));
#7856 = CARTESIAN_POINT('',(-20.52,-44.30717967697));
#7857 = CARTESIAN_POINT('',(-19.92,-44.65358983848));
#7858 = CARTESIAN_POINT('',(-19.32,-45.));
#7859 = CARTESIAN_POINT('',(-19.92,-45.34641016151));
#7860 = CARTESIAN_POINT('',(-20.52,-45.69282032302));
#7861 = CARTESIAN_POINT('',(-20.52,-45.));
#7862 = ( GEOMETRIC_REPRESENTATION_CONTEXT(2) 
PARAMETRIC_REPRESENTATION_CONTEXT() REPRESENTATION_CONTEXT('2D SPACE',''
  ) );
#7863 = PCURVE('',#2192,#7864);
#7864 = DEFINITIONAL_REPRESENTATION('',(#7865),#7869);
#7865 = LINE('',#7866,#7867);
#7866 = CARTESIAN_POINT('',(0.,1.61));
#7867 = VECTOR('',#7868,1.);
#7868 = DIRECTION('',(1.,0.));
#7869 = ( GEOMETRIC_REPRESENTATION_CONTEXT(2) 
PARAMETRIC_REPRESENTATION_CONTEXT() REPRESENTATION_CONTEXT('2D SPACE',''
  ) );
#7870 = FACE_BOUND('',#7871,.F.);
#7871 = EDGE_LOOP('',(#7872));
#7872 = ORIENTED_EDGE('',*,*,#7873,.T.);
#7873 = EDGE_CURVE('',#7874,#7874,#7876,.T.);
#7874 = VERTEX_POINT('',#7875);
#7875 = CARTESIAN_POINT('',(73.2,-87.895,1.6));
#7876 = SURFACE_CURVE('',#7877,(#7882,#7893),.PCURVE_S1.);
#7877 = CIRCLE('',#7878,0.5);
#7878 = AXIS2_PLACEMENT_3D('',#7879,#7880,#7881);
#7879 = CARTESIAN_POINT('',(72.7,-87.895,1.6));
#7880 = DIRECTION('',(0.,0.,1.));
#7881 = DIRECTION('',(1.,0.,-0.));
#7882 = PCURVE('',#90,#7883);
#7883 = DEFINITIONAL_REPRESENTATION('',(#7884),#7892);
#7884 = ( BOUNDED_CURVE() B_SPLINE_CURVE(2,(#7885,#7886,#7887,#7888,
#7889,#7890,#7891),.UNSPECIFIED.,.T.,.F.) B_SPLINE_CURVE_WITH_KNOTS((1,2
    ,2,2,2,1),(-2.094395102393,0.,2.094395102393,4.188790204786,
6.28318530718,8.377580409573),.UNSPECIFIED.) CURVE() 
GEOMETRIC_REPRESENTATION_ITEM() RATIONAL_B_SPLINE_CURVE((1.,0.5,1.,0.5,
1.,0.5,1.)) REPRESENTATION_ITEM('') );
#7885 = CARTESIAN_POINT('',(-35.7,-32.895));
#7886 = CARTESIAN_POINT('',(-35.7,-32.02897459621));
#7887 = CARTESIAN_POINT('',(-34.95,-32.4619872981));
#7888 = CARTESIAN_POINT('',(-34.2,-32.895));
#7889 = CARTESIAN_POINT('',(-34.95,-33.32801270189));
#7890 = CARTESIAN_POINT('',(-35.7,-33.76102540378));
#7891 = CARTESIAN_POINT('',(-35.7,-32.895));
#7892 = ( GEOMETRIC_REPRESENTATION_CONTEXT(2) 
PARAMETRIC_REPRESENTATION_CONTEXT() REPRESENTATION_CONTEXT('2D SPACE',''
  ) );
#7893 = PCURVE('',#2227,#7894);
#7894 = DEFINITIONAL_REPRESENTATION('',(#7895),#7899);
#7895 = LINE('',#7896,#7897);
#7896 = CARTESIAN_POINT('',(0.,1.61));
#7897 = VECTOR('',#7898,1.);
#7898 = DIRECTION('',(1.,0.));
#7899 = ( GEOMETRIC_REPRESENTATION_CONTEXT(2) 
PARAMETRIC_REPRESENTATION_CONTEXT() REPRESENTATION_CONTEXT('2D SPACE',''
  ) );
#7900 = FACE_BOUND('',#7901,.F.);
#7901 = EDGE_LOOP('',(#7902));
#7902 = ORIENTED_EDGE('',*,*,#7903,.T.);
#7903 = EDGE_CURVE('',#7904,#7904,#7906,.T.);
#7904 = VERTEX_POINT('',#7905);
#7905 = CARTESIAN_POINT('',(70.66,-87.895,1.6));
#7906 = SURFACE_CURVE('',#7907,(#7912,#7923),.PCURVE_S1.);
#7907 = CIRCLE('',#7908,0.5);
#7908 = AXIS2_PLACEMENT_3D('',#7909,#7910,#7911);
#7909 = CARTESIAN_POINT('',(70.16,-87.895,1.6));
#7910 = DIRECTION('',(0.,0.,1.));
#7911 = DIRECTION('',(1.,0.,-0.));
#7912 = PCURVE('',#90,#7913);
#7913 = DEFINITIONAL_REPRESENTATION('',(#7914),#7922);
#7914 = ( BOUNDED_CURVE() B_SPLINE_CURVE(2,(#7915,#7916,#7917,#7918,
#7919,#7920,#7921),.UNSPECIFIED.,.T.,.F.) B_SPLINE_CURVE_WITH_KNOTS((1,2
    ,2,2,2,1),(-2.094395102393,0.,2.094395102393,4.188790204786,
6.28318530718,8.377580409573),.UNSPECIFIED.) CURVE() 
GEOMETRIC_REPRESENTATION_ITEM() RATIONAL_B_SPLINE_CURVE((1.,0.5,1.,0.5,
1.,0.5,1.)) REPRESENTATION_ITEM('') );
#7915 = CARTESIAN_POINT('',(-33.16,-32.895));
#7916 = CARTESIAN_POINT('',(-33.16,-32.02897459621));
#7917 = CARTESIAN_POINT('',(-32.41,-32.4619872981));
#7918 = CARTESIAN_POINT('',(-31.66,-32.895));
#7919 = CARTESIAN_POINT('',(-32.41,-33.32801270189));
#7920 = CARTESIAN_POINT('',(-33.16,-33.76102540378));
#7921 = CARTESIAN_POINT('',(-33.16,-32.895));
#7922 = ( GEOMETRIC_REPRESENTATION_CONTEXT(2) 
PARAMETRIC_REPRESENTATION_CONTEXT() REPRESENTATION_CONTEXT('2D SPACE',''
  ) );
#7923 = PCURVE('',#2262,#7924);
#7924 = DEFINITIONAL_REPRESENTATION('',(#7925),#7929);
#7925 = LINE('',#7926,#7927);
#7926 = CARTESIAN_POINT('',(0.,1.61));
#7927 = VECTOR('',#7928,1.);
#7928 = DIRECTION('',(1.,0.));
#7929 = ( GEOMETRIC_REPRESENTATION_CONTEXT(2) 
PARAMETRIC_REPRESENTATION_CONTEXT() REPRESENTATION_CONTEXT('2D SPACE',''
  ) );
#7930 = FACE_BOUND('',#7931,.F.);
#7931 = EDGE_LOOP('',(#7932));
#7932 = ORIENTED_EDGE('',*,*,#7933,.T.);
#7933 = EDGE_CURVE('',#7934,#7934,#7936,.T.);
#7934 = VERTEX_POINT('',#7935);
#7935 = CARTESIAN_POINT('',(68.66,-91.025,1.6));
#7936 = SURFACE_CURVE('',#7937,(#7942,#7953),.PCURVE_S1.);
#7937 = CIRCLE('',#7938,0.66);
#7938 = AXIS2_PLACEMENT_3D('',#7939,#7940,#7941);
#7939 = CARTESIAN_POINT('',(68.,-91.025,1.6));
#7940 = DIRECTION('',(0.,0.,1.));
#7941 = DIRECTION('',(1.,0.,-0.));
#7942 = PCURVE('',#90,#7943);
#7943 = DEFINITIONAL_REPRESENTATION('',(#7944),#7952);
#7944 = ( BOUNDED_CURVE() B_SPLINE_CURVE(2,(#7945,#7946,#7947,#7948,
#7949,#7950,#7951),.UNSPECIFIED.,.T.,.F.) B_SPLINE_CURVE_WITH_KNOTS((1,2
    ,2,2,2,1),(-2.094395102393,0.,2.094395102393,4.188790204786,
6.28318530718,8.377580409573),.UNSPECIFIED.) CURVE() 
GEOMETRIC_REPRESENTATION_ITEM() RATIONAL_B_SPLINE_CURVE((1.,0.5,1.,0.5,
1.,0.5,1.)) REPRESENTATION_ITEM('') );
#7945 = CARTESIAN_POINT('',(-31.16,-36.025));
#7946 = CARTESIAN_POINT('',(-31.16,-34.881846467));
#7947 = CARTESIAN_POINT('',(-30.17,-35.4534232335));
#7948 = CARTESIAN_POINT('',(-29.18,-36.025));
#7949 = CARTESIAN_POINT('',(-30.17,-36.59657676649));
#7950 = CARTESIAN_POINT('',(-31.16,-37.16815353299));
#7951 = CARTESIAN_POINT('',(-31.16,-36.025));
#7952 = ( GEOMETRIC_REPRESENTATION_CONTEXT(2) 
PARAMETRIC_REPRESENTATION_CONTEXT() REPRESENTATION_CONTEXT('2D SPACE',''
  ) );
#7953 = PCURVE('',#2297,#7954);
#7954 = DEFINITIONAL_REPRESENTATION('',(#7955),#7959);
#7955 = LINE('',#7956,#7957);
#7956 = CARTESIAN_POINT('',(0.,1.61));
#7957 = VECTOR('',#7958,1.);
#7958 = DIRECTION('',(1.,0.));
#7959 = ( GEOMETRIC_REPRESENTATION_CONTEXT(2) 
PARAMETRIC_REPRESENTATION_CONTEXT() REPRESENTATION_CONTEXT('2D SPACE',''
  ) );
#7960 = FACE_BOUND('',#7961,.F.);
#7961 = EDGE_LOOP('',(#7962));
#7962 = ORIENTED_EDGE('',*,*,#7963,.T.);
#7963 = EDGE_CURVE('',#7964,#7964,#7966,.T.);
#7964 = VERTEX_POINT('',#7965);
#7965 = CARTESIAN_POINT('',(68.12,-87.895,1.6));
#7966 = SURFACE_CURVE('',#7967,(#7972,#7983),.PCURVE_S1.);
#7967 = CIRCLE('',#7968,0.5);
#7968 = AXIS2_PLACEMENT_3D('',#7969,#7970,#7971);
#7969 = CARTESIAN_POINT('',(67.62,-87.895,1.6));
#7970 = DIRECTION('',(0.,0.,1.));
#7971 = DIRECTION('',(1.,0.,-0.));
#7972 = PCURVE('',#90,#7973);
#7973 = DEFINITIONAL_REPRESENTATION('',(#7974),#7982);
#7974 = ( BOUNDED_CURVE() B_SPLINE_CURVE(2,(#7975,#7976,#7977,#7978,
#7979,#7980,#7981),.UNSPECIFIED.,.T.,.F.) B_SPLINE_CURVE_WITH_KNOTS((1,2
    ,2,2,2,1),(-2.094395102393,0.,2.094395102393,4.188790204786,
6.28318530718,8.377580409573),.UNSPECIFIED.) CURVE() 
GEOMETRIC_REPRESENTATION_ITEM() RATIONAL_B_SPLINE_CURVE((1.,0.5,1.,0.5,
1.,0.5,1.)) REPRESENTATION_ITEM('') );
#7975 = CARTESIAN_POINT('',(-30.62,-32.895));
#7976 = CARTESIAN_POINT('',(-30.62,-32.02897459621));
#7977 = CARTESIAN_POINT('',(-29.87,-32.4619872981));
#7978 = CARTESIAN_POINT('',(-29.12,-32.895));
#7979 = CARTESIAN_POINT('',(-29.87,-33.32801270189));
#7980 = CARTESIAN_POINT('',(-30.62,-33.76102540378));
#7981 = CARTESIAN_POINT('',(-30.62,-32.895));
#7982 = ( GEOMETRIC_REPRESENTATION_CONTEXT(2) 
PARAMETRIC_REPRESENTATION_CONTEXT() REPRESENTATION_CONTEXT('2D SPACE',''
  ) );
#7983 = PCURVE('',#2332,#7984);
#7984 = DEFINITIONAL_REPRESENTATION('',(#7985),#7989);
#7985 = LINE('',#7986,#7987);
#7986 = CARTESIAN_POINT('',(0.,1.61));
#7987 = VECTOR('',#7988,1.);
#7988 = DIRECTION('',(1.,0.));
#7989 = ( GEOMETRIC_REPRESENTATION_CONTEXT(2) 
PARAMETRIC_REPRESENTATION_CONTEXT() REPRESENTATION_CONTEXT('2D SPACE',''
  ) );
#7990 = FACE_BOUND('',#7991,.F.);
#7991 = EDGE_LOOP('',(#7992));
#7992 = ORIENTED_EDGE('',*,*,#7993,.T.);
#7993 = EDGE_CURVE('',#7994,#7994,#7996,.T.);
#7994 = VERTEX_POINT('',#7995);
#7995 = CARTESIAN_POINT('',(65.58,-87.895,1.6));
#7996 = SURFACE_CURVE('',#7997,(#8002,#8013),.PCURVE_S1.);
#7997 = CIRCLE('',#7998,0.5);
#7998 = AXIS2_PLACEMENT_3D('',#7999,#8000,#8001);
#7999 = CARTESIAN_POINT('',(65.08,-87.895,1.6));
#8000 = DIRECTION('',(0.,0.,1.));
#8001 = DIRECTION('',(1.,0.,-0.));
#8002 = PCURVE('',#90,#8003);
#8003 = DEFINITIONAL_REPRESENTATION('',(#8004),#8012);
#8004 = ( BOUNDED_CURVE() B_SPLINE_CURVE(2,(#8005,#8006,#8007,#8008,
#8009,#8010,#8011),.UNSPECIFIED.,.T.,.F.) B_SPLINE_CURVE_WITH_KNOTS((1,2
    ,2,2,2,1),(-2.094395102393,0.,2.094395102393,4.188790204786,
6.28318530718,8.377580409573),.UNSPECIFIED.) CURVE() 
GEOMETRIC_REPRESENTATION_ITEM() RATIONAL_B_SPLINE_CURVE((1.,0.5,1.,0.5,
1.,0.5,1.)) REPRESENTATION_ITEM('') );
#8005 = CARTESIAN_POINT('',(-28.08,-32.895));
#8006 = CARTESIAN_POINT('',(-28.08,-32.02897459621));
#8007 = CARTESIAN_POINT('',(-27.33,-32.4619872981));
#8008 = CARTESIAN_POINT('',(-26.58,-32.895));
#8009 = CARTESIAN_POINT('',(-27.33,-33.32801270189));
#8010 = CARTESIAN_POINT('',(-28.08,-33.76102540378));
#8011 = CARTESIAN_POINT('',(-28.08,-32.895));
#8012 = ( GEOMETRIC_REPRESENTATION_CONTEXT(2) 
PARAMETRIC_REPRESENTATION_CONTEXT() REPRESENTATION_CONTEXT('2D SPACE',''
  ) );
#8013 = PCURVE('',#2367,#8014);
#8014 = DEFINITIONAL_REPRESENTATION('',(#8015),#8019);
#8015 = LINE('',#8016,#8017);
#8016 = CARTESIAN_POINT('',(0.,1.61));
#8017 = VECTOR('',#8018,1.);
#8018 = DIRECTION('',(1.,0.));
#8019 = ( GEOMETRIC_REPRESENTATION_CONTEXT(2) 
PARAMETRIC_REPRESENTATION_CONTEXT() REPRESENTATION_CONTEXT('2D SPACE',''
  ) );
#8020 = FACE_BOUND('',#8021,.F.);
#8021 = EDGE_LOOP('',(#8022));
#8022 = ORIENTED_EDGE('',*,*,#8023,.T.);
#8023 = EDGE_CURVE('',#8024,#8024,#8026,.T.);
#8024 = VERTEX_POINT('',#8025);
#8025 = CARTESIAN_POINT('',(63.04,-87.895,1.6));
#8026 = SURFACE_CURVE('',#8027,(#8032,#8043),.PCURVE_S1.);
#8027 = CIRCLE('',#8028,0.5);
#8028 = AXIS2_PLACEMENT_3D('',#8029,#8030,#8031);
#8029 = CARTESIAN_POINT('',(62.54,-87.895,1.6));
#8030 = DIRECTION('',(0.,0.,1.));
#8031 = DIRECTION('',(1.,0.,-0.));
#8032 = PCURVE('',#90,#8033);
#8033 = DEFINITIONAL_REPRESENTATION('',(#8034),#8042);
#8034 = ( BOUNDED_CURVE() B_SPLINE_CURVE(2,(#8035,#8036,#8037,#8038,
#8039,#8040,#8041),.UNSPECIFIED.,.T.,.F.) B_SPLINE_CURVE_WITH_KNOTS((1,2
    ,2,2,2,1),(-2.094395102393,0.,2.094395102393,4.188790204786,
6.28318530718,8.377580409573),.UNSPECIFIED.) CURVE() 
GEOMETRIC_REPRESENTATION_ITEM() RATIONAL_B_SPLINE_CURVE((1.,0.5,1.,0.5,
1.,0.5,1.)) REPRESENTATION_ITEM('') );
#8035 = CARTESIAN_POINT('',(-25.54,-32.895));
#8036 = CARTESIAN_POINT('',(-25.54,-32.02897459621));
#8037 = CARTESIAN_POINT('',(-24.79,-32.4619872981));
#8038 = CARTESIAN_POINT('',(-24.04,-32.895));
#8039 = CARTESIAN_POINT('',(-24.79,-33.32801270189));
#8040 = CARTESIAN_POINT('',(-25.54,-33.76102540378));
#8041 = CARTESIAN_POINT('',(-25.54,-32.895));
#8042 = ( GEOMETRIC_REPRESENTATION_CONTEXT(2) 
PARAMETRIC_REPRESENTATION_CONTEXT() REPRESENTATION_CONTEXT('2D SPACE',''
  ) );
#8043 = PCURVE('',#2402,#8044);
#8044 = DEFINITIONAL_REPRESENTATION('',(#8045),#8049);
#8045 = LINE('',#8046,#8047);
#8046 = CARTESIAN_POINT('',(0.,1.61));
#8047 = VECTOR('',#8048,1.);
#8048 = DIRECTION('',(1.,0.));
#8049 = ( GEOMETRIC_REPRESENTATION_CONTEXT(2) 
PARAMETRIC_REPRESENTATION_CONTEXT() REPRESENTATION_CONTEXT('2D SPACE',''
  ) );
#8050 = FACE_BOUND('',#8051,.F.);
#8051 = EDGE_LOOP('',(#8052));
#8052 = ORIENTED_EDGE('',*,*,#8053,.T.);
#8053 = EDGE_CURVE('',#8054,#8054,#8056,.T.);
#8054 = VERTEX_POINT('',#8055);
#8055 = CARTESIAN_POINT('',(60.5,-87.895,1.6));
#8056 = SURFACE_CURVE('',#8057,(#8062,#8073),.PCURVE_S1.);
#8057 = CIRCLE('',#8058,0.5);
#8058 = AXIS2_PLACEMENT_3D('',#8059,#8060,#8061);
#8059 = CARTESIAN_POINT('',(60.,-87.895,1.6));
#8060 = DIRECTION('',(0.,0.,1.));
#8061 = DIRECTION('',(1.,0.,-0.));
#8062 = PCURVE('',#90,#8063);
#8063 = DEFINITIONAL_REPRESENTATION('',(#8064),#8072);
#8064 = ( BOUNDED_CURVE() B_SPLINE_CURVE(2,(#8065,#8066,#8067,#8068,
#8069,#8070,#8071),.UNSPECIFIED.,.T.,.F.) B_SPLINE_CURVE_WITH_KNOTS((1,2
    ,2,2,2,1),(-2.094395102393,0.,2.094395102393,4.188790204786,
6.28318530718,8.377580409573),.UNSPECIFIED.) CURVE() 
GEOMETRIC_REPRESENTATION_ITEM() RATIONAL_B_SPLINE_CURVE((1.,0.5,1.,0.5,
1.,0.5,1.)) REPRESENTATION_ITEM('') );
#8065 = CARTESIAN_POINT('',(-23.,-32.895));
#8066 = CARTESIAN_POINT('',(-23.,-32.02897459621));
#8067 = CARTESIAN_POINT('',(-22.25,-32.4619872981));
#8068 = CARTESIAN_POINT('',(-21.5,-32.895));
#8069 = CARTESIAN_POINT('',(-22.25,-33.32801270189));
#8070 = CARTESIAN_POINT('',(-23.,-33.76102540378));
#8071 = CARTESIAN_POINT('',(-23.,-32.895));
#8072 = ( GEOMETRIC_REPRESENTATION_CONTEXT(2) 
PARAMETRIC_REPRESENTATION_CONTEXT() REPRESENTATION_CONTEXT('2D SPACE',''
  ) );
#8073 = PCURVE('',#2437,#8074);
#8074 = DEFINITIONAL_REPRESENTATION('',(#8075),#8079);
#8075 = LINE('',#8076,#8077);
#8076 = CARTESIAN_POINT('',(0.,1.61));
#8077 = VECTOR('',#8078,1.);
#8078 = DIRECTION('',(1.,0.));
#8079 = ( GEOMETRIC_REPRESENTATION_CONTEXT(2) 
PARAMETRIC_REPRESENTATION_CONTEXT() REPRESENTATION_CONTEXT('2D SPACE',''
  ) );
#8080 = FACE_BOUND('',#8081,.F.);
#8081 = EDGE_LOOP('',(#8082));
#8082 = ORIENTED_EDGE('',*,*,#8083,.T.);
#8083 = EDGE_CURVE('',#8084,#8084,#8086,.T.);
#8084 = VERTEX_POINT('',#8085);
#8085 = CARTESIAN_POINT('',(63.12,-84.,1.6));
#8086 = SURFACE_CURVE('',#8087,(#8092,#8103),.PCURVE_S1.);
#8087 = CIRCLE('',#8088,0.5);
#8088 = AXIS2_PLACEMENT_3D('',#8089,#8090,#8091);
#8089 = CARTESIAN_POINT('',(62.62,-84.,1.6));
#8090 = DIRECTION('',(0.,0.,1.));
#8091 = DIRECTION('',(1.,0.,-0.));
#8092 = PCURVE('',#90,#8093);
#8093 = DEFINITIONAL_REPRESENTATION('',(#8094),#8102);
#8094 = ( BOUNDED_CURVE() B_SPLINE_CURVE(2,(#8095,#8096,#8097,#8098,
#8099,#8100,#8101),.UNSPECIFIED.,.T.,.F.) B_SPLINE_CURVE_WITH_KNOTS((1,2
    ,2,2,2,1),(-2.094395102393,0.,2.094395102393,4.188790204786,
6.28318530718,8.377580409573),.UNSPECIFIED.) CURVE() 
GEOMETRIC_REPRESENTATION_ITEM() RATIONAL_B_SPLINE_CURVE((1.,0.5,1.,0.5,
1.,0.5,1.)) REPRESENTATION_ITEM('') );
#8095 = CARTESIAN_POINT('',(-25.62,-29.));
#8096 = CARTESIAN_POINT('',(-25.62,-28.13397459621));
#8097 = CARTESIAN_POINT('',(-24.87,-28.5669872981));
#8098 = CARTESIAN_POINT('',(-24.12,-29.));
#8099 = CARTESIAN_POINT('',(-24.87,-29.43301270189));
#8100 = CARTESIAN_POINT('',(-25.62,-29.86602540378));
#8101 = CARTESIAN_POINT('',(-25.62,-29.));
#8102 = ( GEOMETRIC_REPRESENTATION_CONTEXT(2) 
PARAMETRIC_REPRESENTATION_CONTEXT() REPRESENTATION_CONTEXT('2D SPACE',''
  ) );
#8103 = PCURVE('',#2472,#8104);
#8104 = DEFINITIONAL_REPRESENTATION('',(#8105),#8109);
#8105 = LINE('',#8106,#8107);
#8106 = CARTESIAN_POINT('',(0.,1.61));
#8107 = VECTOR('',#8108,1.);
#8108 = DIRECTION('',(1.,0.));
#8109 = ( GEOMETRIC_REPRESENTATION_CONTEXT(2) 
PARAMETRIC_REPRESENTATION_CONTEXT() REPRESENTATION_CONTEXT('2D SPACE',''
  ) );
#8110 = FACE_BOUND('',#8111,.F.);
#8111 = EDGE_LOOP('',(#8112));
#8112 = ORIENTED_EDGE('',*,*,#8113,.T.);
#8113 = EDGE_CURVE('',#8114,#8114,#8116,.T.);
#8114 = VERTEX_POINT('',#8115);
#8115 = CARTESIAN_POINT('',(60.58,-84.,1.6));
#8116 = SURFACE_CURVE('',#8117,(#8122,#8133),.PCURVE_S1.);
#8117 = CIRCLE('',#8118,0.5);
#8118 = AXIS2_PLACEMENT_3D('',#8119,#8120,#8121);
#8119 = CARTESIAN_POINT('',(60.08,-84.,1.6));
#8120 = DIRECTION('',(0.,0.,1.));
#8121 = DIRECTION('',(1.,0.,-0.));
#8122 = PCURVE('',#90,#8123);
#8123 = DEFINITIONAL_REPRESENTATION('',(#8124),#8132);
#8124 = ( BOUNDED_CURVE() B_SPLINE_CURVE(2,(#8125,#8126,#8127,#8128,
#8129,#8130,#8131),.UNSPECIFIED.,.T.,.F.) B_SPLINE_CURVE_WITH_KNOTS((1,2
    ,2,2,2,1),(-2.094395102393,0.,2.094395102393,4.188790204786,
6.28318530718,8.377580409573),.UNSPECIFIED.) CURVE() 
GEOMETRIC_REPRESENTATION_ITEM() RATIONAL_B_SPLINE_CURVE((1.,0.5,1.,0.5,
1.,0.5,1.)) REPRESENTATION_ITEM('') );
#8125 = CARTESIAN_POINT('',(-23.08,-29.));
#8126 = CARTESIAN_POINT('',(-23.08,-28.13397459621));
#8127 = CARTESIAN_POINT('',(-22.33,-28.5669872981));
#8128 = CARTESIAN_POINT('',(-21.58,-29.));
#8129 = CARTESIAN_POINT('',(-22.33,-29.43301270189));
#8130 = CARTESIAN_POINT('',(-23.08,-29.86602540378));
#8131 = CARTESIAN_POINT('',(-23.08,-29.));
#8132 = ( GEOMETRIC_REPRESENTATION_CONTEXT(2) 
PARAMETRIC_REPRESENTATION_CONTEXT() REPRESENTATION_CONTEXT('2D SPACE',''
  ) );
#8133 = PCURVE('',#2507,#8134);
#8134 = DEFINITIONAL_REPRESENTATION('',(#8135),#8139);
#8135 = LINE('',#8136,#8137);
#8136 = CARTESIAN_POINT('',(0.,1.61));
#8137 = VECTOR('',#8138,1.);
#8138 = DIRECTION('',(1.,0.));
#8139 = ( GEOMETRIC_REPRESENTATION_CONTEXT(2) 
PARAMETRIC_REPRESENTATION_CONTEXT() REPRESENTATION_CONTEXT('2D SPACE',''
  ) );
#8140 = FACE_BOUND('',#8141,.F.);
#8141 = EDGE_LOOP('',(#8142));
#8142 = ORIENTED_EDGE('',*,*,#8143,.T.);
#8143 = EDGE_CURVE('',#8144,#8144,#8146,.T.);
#8144 = VERTEX_POINT('',#8145);
#8145 = CARTESIAN_POINT('',(58.04,-84.,1.6));
#8146 = SURFACE_CURVE('',#8147,(#8152,#8163),.PCURVE_S1.);
#8147 = CIRCLE('',#8148,0.5);
#8148 = AXIS2_PLACEMENT_3D('',#8149,#8150,#8151);
#8149 = CARTESIAN_POINT('',(57.54,-84.,1.6));
#8150 = DIRECTION('',(0.,0.,1.));
#8151 = DIRECTION('',(1.,0.,-0.));
#8152 = PCURVE('',#90,#8153);
#8153 = DEFINITIONAL_REPRESENTATION('',(#8154),#8162);
#8154 = ( BOUNDED_CURVE() B_SPLINE_CURVE(2,(#8155,#8156,#8157,#8158,
#8159,#8160,#8161),.UNSPECIFIED.,.T.,.F.) B_SPLINE_CURVE_WITH_KNOTS((1,2
    ,2,2,2,1),(-2.094395102393,0.,2.094395102393,4.188790204786,
6.28318530718,8.377580409573),.UNSPECIFIED.) CURVE() 
GEOMETRIC_REPRESENTATION_ITEM() RATIONAL_B_SPLINE_CURVE((1.,0.5,1.,0.5,
1.,0.5,1.)) REPRESENTATION_ITEM('') );
#8155 = CARTESIAN_POINT('',(-20.54,-29.));
#8156 = CARTESIAN_POINT('',(-20.54,-28.13397459621));
#8157 = CARTESIAN_POINT('',(-19.79,-28.5669872981));
#8158 = CARTESIAN_POINT('',(-19.04,-29.));
#8159 = CARTESIAN_POINT('',(-19.79,-29.43301270189));
#8160 = CARTESIAN_POINT('',(-20.54,-29.86602540378));
#8161 = CARTESIAN_POINT('',(-20.54,-29.));
#8162 = ( GEOMETRIC_REPRESENTATION_CONTEXT(2) 
PARAMETRIC_REPRESENTATION_CONTEXT() REPRESENTATION_CONTEXT('2D SPACE',''
  ) );
#8163 = PCURVE('',#2542,#8164);
#8164 = DEFINITIONAL_REPRESENTATION('',(#8165),#8169);
#8165 = LINE('',#8166,#8167);
#8166 = CARTESIAN_POINT('',(0.,1.61));
#8167 = VECTOR('',#8168,1.);
#8168 = DIRECTION('',(1.,0.));
#8169 = ( GEOMETRIC_REPRESENTATION_CONTEXT(2) 
PARAMETRIC_REPRESENTATION_CONTEXT() REPRESENTATION_CONTEXT('2D SPACE',''
  ) );
#8170 = FACE_BOUND('',#8171,.F.);
#8171 = EDGE_LOOP('',(#8172));
#8172 = ORIENTED_EDGE('',*,*,#8173,.T.);
#8173 = EDGE_CURVE('',#8174,#8174,#8176,.T.);
#8174 = VERTEX_POINT('',#8175);
#8175 = CARTESIAN_POINT('',(50.4,-102.54,1.6));
#8176 = SURFACE_CURVE('',#8177,(#8182,#8193),.PCURVE_S1.);
#8177 = CIRCLE('',#8178,0.4);
#8178 = AXIS2_PLACEMENT_3D('',#8179,#8180,#8181);
#8179 = CARTESIAN_POINT('',(50.,-102.54,1.6));
#8180 = DIRECTION('',(0.,0.,1.));
#8181 = DIRECTION('',(1.,0.,-0.));
#8182 = PCURVE('',#90,#8183);
#8183 = DEFINITIONAL_REPRESENTATION('',(#8184),#8192);
#8184 = ( BOUNDED_CURVE() B_SPLINE_CURVE(2,(#8185,#8186,#8187,#8188,
#8189,#8190,#8191),.UNSPECIFIED.,.T.,.F.) B_SPLINE_CURVE_WITH_KNOTS((1,2
    ,2,2,2,1),(-2.094395102393,0.,2.094395102393,4.188790204786,
6.28318530718,8.377580409573),.UNSPECIFIED.) CURVE() 
GEOMETRIC_REPRESENTATION_ITEM() RATIONAL_B_SPLINE_CURVE((1.,0.5,1.,0.5,
1.,0.5,1.)) REPRESENTATION_ITEM('') );
#8185 = CARTESIAN_POINT('',(-12.9,-47.54));
#8186 = CARTESIAN_POINT('',(-12.9,-46.84717967697));
#8187 = CARTESIAN_POINT('',(-12.3,-47.19358983848));
#8188 = CARTESIAN_POINT('',(-11.7,-47.54));
#8189 = CARTESIAN_POINT('',(-12.3,-47.88641016151));
#8190 = CARTESIAN_POINT('',(-12.9,-48.23282032302));
#8191 = CARTESIAN_POINT('',(-12.9,-47.54));
#8192 = ( GEOMETRIC_REPRESENTATION_CONTEXT(2) 
PARAMETRIC_REPRESENTATION_CONTEXT() REPRESENTATION_CONTEXT('2D SPACE',''
  ) );
#8193 = PCURVE('',#2577,#8194);
#8194 = DEFINITIONAL_REPRESENTATION('',(#8195),#8199);
#8195 = LINE('',#8196,#8197);
#8196 = CARTESIAN_POINT('',(0.,1.61));
#8197 = VECTOR('',#8198,1.);
#8198 = DIRECTION('',(1.,0.));
#8199 = ( GEOMETRIC_REPRESENTATION_CONTEXT(2) 
PARAMETRIC_REPRESENTATION_CONTEXT() REPRESENTATION_CONTEXT('2D SPACE',''
  ) );
#8200 = FACE_BOUND('',#8201,.F.);
#8201 = EDGE_LOOP('',(#8202));
#8202 = ORIENTED_EDGE('',*,*,#8203,.T.);
#8203 = EDGE_CURVE('',#8204,#8204,#8206,.T.);
#8204 = VERTEX_POINT('',#8205);
#8205 = CARTESIAN_POINT('',(50.4,-100.,1.6));
#8206 = SURFACE_CURVE('',#8207,(#8212,#8223),.PCURVE_S1.);
#8207 = CIRCLE('',#8208,0.4);
#8208 = AXIS2_PLACEMENT_3D('',#8209,#8210,#8211);
#8209 = CARTESIAN_POINT('',(50.,-100.,1.6));
#8210 = DIRECTION('',(0.,0.,1.));
#8211 = DIRECTION('',(1.,0.,-0.));
#8212 = PCURVE('',#90,#8213);
#8213 = DEFINITIONAL_REPRESENTATION('',(#8214),#8222);
#8214 = ( BOUNDED_CURVE() B_SPLINE_CURVE(2,(#8215,#8216,#8217,#8218,
#8219,#8220,#8221),.UNSPECIFIED.,.T.,.F.) B_SPLINE_CURVE_WITH_KNOTS((1,2
    ,2,2,2,1),(-2.094395102393,0.,2.094395102393,4.188790204786,
6.28318530718,8.377580409573),.UNSPECIFIED.) CURVE() 
GEOMETRIC_REPRESENTATION_ITEM() RATIONAL_B_SPLINE_CURVE((1.,0.5,1.,0.5,
1.,0.5,1.)) REPRESENTATION_ITEM('') );
#8215 = CARTESIAN_POINT('',(-12.9,-45.));
#8216 = CARTESIAN_POINT('',(-12.9,-44.30717967697));
#8217 = CARTESIAN_POINT('',(-12.3,-44.65358983848));
#8218 = CARTESIAN_POINT('',(-11.7,-45.));
#8219 = CARTESIAN_POINT('',(-12.3,-45.34641016151));
#8220 = CARTESIAN_POINT('',(-12.9,-45.69282032302));
#8221 = CARTESIAN_POINT('',(-12.9,-45.));
#8222 = ( GEOMETRIC_REPRESENTATION_CONTEXT(2) 
PARAMETRIC_REPRESENTATION_CONTEXT() REPRESENTATION_CONTEXT('2D SPACE',''
  ) );
#8223 = PCURVE('',#2612,#8224);
#8224 = DEFINITIONAL_REPRESENTATION('',(#8225),#8229);
#8225 = LINE('',#8226,#8227);
#8226 = CARTESIAN_POINT('',(0.,1.61));
#8227 = VECTOR('',#8228,1.);
#8228 = DIRECTION('',(1.,0.));
#8229 = ( GEOMETRIC_REPRESENTATION_CONTEXT(2) 
PARAMETRIC_REPRESENTATION_CONTEXT() REPRESENTATION_CONTEXT('2D SPACE',''
  ) );
#8230 = FACE_BOUND('',#8231,.F.);
#8231 = EDGE_LOOP('',(#8232));
#8232 = ORIENTED_EDGE('',*,*,#8233,.T.);
#8233 = EDGE_CURVE('',#8234,#8234,#8236,.T.);
#8234 = VERTEX_POINT('',#8235);
#8235 = CARTESIAN_POINT('',(55.5,-84.,1.6));
#8236 = SURFACE_CURVE('',#8237,(#8242,#8253),.PCURVE_S1.);
#8237 = CIRCLE('',#8238,0.5);
#8238 = AXIS2_PLACEMENT_3D('',#8239,#8240,#8241);
#8239 = CARTESIAN_POINT('',(55.,-84.,1.6));
#8240 = DIRECTION('',(0.,0.,1.));
#8241 = DIRECTION('',(1.,0.,-0.));
#8242 = PCURVE('',#90,#8243);
#8243 = DEFINITIONAL_REPRESENTATION('',(#8244),#8252);
#8244 = ( BOUNDED_CURVE() B_SPLINE_CURVE(2,(#8245,#8246,#8247,#8248,
#8249,#8250,#8251),.UNSPECIFIED.,.T.,.F.) B_SPLINE_CURVE_WITH_KNOTS((1,2
    ,2,2,2,1),(-2.094395102393,0.,2.094395102393,4.188790204786,
6.28318530718,8.377580409573),.UNSPECIFIED.) CURVE() 
GEOMETRIC_REPRESENTATION_ITEM() RATIONAL_B_SPLINE_CURVE((1.,0.5,1.,0.5,
1.,0.5,1.)) REPRESENTATION_ITEM('') );
#8245 = CARTESIAN_POINT('',(-18.,-29.));
#8246 = CARTESIAN_POINT('',(-18.,-28.13397459621));
#8247 = CARTESIAN_POINT('',(-17.25,-28.5669872981));
#8248 = CARTESIAN_POINT('',(-16.5,-29.));
#8249 = CARTESIAN_POINT('',(-17.25,-29.43301270189));
#8250 = CARTESIAN_POINT('',(-18.,-29.86602540378));
#8251 = CARTESIAN_POINT('',(-18.,-29.));
#8252 = ( GEOMETRIC_REPRESENTATION_CONTEXT(2) 
PARAMETRIC_REPRESENTATION_CONTEXT() REPRESENTATION_CONTEXT('2D SPACE',''
  ) );
#8253 = PCURVE('',#2647,#8254);
#8254 = DEFINITIONAL_REPRESENTATION('',(#8255),#8259);
#8255 = LINE('',#8256,#8257);
#8256 = CARTESIAN_POINT('',(0.,1.61));
#8257 = VECTOR('',#8258,1.);
#8258 = DIRECTION('',(1.,0.));
#8259 = ( GEOMETRIC_REPRESENTATION_CONTEXT(2) 
PARAMETRIC_REPRESENTATION_CONTEXT() REPRESENTATION_CONTEXT('2D SPACE',''
  ) );
#8260 = FACE_BOUND('',#8261,.F.);
#8261 = EDGE_LOOP('',(#8262));
#8262 = ORIENTED_EDGE('',*,*,#8263,.T.);
#8263 = EDGE_CURVE('',#8264,#8264,#8266,.T.);
#8264 = VERTEX_POINT('',#8265);
#8265 = CARTESIAN_POINT('',(5.6,-106.,1.6));
#8266 = SURFACE_CURVE('',#8267,(#8272,#8283),.PCURVE_S1.);
#8267 = CIRCLE('',#8268,1.6);
#8268 = AXIS2_PLACEMENT_3D('',#8269,#8270,#8271);
#8269 = CARTESIAN_POINT('',(4.,-106.,1.6));
#8270 = DIRECTION('',(0.,0.,1.));
#8271 = DIRECTION('',(1.,0.,-0.));
#8272 = PCURVE('',#90,#8273);
#8273 = DEFINITIONAL_REPRESENTATION('',(#8274),#8282);
#8274 = ( BOUNDED_CURVE() B_SPLINE_CURVE(2,(#8275,#8276,#8277,#8278,
#8279,#8280,#8281),.UNSPECIFIED.,.T.,.F.) B_SPLINE_CURVE_WITH_KNOTS((1,2
    ,2,2,2,1),(-2.094395102393,0.,2.094395102393,4.188790204786,
6.28318530718,8.377580409573),.UNSPECIFIED.) CURVE() 
GEOMETRIC_REPRESENTATION_ITEM() RATIONAL_B_SPLINE_CURVE((1.,0.5,1.,0.5,
1.,0.5,1.)) REPRESENTATION_ITEM('') );
#8275 = CARTESIAN_POINT('',(31.9,-51.));
#8276 = CARTESIAN_POINT('',(31.9,-48.22871870789));
#8277 = CARTESIAN_POINT('',(34.3,-49.61435935394));
#8278 = CARTESIAN_POINT('',(36.7,-51.));
#8279 = CARTESIAN_POINT('',(34.3,-52.38564064605));
#8280 = CARTESIAN_POINT('',(31.9,-53.77128129211));
#8281 = CARTESIAN_POINT('',(31.9,-51.));
#8282 = ( GEOMETRIC_REPRESENTATION_CONTEXT(2) 
PARAMETRIC_REPRESENTATION_CONTEXT() REPRESENTATION_CONTEXT('2D SPACE',''
  ) );
#8283 = PCURVE('',#2682,#8284);
#8284 = DEFINITIONAL_REPRESENTATION('',(#8285),#8289);
#8285 = LINE('',#8286,#8287);
#8286 = CARTESIAN_POINT('',(0.,1.61));
#8287 = VECTOR('',#8288,1.);
#8288 = DIRECTION('',(1.,0.));
#8289 = ( GEOMETRIC_REPRESENTATION_CONTEXT(2) 
PARAMETRIC_REPRESENTATION_CONTEXT() REPRESENTATION_CONTEXT('2D SPACE',''
  ) );
#8290 = FACE_BOUND('',#8291,.F.);
#8291 = EDGE_LOOP('',(#8292));
#8292 = ORIENTED_EDGE('',*,*,#8293,.T.);
#8293 = EDGE_CURVE('',#8294,#8294,#8296,.T.);
#8294 = VERTEX_POINT('',#8295);
#8295 = CARTESIAN_POINT('',(32.5,-69.54,1.6));
#8296 = SURFACE_CURVE('',#8297,(#8302,#8313),.PCURVE_S1.);
#8297 = CIRCLE('',#8298,0.5);
#8298 = AXIS2_PLACEMENT_3D('',#8299,#8300,#8301);
#8299 = CARTESIAN_POINT('',(32.,-69.54,1.6));
#8300 = DIRECTION('',(0.,0.,1.));
#8301 = DIRECTION('',(1.,0.,-0.));
#8302 = PCURVE('',#90,#8303);
#8303 = DEFINITIONAL_REPRESENTATION('',(#8304),#8312);
#8304 = ( BOUNDED_CURVE() B_SPLINE_CURVE(2,(#8305,#8306,#8307,#8308,
#8309,#8310,#8311),.UNSPECIFIED.,.T.,.F.) B_SPLINE_CURVE_WITH_KNOTS((1,2
    ,2,2,2,1),(-2.094395102393,0.,2.094395102393,4.188790204786,
6.28318530718,8.377580409573),.UNSPECIFIED.) CURVE() 
GEOMETRIC_REPRESENTATION_ITEM() RATIONAL_B_SPLINE_CURVE((1.,0.5,1.,0.5,
1.,0.5,1.)) REPRESENTATION_ITEM('') );
#8305 = CARTESIAN_POINT('',(5.,-14.54));
#8306 = CARTESIAN_POINT('',(5.,-13.67397459621));
#8307 = CARTESIAN_POINT('',(5.75,-14.1069872981));
#8308 = CARTESIAN_POINT('',(6.5,-14.54));
#8309 = CARTESIAN_POINT('',(5.75,-14.97301270189));
#8310 = CARTESIAN_POINT('',(5.,-15.40602540378));
#8311 = CARTESIAN_POINT('',(5.,-14.54));
#8312 = ( GEOMETRIC_REPRESENTATION_CONTEXT(2) 
PARAMETRIC_REPRESENTATION_CONTEXT() REPRESENTATION_CONTEXT('2D SPACE',''
  ) );
#8313 = PCURVE('',#2717,#8314);
#8314 = DEFINITIONAL_REPRESENTATION('',(#8315),#8319);
#8315 = LINE('',#8316,#8317);
#8316 = CARTESIAN_POINT('',(0.,1.61));
#8317 = VECTOR('',#8318,1.);
#8318 = DIRECTION('',(1.,0.));
#8319 = ( GEOMETRIC_REPRESENTATION_CONTEXT(2) 
PARAMETRIC_REPRESENTATION_CONTEXT() REPRESENTATION_CONTEXT('2D SPACE',''
  ) );
#8320 = FACE_BOUND('',#8321,.F.);
#8321 = EDGE_LOOP('',(#8322));
#8322 = ORIENTED_EDGE('',*,*,#8323,.T.);
#8323 = EDGE_CURVE('',#8324,#8324,#8326,.T.);
#8324 = VERTEX_POINT('',#8325);
#8325 = CARTESIAN_POINT('',(32.5,-67.,1.6));
#8326 = SURFACE_CURVE('',#8327,(#8332,#8343),.PCURVE_S1.);
#8327 = CIRCLE('',#8328,0.5);
#8328 = AXIS2_PLACEMENT_3D('',#8329,#8330,#8331);
#8329 = CARTESIAN_POINT('',(32.,-67.,1.6));
#8330 = DIRECTION('',(0.,0.,1.));
#8331 = DIRECTION('',(1.,0.,-0.));
#8332 = PCURVE('',#90,#8333);
#8333 = DEFINITIONAL_REPRESENTATION('',(#8334),#8342);
#8334 = ( BOUNDED_CURVE() B_SPLINE_CURVE(2,(#8335,#8336,#8337,#8338,
#8339,#8340,#8341),.UNSPECIFIED.,.T.,.F.) B_SPLINE_CURVE_WITH_KNOTS((1,2
    ,2,2,2,1),(-2.094395102393,0.,2.094395102393,4.188790204786,
6.28318530718,8.377580409573),.UNSPECIFIED.) CURVE() 
GEOMETRIC_REPRESENTATION_ITEM() RATIONAL_B_SPLINE_CURVE((1.,0.5,1.,0.5,
1.,0.5,1.)) REPRESENTATION_ITEM('') );
#8335 = CARTESIAN_POINT('',(5.,-12.));
#8336 = CARTESIAN_POINT('',(5.,-11.13397459621));
#8337 = CARTESIAN_POINT('',(5.75,-11.5669872981));
#8338 = CARTESIAN_POINT('',(6.5,-12.));
#8339 = CARTESIAN_POINT('',(5.75,-12.43301270189));
#8340 = CARTESIAN_POINT('',(5.,-12.86602540378));
#8341 = CARTESIAN_POINT('',(5.,-12.));
#8342 = ( GEOMETRIC_REPRESENTATION_CONTEXT(2) 
PARAMETRIC_REPRESENTATION_CONTEXT() REPRESENTATION_CONTEXT('2D SPACE',''
  ) );
#8343 = PCURVE('',#2752,#8344);
#8344 = DEFINITIONAL_REPRESENTATION('',(#8345),#8349);
#8345 = LINE('',#8346,#8347);
#8346 = CARTESIAN_POINT('',(0.,1.61));
#8347 = VECTOR('',#8348,1.);
#8348 = DIRECTION('',(1.,0.));
#8349 = ( GEOMETRIC_REPRESENTATION_CONTEXT(2) 
PARAMETRIC_REPRESENTATION_CONTEXT() REPRESENTATION_CONTEXT('2D SPACE',''
  ) );
#8350 = FACE_BOUND('',#8351,.F.);
#8351 = EDGE_LOOP('',(#8352));
#8352 = ORIENTED_EDGE('',*,*,#8353,.T.);
#8353 = EDGE_CURVE('',#8354,#8354,#8356,.T.);
#8354 = VERTEX_POINT('',#8355);
#8355 = CARTESIAN_POINT('',(72.6,-4.,1.6));
#8356 = SURFACE_CURVE('',#8357,(#8362,#8373),.PCURVE_S1.);
#8357 = CIRCLE('',#8358,1.6);
#8358 = AXIS2_PLACEMENT_3D('',#8359,#8360,#8361);
#8359 = CARTESIAN_POINT('',(71.,-4.,1.6));
#8360 = DIRECTION('',(0.,0.,1.));
#8361 = DIRECTION('',(1.,0.,-0.));
#8362 = PCURVE('',#90,#8363);
#8363 = DEFINITIONAL_REPRESENTATION('',(#8364),#8372);
#8364 = ( BOUNDED_CURVE() B_SPLINE_CURVE(2,(#8365,#8366,#8367,#8368,
#8369,#8370,#8371),.UNSPECIFIED.,.T.,.F.) B_SPLINE_CURVE_WITH_KNOTS((1,2
    ,2,2,2,1),(-2.094395102393,0.,2.094395102393,4.188790204786,
6.28318530718,8.377580409573),.UNSPECIFIED.) CURVE() 
GEOMETRIC_REPRESENTATION_ITEM() RATIONAL_B_SPLINE_CURVE((1.,0.5,1.,0.5,
1.,0.5,1.)) REPRESENTATION_ITEM('') );
#8365 = CARTESIAN_POINT('',(-35.1,51.));
#8366 = CARTESIAN_POINT('',(-35.1,53.77128129211));
#8367 = CARTESIAN_POINT('',(-32.7,52.385640646055));
#8368 = CARTESIAN_POINT('',(-30.3,51.));
#8369 = CARTESIAN_POINT('',(-32.7,49.614359353945));
#8370 = CARTESIAN_POINT('',(-35.1,48.22871870789));
#8371 = CARTESIAN_POINT('',(-35.1,51.));
#8372 = ( GEOMETRIC_REPRESENTATION_CONTEXT(2) 
PARAMETRIC_REPRESENTATION_CONTEXT() REPRESENTATION_CONTEXT('2D SPACE',''
  ) );
#8373 = PCURVE('',#2787,#8374);
#8374 = DEFINITIONAL_REPRESENTATION('',(#8375),#8379);
#8375 = LINE('',#8376,#8377);
#8376 = CARTESIAN_POINT('',(0.,1.61));
#8377 = VECTOR('',#8378,1.);
#8378 = DIRECTION('',(1.,0.));
#8379 = ( GEOMETRIC_REPRESENTATION_CONTEXT(2) 
PARAMETRIC_REPRESENTATION_CONTEXT() REPRESENTATION_CONTEXT('2D SPACE',''
  ) );
#8380 = FACE_BOUND('',#8381,.F.);
#8381 = EDGE_LOOP('',(#8382,#8405,#8426,#8447,#8468,#8489,#8510,#8531,
    #8552,#8573,#8594,#8615,#8636,#8657,#8678,#8699,#8720,#8741));
#8382 = ORIENTED_EDGE('',*,*,#8383,.F.);
#8383 = EDGE_CURVE('',#8384,#8386,#8388,.T.);
#8384 = VERTEX_POINT('',#8385);
#8385 = CARTESIAN_POINT('',(13.235671,-54.25903,1.6));
#8386 = VERTEX_POINT('',#8387);
#8387 = CARTESIAN_POINT('',(13.316777,-54.313223,1.6));
#8388 = SURFACE_CURVE('',#8389,(#8393,#8399),.PCURVE_S1.);
#8389 = LINE('',#8390,#8391);
#8390 = CARTESIAN_POINT('',(21.794312160678,-59.97769989397,1.6));
#8391 = VECTOR('',#8392,1.);
#8392 = DIRECTION('',(0.831471016927,-0.555568130845,0.));
#8393 = PCURVE('',#90,#8394);
#8394 = DEFINITIONAL_REPRESENTATION('',(#8395),#8398);
#8395 = B_SPLINE_CURVE_WITH_KNOTS('',1,(#8396,#8397),.UNSPECIFIED.,.F.,
  .F.,(2,2),(-10.29337281329,-10.19582762128),.PIECEWISE_BEZIER_KNOTS.);
#8396 = CARTESIAN_POINT('',(24.264329,0.74097));
#8397 = CARTESIAN_POINT('',(24.183223,0.686777));
#8398 = ( GEOMETRIC_REPRESENTATION_CONTEXT(2) 
PARAMETRIC_REPRESENTATION_CONTEXT() REPRESENTATION_CONTEXT('2D SPACE',''
  ) );
#8399 = PCURVE('',#2819,#8400);
#8400 = DEFINITIONAL_REPRESENTATION('',(#8401),#8404);
#8401 = B_SPLINE_CURVE_WITH_KNOTS('',1,(#8402,#8403),.UNSPECIFIED.,.F.,
  .F.,(2,2),(-10.29337281329,-10.19582762128),.PIECEWISE_BEZIER_KNOTS.);
#8402 = CARTESIAN_POINT('',(0.,-1.6));
#8403 = CARTESIAN_POINT('',(9.754519201375E-02,-1.6));
#8404 = ( GEOMETRIC_REPRESENTATION_CONTEXT(2) 
PARAMETRIC_REPRESENTATION_CONTEXT() REPRESENTATION_CONTEXT('2D SPACE',''
  ) );
#8405 = ORIENTED_EDGE('',*,*,#8406,.F.);
#8406 = EDGE_CURVE('',#8407,#8384,#8409,.T.);
#8407 = VERTEX_POINT('',#8408);
#8408 = CARTESIAN_POINT('',(13.14,-54.24,1.6));
#8409 = SURFACE_CURVE('',#8410,(#8414,#8420),.PCURVE_S1.);
#8410 = LINE('',#8411,#8412);
#8411 = CARTESIAN_POINT('',(24.929142493113,-56.58498836265,1.6));
#8412 = VECTOR('',#8413,1.);
#8413 = DIRECTION('',(0.980785565025,-0.195088891121,0.));
#8414 = PCURVE('',#90,#8415);
#8415 = DEFINITIONAL_REPRESENTATION('',(#8416),#8419);
#8416 = B_SPLINE_CURVE_WITH_KNOTS('',1,(#8417,#8418),.UNSPECIFIED.,.F.,
  .F.,(2,2),(-12.02010196062,-11.92255668324),.PIECEWISE_BEZIER_KNOTS.);
#8417 = CARTESIAN_POINT('',(24.36,0.76));
#8418 = CARTESIAN_POINT('',(24.264329,0.74097));
#8419 = ( GEOMETRIC_REPRESENTATION_CONTEXT(2) 
PARAMETRIC_REPRESENTATION_CONTEXT() REPRESENTATION_CONTEXT('2D SPACE',''
  ) );
#8420 = PCURVE('',#2847,#8421);
#8421 = DEFINITIONAL_REPRESENTATION('',(#8422),#8425);
#8422 = B_SPLINE_CURVE_WITH_KNOTS('',1,(#8423,#8424),.UNSPECIFIED.,.F.,
  .F.,(2,2),(-12.02010196062,-11.92255668324),.PIECEWISE_BEZIER_KNOTS.);
#8423 = CARTESIAN_POINT('',(0.,-1.6));
#8424 = CARTESIAN_POINT('',(9.754527738953E-02,-1.6));
#8425 = ( GEOMETRIC_REPRESENTATION_CONTEXT(2) 
PARAMETRIC_REPRESENTATION_CONTEXT() REPRESENTATION_CONTEXT('2D SPACE',''
  ) );
#8426 = ORIENTED_EDGE('',*,*,#8427,.F.);
#8427 = EDGE_CURVE('',#8428,#8407,#8430,.T.);
#8428 = VERTEX_POINT('',#8429);
#8429 = CARTESIAN_POINT('',(12.54,-54.24,1.6));
#8430 = SURFACE_CURVE('',#8431,(#8435,#8441),.PCURVE_S1.);
#8431 = LINE('',#8432,#8433);
#8432 = CARTESIAN_POINT('',(25.02,-54.24,1.6));
#8433 = VECTOR('',#8434,1.);
#8434 = DIRECTION('',(1.,0.,0.));
#8435 = PCURVE('',#90,#8436);
#8436 = DEFINITIONAL_REPRESENTATION('',(#8437),#8440);
#8437 = B_SPLINE_CURVE_WITH_KNOTS('',1,(#8438,#8439),.UNSPECIFIED.,.F.,
  .F.,(2,2),(-12.48,-11.88),.PIECEWISE_BEZIER_KNOTS.);
#8438 = CARTESIAN_POINT('',(24.96,0.76));
#8439 = CARTESIAN_POINT('',(24.36,0.76));
#8440 = ( GEOMETRIC_REPRESENTATION_CONTEXT(2) 
PARAMETRIC_REPRESENTATION_CONTEXT() REPRESENTATION_CONTEXT('2D SPACE',''
  ) );
#8441 = PCURVE('',#2875,#8442);
#8442 = DEFINITIONAL_REPRESENTATION('',(#8443),#8446);
#8443 = B_SPLINE_CURVE_WITH_KNOTS('',1,(#8444,#8445),.UNSPECIFIED.,.F.,
  .F.,(2,2),(-12.48,-11.88),.PIECEWISE_BEZIER_KNOTS.);
#8444 = CARTESIAN_POINT('',(0.,-1.6));
#8445 = CARTESIAN_POINT('',(0.6,-1.6));
#8446 = ( GEOMETRIC_REPRESENTATION_CONTEXT(2) 
PARAMETRIC_REPRESENTATION_CONTEXT() REPRESENTATION_CONTEXT('2D SPACE',''
  ) );
#8447 = ORIENTED_EDGE('',*,*,#8448,.F.);
#8448 = EDGE_CURVE('',#8449,#8428,#8451,.T.);
#8449 = VERTEX_POINT('',#8450);
#8450 = CARTESIAN_POINT('',(12.444329,-54.25903,1.6));
#8451 = SURFACE_CURVE('',#8452,(#8456,#8462),.PCURVE_S1.);
#8452 = LINE('',#8453,#8454);
#8453 = CARTESIAN_POINT('',(24.424470410567,-51.87604988018,1.6));
#8454 = VECTOR('',#8455,1.);
#8455 = DIRECTION('',(0.980785565025,0.195088891121,-0.));
#8456 = PCURVE('',#90,#8457);
#8457 = DEFINITIONAL_REPRESENTATION('',(#8458),#8461);
#8458 = B_SPLINE_CURVE_WITH_KNOTS('',1,(#8459,#8460),.UNSPECIFIED.,.F.,
  .F.,(2,2),(-12.21484271158,-12.11729743419),.PIECEWISE_BEZIER_KNOTS.);
#8459 = CARTESIAN_POINT('',(25.055671,0.74097));
#8460 = CARTESIAN_POINT('',(24.96,0.76));
#8461 = ( GEOMETRIC_REPRESENTATION_CONTEXT(2) 
PARAMETRIC_REPRESENTATION_CONTEXT() REPRESENTATION_CONTEXT('2D SPACE',''
  ) );
#8462 = PCURVE('',#2903,#8463);
#8463 = DEFINITIONAL_REPRESENTATION('',(#8464),#8467);
#8464 = B_SPLINE_CURVE_WITH_KNOTS('',1,(#8465,#8466),.UNSPECIFIED.,.F.,
  .F.,(2,2),(-12.21484271158,-12.11729743419),.PIECEWISE_BEZIER_KNOTS.);
#8465 = CARTESIAN_POINT('',(0.,-1.6));
#8466 = CARTESIAN_POINT('',(9.754527738953E-02,-1.6));
#8467 = ( GEOMETRIC_REPRESENTATION_CONTEXT(2) 
PARAMETRIC_REPRESENTATION_CONTEXT() REPRESENTATION_CONTEXT('2D SPACE',''
  ) );
#8468 = ORIENTED_EDGE('',*,*,#8469,.F.);
#8469 = EDGE_CURVE('',#8470,#8449,#8472,.T.);
#8470 = VERTEX_POINT('',#8471);
#8471 = CARTESIAN_POINT('',(12.363223,-54.313223,1.6));
#8472 = SURFACE_CURVE('',#8473,(#8477,#8483),.PCURVE_S1.);
#8473 = LINE('',#8474,#8475);
#8474 = CARTESIAN_POINT('',(20.89367916138,-48.61338561739,1.6));
#8475 = VECTOR('',#8476,1.);
#8476 = DIRECTION('',(0.831471016927,0.555568130845,-0.));
#8477 = PCURVE('',#90,#8478);
#8478 = DEFINITIONAL_REPRESENTATION('',(#8479),#8482);
#8479 = B_SPLINE_CURVE_WITH_KNOTS('',1,(#8480,#8481),.UNSPECIFIED.,.F.,
  .F.,(2,2),(-10.25947506012,-10.16192986811),.PIECEWISE_BEZIER_KNOTS.);
#8480 = CARTESIAN_POINT('',(25.136777,0.686777));
#8481 = CARTESIAN_POINT('',(25.055671,0.74097));
#8482 = ( GEOMETRIC_REPRESENTATION_CONTEXT(2) 
PARAMETRIC_REPRESENTATION_CONTEXT() REPRESENTATION_CONTEXT('2D SPACE',''
  ) );
#8483 = PCURVE('',#2931,#8484);
#8484 = DEFINITIONAL_REPRESENTATION('',(#8485),#8488);
#8485 = B_SPLINE_CURVE_WITH_KNOTS('',1,(#8486,#8487),.UNSPECIFIED.,.F.,
  .F.,(2,2),(-10.25947506012,-10.16192986811),.PIECEWISE_BEZIER_KNOTS.);
#8486 = CARTESIAN_POINT('',(0.,-1.6));
#8487 = CARTESIAN_POINT('',(9.754519201375E-02,-1.6));
#8488 = ( GEOMETRIC_REPRESENTATION_CONTEXT(2) 
PARAMETRIC_REPRESENTATION_CONTEXT() REPRESENTATION_CONTEXT('2D SPACE',''
  ) );
#8489 = ORIENTED_EDGE('',*,*,#8490,.F.);
#8490 = EDGE_CURVE('',#8491,#8470,#8493,.T.);
#8491 = VERTEX_POINT('',#8492);
#8492 = CARTESIAN_POINT('',(12.30903,-54.394329,1.6));
#8493 = SURFACE_CURVE('',#8494,(#8498,#8504),.PCURVE_S1.);
#8494 = LINE('',#8495,#8496);
#8495 = CARTESIAN_POINT('',(16.056809896247,-48.78534931138,1.6));
#8496 = VECTOR('',#8497,1.);
#8497 = DIRECTION('',(0.555568130845,0.831471016927,-0.));
#8498 = PCURVE('',#90,#8499);
#8499 = DEFINITIONAL_REPRESENTATION('',(#8500),#8503);
#8500 = B_SPLINE_CURVE_WITH_KNOTS('',1,(#8501,#8502),.UNSPECIFIED.,.F.,
  .F.,(2,2),(-6.74585111739,-6.648305925376),.PIECEWISE_BEZIER_KNOTS.);
#8501 = CARTESIAN_POINT('',(25.19097,0.605671));
#8502 = CARTESIAN_POINT('',(25.136777,0.686777));
#8503 = ( GEOMETRIC_REPRESENTATION_CONTEXT(2) 
PARAMETRIC_REPRESENTATION_CONTEXT() REPRESENTATION_CONTEXT('2D SPACE',''
  ) );
#8504 = PCURVE('',#2959,#8505);
#8505 = DEFINITIONAL_REPRESENTATION('',(#8506),#8509);
#8506 = B_SPLINE_CURVE_WITH_KNOTS('',1,(#8507,#8508),.UNSPECIFIED.,.F.,
  .F.,(2,2),(-6.74585111739,-6.648305925376),.PIECEWISE_BEZIER_KNOTS.);
#8507 = CARTESIAN_POINT('',(0.,-1.6));
#8508 = CARTESIAN_POINT('',(9.754519201375E-02,-1.6));
#8509 = ( GEOMETRIC_REPRESENTATION_CONTEXT(2) 
PARAMETRIC_REPRESENTATION_CONTEXT() REPRESENTATION_CONTEXT('2D SPACE',''
  ) );
#8510 = ORIENTED_EDGE('',*,*,#8511,.F.);
#8511 = EDGE_CURVE('',#8512,#8491,#8514,.T.);
#8512 = VERTEX_POINT('',#8513);
#8513 = CARTESIAN_POINT('',(12.29,-54.49,1.6));
#8514 = SURFACE_CURVE('',#8515,(#8519,#8525),.PCURVE_S1.);
#8515 = LINE('',#8516,#8517);
#8516 = CARTESIAN_POINT('',(12.720950414987,-52.32344944024,1.6));
#8517 = VECTOR('',#8518,1.);
#8518 = DIRECTION('',(0.195088891121,0.980785565025,-0.));
#8519 = PCURVE('',#90,#8520);
#8520 = DEFINITIONAL_REPRESENTATION('',(#8521),#8524);
#8521 = B_SPLINE_CURVE_WITH_KNOTS('',1,(#8522,#8523),.UNSPECIFIED.,.F.,
  .F.,(2,2),(-2.208995153497,-2.111449876108),.PIECEWISE_BEZIER_KNOTS.);
#8522 = CARTESIAN_POINT('',(25.21,0.51));
#8523 = CARTESIAN_POINT('',(25.19097,0.605671));
#8524 = ( GEOMETRIC_REPRESENTATION_CONTEXT(2) 
PARAMETRIC_REPRESENTATION_CONTEXT() REPRESENTATION_CONTEXT('2D SPACE',''
  ) );
#8525 = PCURVE('',#2987,#8526);
#8526 = DEFINITIONAL_REPRESENTATION('',(#8527),#8530);
#8527 = B_SPLINE_CURVE_WITH_KNOTS('',1,(#8528,#8529),.UNSPECIFIED.,.F.,
  .F.,(2,2),(-2.208995153497,-2.111449876108),.PIECEWISE_BEZIER_KNOTS.);
#8528 = CARTESIAN_POINT('',(0.,-1.6));
#8529 = CARTESIAN_POINT('',(9.754527738953E-02,-1.6));
#8530 = ( GEOMETRIC_REPRESENTATION_CONTEXT(2) 
PARAMETRIC_REPRESENTATION_CONTEXT() REPRESENTATION_CONTEXT('2D SPACE',''
  ) );
#8531 = ORIENTED_EDGE('',*,*,#8532,.F.);
#8532 = EDGE_CURVE('',#8533,#8512,#8535,.T.);
#8533 = VERTEX_POINT('',#8534);
#8534 = CARTESIAN_POINT('',(12.30903,-54.585671,1.6));
#8535 = SURFACE_CURVE('',#8536,(#8540,#8546),.PCURVE_S1.);
#8536 = LINE('',#8537,#8538);
#8537 = CARTESIAN_POINT('',(12.828049002824,-57.19497562528,1.6));
#8538 = VECTOR('',#8539,1.);
#8539 = DIRECTION('',(-0.195088891121,0.980785565025,0.));
#8540 = PCURVE('',#90,#8541);
#8541 = DEFINITIONAL_REPRESENTATION('',(#8542),#8545);
#8542 = B_SPLINE_CURVE_WITH_KNOTS('',1,(#8543,#8544),.UNSPECIFIED.,.F.,
  .F.,(2,2),(2.660423152965,2.757968430355),.PIECEWISE_BEZIER_KNOTS.);
#8543 = CARTESIAN_POINT('',(25.19097,0.414329));
#8544 = CARTESIAN_POINT('',(25.21,0.51));
#8545 = ( GEOMETRIC_REPRESENTATION_CONTEXT(2) 
PARAMETRIC_REPRESENTATION_CONTEXT() REPRESENTATION_CONTEXT('2D SPACE',''
  ) );
#8546 = PCURVE('',#3015,#8547);
#8547 = DEFINITIONAL_REPRESENTATION('',(#8548),#8551);
#8548 = B_SPLINE_CURVE_WITH_KNOTS('',1,(#8549,#8550),.UNSPECIFIED.,.F.,
  .F.,(2,2),(2.660423152965,2.757968430355),.PIECEWISE_BEZIER_KNOTS.);
#8549 = CARTESIAN_POINT('',(0.,-1.6));
#8550 = CARTESIAN_POINT('',(9.754527738952E-02,-1.6));
#8551 = ( GEOMETRIC_REPRESENTATION_CONTEXT(2) 
PARAMETRIC_REPRESENTATION_CONTEXT() REPRESENTATION_CONTEXT('2D SPACE',''
  ) );
#8552 = ORIENTED_EDGE('',*,*,#8553,.F.);
#8553 = EDGE_CURVE('',#8554,#8533,#8556,.T.);
#8554 = VERTEX_POINT('',#8555);
#8555 = CARTESIAN_POINT('',(12.363223,-54.666777,1.6));
#8556 = SURFACE_CURVE('',#8557,(#8561,#8567),.PCURVE_S1.);
#8557 = LINE('',#8558,#8559);
#8558 = CARTESIAN_POINT('',(16.319495183597,-60.58778915512,1.6));
#8559 = VECTOR('',#8560,1.);
#8560 = DIRECTION('',(-0.555568130845,0.831471016927,0.));
#8561 = PCURVE('',#90,#8562);
#8562 = DEFINITIONAL_REPRESENTATION('',(#8563),#8566);
#8563 = B_SPLINE_CURVE_WITH_KNOTS('',1,(#8564,#8565),.UNSPECIFIED.,.F.,
  .F.,(2,2),(7.121128740015,7.218673932029),.PIECEWISE_BEZIER_KNOTS.);
#8564 = CARTESIAN_POINT('',(25.136777,0.333223));
#8565 = CARTESIAN_POINT('',(25.19097,0.414329));
#8566 = ( GEOMETRIC_REPRESENTATION_CONTEXT(2) 
PARAMETRIC_REPRESENTATION_CONTEXT() REPRESENTATION_CONTEXT('2D SPACE',''
  ) );
#8567 = PCURVE('',#3043,#8568);
#8568 = DEFINITIONAL_REPRESENTATION('',(#8569),#8572);
#8569 = B_SPLINE_CURVE_WITH_KNOTS('',1,(#8570,#8571),.UNSPECIFIED.,.F.,
  .F.,(2,2),(7.121128740015,7.218673932029),.PIECEWISE_BEZIER_KNOTS.);
#8570 = CARTESIAN_POINT('',(0.,-1.6));
#8571 = CARTESIAN_POINT('',(9.754519201376E-02,-1.6));
#8572 = ( GEOMETRIC_REPRESENTATION_CONTEXT(2) 
PARAMETRIC_REPRESENTATION_CONTEXT() REPRESENTATION_CONTEXT('2D SPACE',''
  ) );
#8573 = ORIENTED_EDGE('',*,*,#8574,.F.);
#8574 = EDGE_CURVE('',#8575,#8554,#8577,.T.);
#8575 = VERTEX_POINT('',#8576);
#8576 = CARTESIAN_POINT('',(12.444329,-54.72097,1.6));
#8577 = SURFACE_CURVE('',#8578,(#8582,#8588),.PCURVE_S1.);
#8578 = LINE('',#8579,#8580);
#8579 = CARTESIAN_POINT('',(21.169820948731,-60.55112541609,1.6));
#8580 = VECTOR('',#8581,1.);
#8581 = DIRECTION('',(-0.831471016927,0.555568130845,0.));
#8582 = PCURVE('',#90,#8583);
#8583 = DEFINITIONAL_REPRESENTATION('',(#8584),#8587);
#8584 = B_SPLINE_CURVE_WITH_KNOTS('',1,(#8585,#8586),.UNSPECIFIED.,.F.,
  .F.,(2,2),(10.494042210852,10.591587402866),.PIECEWISE_BEZIER_KNOTS.);
#8585 = CARTESIAN_POINT('',(25.055671,0.27903));
#8586 = CARTESIAN_POINT('',(25.136777,0.333223));
#8587 = ( GEOMETRIC_REPRESENTATION_CONTEXT(2) 
PARAMETRIC_REPRESENTATION_CONTEXT() REPRESENTATION_CONTEXT('2D SPACE',''
  ) );
#8588 = PCURVE('',#3071,#8589);
#8589 = DEFINITIONAL_REPRESENTATION('',(#8590),#8593);
#8590 = B_SPLINE_CURVE_WITH_KNOTS('',1,(#8591,#8592),.UNSPECIFIED.,.F.,
  .F.,(2,2),(10.494042210852,10.591587402866),.PIECEWISE_BEZIER_KNOTS.);
#8591 = CARTESIAN_POINT('',(0.,-1.6));
#8592 = CARTESIAN_POINT('',(9.754519201375E-02,-1.6));
#8593 = ( GEOMETRIC_REPRESENTATION_CONTEXT(2) 
PARAMETRIC_REPRESENTATION_CONTEXT() REPRESENTATION_CONTEXT('2D SPACE',''
  ) );
#8594 = ORIENTED_EDGE('',*,*,#8595,.F.);
#8595 = EDGE_CURVE('',#8596,#8575,#8598,.T.);
#8596 = VERTEX_POINT('',#8597);
#8597 = CARTESIAN_POINT('',(12.54,-54.74,1.6));
#8598 = SURFACE_CURVE('',#8599,(#8603,#8609),.PCURVE_S1.);
#8599 = LINE('',#8600,#8601);
#8600 = CARTESIAN_POINT('',(24.569889498404,-57.13287555429,1.6));
#8601 = VECTOR('',#8602,1.);
#8602 = DIRECTION('',(-0.980785565025,0.195088891121,0.));
#8603 = PCURVE('',#90,#8604);
#8604 = DEFINITIONAL_REPRESENTATION('',(#8605),#8608);
#8605 = B_SPLINE_CURVE_WITH_KNOTS('',1,(#8606,#8607),.UNSPECIFIED.,.F.,
  .F.,(2,2),(12.265565407357,12.363110684746),.PIECEWISE_BEZIER_KNOTS.);
#8606 = CARTESIAN_POINT('',(24.96,0.26));
#8607 = CARTESIAN_POINT('',(25.055671,0.27903));
#8608 = ( GEOMETRIC_REPRESENTATION_CONTEXT(2) 
PARAMETRIC_REPRESENTATION_CONTEXT() REPRESENTATION_CONTEXT('2D SPACE',''
  ) );
#8609 = PCURVE('',#3099,#8610);
#8610 = DEFINITIONAL_REPRESENTATION('',(#8611),#8614);
#8611 = B_SPLINE_CURVE_WITH_KNOTS('',1,(#8612,#8613),.UNSPECIFIED.,.F.,
  .F.,(2,2),(12.265565407357,12.363110684746),.PIECEWISE_BEZIER_KNOTS.);
#8612 = CARTESIAN_POINT('',(0.,-1.6));
#8613 = CARTESIAN_POINT('',(9.754527738953E-02,-1.6));
#8614 = ( GEOMETRIC_REPRESENTATION_CONTEXT(2) 
PARAMETRIC_REPRESENTATION_CONTEXT() REPRESENTATION_CONTEXT('2D SPACE',''
  ) );
#8615 = ORIENTED_EDGE('',*,*,#8616,.F.);
#8616 = EDGE_CURVE('',#8617,#8596,#8619,.T.);
#8617 = VERTEX_POINT('',#8618);
#8618 = CARTESIAN_POINT('',(13.14,-54.74,1.6));
#8619 = SURFACE_CURVE('',#8620,(#8624,#8630),.PCURVE_S1.);
#8620 = LINE('',#8621,#8622);
#8621 = CARTESIAN_POINT('',(25.32,-54.74,1.6));
#8622 = VECTOR('',#8623,1.);
#8623 = DIRECTION('',(-1.,0.,0.));
#8624 = PCURVE('',#90,#8625);
#8625 = DEFINITIONAL_REPRESENTATION('',(#8626),#8629);
#8626 = B_SPLINE_CURVE_WITH_KNOTS('',1,(#8627,#8628),.UNSPECIFIED.,.F.,
  .F.,(2,2),(12.18,12.78),.PIECEWISE_BEZIER_KNOTS.);
#8627 = CARTESIAN_POINT('',(24.36,0.26));
#8628 = CARTESIAN_POINT('',(24.96,0.26));
#8629 = ( GEOMETRIC_REPRESENTATION_CONTEXT(2) 
PARAMETRIC_REPRESENTATION_CONTEXT() REPRESENTATION_CONTEXT('2D SPACE',''
  ) );
#8630 = PCURVE('',#3127,#8631);
#8631 = DEFINITIONAL_REPRESENTATION('',(#8632),#8635);
#8632 = B_SPLINE_CURVE_WITH_KNOTS('',1,(#8633,#8634),.UNSPECIFIED.,.F.,
  .F.,(2,2),(12.18,12.78),.PIECEWISE_BEZIER_KNOTS.);
#8633 = CARTESIAN_POINT('',(0.,-1.6));
#8634 = CARTESIAN_POINT('',(0.6,-1.6));
#8635 = ( GEOMETRIC_REPRESENTATION_CONTEXT(2) 
PARAMETRIC_REPRESENTATION_CONTEXT() REPRESENTATION_CONTEXT('2D SPACE',''
  ) );
#8636 = ORIENTED_EDGE('',*,*,#8637,.F.);
#8637 = EDGE_CURVE('',#8638,#8617,#8640,.T.);
#8638 = VERTEX_POINT('',#8639);
#8639 = CARTESIAN_POINT('',(13.235671,-54.72097,1.6));
#8640 = SURFACE_CURVE('',#8641,(#8645,#8651),.PCURVE_S1.);
#8641 = LINE('',#8642,#8643);
#8642 = CARTESIAN_POINT('',(24.879394405276,-52.40490707181,1.6));
#8643 = VECTOR('',#8644,1.);
#8644 = DIRECTION('',(-0.980785565025,-0.195088891121,0.));
#8645 = PCURVE('',#90,#8646);
#8646 = DEFINITIONAL_REPRESENTATION('',(#8647),#8650);
#8647 = B_SPLINE_CURVE_WITH_KNOTS('',1,(#8648,#8649),.UNSPECIFIED.,.F.,
  .F.,(2,2),(11.871833987463,11.969379264852),.PIECEWISE_BEZIER_KNOTS.);
#8648 = CARTESIAN_POINT('',(24.264329,0.27903));
#8649 = CARTESIAN_POINT('',(24.36,0.26));
#8650 = ( GEOMETRIC_REPRESENTATION_CONTEXT(2) 
PARAMETRIC_REPRESENTATION_CONTEXT() REPRESENTATION_CONTEXT('2D SPACE',''
  ) );
#8651 = PCURVE('',#3155,#8652);
#8652 = DEFINITIONAL_REPRESENTATION('',(#8653),#8656);
#8653 = B_SPLINE_CURVE_WITH_KNOTS('',1,(#8654,#8655),.UNSPECIFIED.,.F.,
  .F.,(2,2),(11.871833987463,11.969379264852),.PIECEWISE_BEZIER_KNOTS.);
#8654 = CARTESIAN_POINT('',(0.,-1.6));
#8655 = CARTESIAN_POINT('',(9.754527738953E-02,-1.6));
#8656 = ( GEOMETRIC_REPRESENTATION_CONTEXT(2) 
PARAMETRIC_REPRESENTATION_CONTEXT() REPRESENTATION_CONTEXT('2D SPACE',''
  ) );
#8657 = ORIENTED_EDGE('',*,*,#8658,.F.);
#8658 = EDGE_CURVE('',#8659,#8638,#8661,.T.);
#8659 = VERTEX_POINT('',#8660);
#8660 = CARTESIAN_POINT('',(13.316777,-54.666777,1.6));
#8661 = SURFACE_CURVE('',#8662,(#8666,#8672),.PCURVE_S1.);
#8662 = LINE('',#8663,#8664);
#8663 = CARTESIAN_POINT('',(21.599276373327,-49.13261813951,1.6));
#8664 = VECTOR('',#8665,1.);
#8665 = DIRECTION('',(-0.831471016927,-0.555568130845,0.));
#8666 = PCURVE('',#90,#8667);
#8667 = DEFINITIONAL_REPRESENTATION('',(#8668),#8671);
#8668 = B_SPLINE_CURVE_WITH_KNOTS('',1,(#8669,#8670),.UNSPECIFIED.,.F.,
  .F.,(2,2),(9.961260470557,10.058805662571),.PIECEWISE_BEZIER_KNOTS.);
#8669 = CARTESIAN_POINT('',(24.183223,0.333223));
#8670 = CARTESIAN_POINT('',(24.264329,0.27903));
#8671 = ( GEOMETRIC_REPRESENTATION_CONTEXT(2) 
PARAMETRIC_REPRESENTATION_CONTEXT() REPRESENTATION_CONTEXT('2D SPACE',''
  ) );
#8672 = PCURVE('',#3183,#8673);
#8673 = DEFINITIONAL_REPRESENTATION('',(#8674),#8677);
#8674 = B_SPLINE_CURVE_WITH_KNOTS('',1,(#8675,#8676),.UNSPECIFIED.,.F.,
  .F.,(2,2),(9.961260470557,10.058805662571),.PIECEWISE_BEZIER_KNOTS.);
#8675 = CARTESIAN_POINT('',(0.,-1.6));
#8676 = CARTESIAN_POINT('',(9.754519201375E-02,-1.6));
#8677 = ( GEOMETRIC_REPRESENTATION_CONTEXT(2) 
PARAMETRIC_REPRESENTATION_CONTEXT() REPRESENTATION_CONTEXT('2D SPACE',''
  ) );
#8678 = ORIENTED_EDGE('',*,*,#8679,.F.);
#8679 = EDGE_CURVE('',#8680,#8659,#8682,.T.);
#8680 = VERTEX_POINT('',#8681);
#8681 = CARTESIAN_POINT('',(13.37097,-54.585671,1.6));
#8682 = SURFACE_CURVE('',#8683,(#8687,#8693),.PCURVE_S1.);
#8683 = LINE('',#8684,#8685);
#8684 = CARTESIAN_POINT('',(16.999056994345,-49.15582537854,1.6));
#8685 = VECTOR('',#8686,1.);
#8686 = DIRECTION('',(-0.555568130845,-0.831471016927,0.));
#8687 = PCURVE('',#90,#8688);
#8688 = DEFINITIONAL_REPRESENTATION('',(#8689),#8692);
#8689 = B_SPLINE_CURVE_WITH_KNOTS('',1,(#8690,#8691),.UNSPECIFIED.,.F.,
  .F.,(2,2),(6.530408770615,6.627953962629),.PIECEWISE_BEZIER_KNOTS.);
#8690 = CARTESIAN_POINT('',(24.12903,0.414329));
#8691 = CARTESIAN_POINT('',(24.183223,0.333223));
#8692 = ( GEOMETRIC_REPRESENTATION_CONTEXT(2) 
PARAMETRIC_REPRESENTATION_CONTEXT() REPRESENTATION_CONTEXT('2D SPACE',''
  ) );
#8693 = PCURVE('',#3211,#8694);
#8694 = DEFINITIONAL_REPRESENTATION('',(#8695),#8698);
#8695 = B_SPLINE_CURVE_WITH_KNOTS('',1,(#8696,#8697),.UNSPECIFIED.,.F.,
  .F.,(2,2),(6.530408770615,6.627953962629),.PIECEWISE_BEZIER_KNOTS.);
#8696 = CARTESIAN_POINT('',(0.,-1.6));
#8697 = CARTESIAN_POINT('',(9.754519201376E-02,-1.6));
#8698 = ( GEOMETRIC_REPRESENTATION_CONTEXT(2) 
PARAMETRIC_REPRESENTATION_CONTEXT() REPRESENTATION_CONTEXT('2D SPACE',''
  ) );
#8699 = ORIENTED_EDGE('',*,*,#8700,.F.);
#8700 = EDGE_CURVE('',#8701,#8680,#8703,.T.);
#8701 = VERTEX_POINT('',#8702);
#8702 = CARTESIAN_POINT('',(13.39,-54.49,1.6));
#8703 = SURFACE_CURVE('',#8704,(#8708,#8714),.PCURVE_S1.);
#8704 = LINE('',#8705,#8706);
#8705 = CARTESIAN_POINT('',(13.800017593496,-52.4286866428,1.6));
#8706 = VECTOR('',#8707,1.);
#8707 = DIRECTION('',(-0.195088891121,-0.980785565025,0.));
#8708 = PCURVE('',#90,#8709);
#8709 = DEFINITIONAL_REPRESENTATION('',(#8710),#8713);
#8710 = B_SPLINE_CURVE_WITH_KNOTS('',1,(#8711,#8712),.UNSPECIFIED.,.F.,
  .F.,(2,2),(2.101696263381,2.19924154077),.PIECEWISE_BEZIER_KNOTS.);
#8711 = CARTESIAN_POINT('',(24.11,0.51));
#8712 = CARTESIAN_POINT('',(24.12903,0.414329));
#8713 = ( GEOMETRIC_REPRESENTATION_CONTEXT(2) 
PARAMETRIC_REPRESENTATION_CONTEXT() REPRESENTATION_CONTEXT('2D SPACE',''
  ) );
#8714 = PCURVE('',#3239,#8715);
#8715 = DEFINITIONAL_REPRESENTATION('',(#8716),#8719);
#8716 = B_SPLINE_CURVE_WITH_KNOTS('',1,(#8717,#8718),.UNSPECIFIED.,.F.,
  .F.,(2,2),(2.101696263381,2.19924154077),.PIECEWISE_BEZIER_KNOTS.);
#8717 = CARTESIAN_POINT('',(0.,-1.6));
#8718 = CARTESIAN_POINT('',(9.754527738952E-02,-1.6));
#8719 = ( GEOMETRIC_REPRESENTATION_CONTEXT(2) 
PARAMETRIC_REPRESENTATION_CONTEXT() REPRESENTATION_CONTEXT('2D SPACE',''
  ) );
#8720 = ORIENTED_EDGE('',*,*,#8721,.F.);
#8721 = EDGE_CURVE('',#8722,#8701,#8724,.T.);
#8722 = VERTEX_POINT('',#8723);
#8723 = CARTESIAN_POINT('',(13.37097,-54.394329,1.6));
#8724 = SURFACE_CURVE('',#8725,(#8729,#8735),.PCURVE_S1.);
#8725 = LINE('',#8726,#8727);
#8726 = CARTESIAN_POINT('',(13.888086181333,-56.99406742271,1.6));
#8727 = VECTOR('',#8728,1.);
#8728 = DIRECTION('',(0.195088891121,-0.980785565025,0.));
#8729 = PCURVE('',#90,#8730);
#8730 = DEFINITIONAL_REPRESENTATION('',(#8731),#8734);
#8731 = B_SPLINE_CURVE_WITH_KNOTS('',1,(#8732,#8733),.UNSPECIFIED.,.F.,
  .F.,(2,2),(-2.650669540238,-2.553124262849),.PIECEWISE_BEZIER_KNOTS.);
#8732 = CARTESIAN_POINT('',(24.12903,0.605671));
#8733 = CARTESIAN_POINT('',(24.11,0.51));
#8734 = ( GEOMETRIC_REPRESENTATION_CONTEXT(2) 
PARAMETRIC_REPRESENTATION_CONTEXT() REPRESENTATION_CONTEXT('2D SPACE',''
  ) );
#8735 = PCURVE('',#3267,#8736);
#8736 = DEFINITIONAL_REPRESENTATION('',(#8737),#8740);
#8737 = B_SPLINE_CURVE_WITH_KNOTS('',1,(#8738,#8739),.UNSPECIFIED.,.F.,
  .F.,(2,2),(-2.650669540238,-2.553124262849),.PIECEWISE_BEZIER_KNOTS.);
#8738 = CARTESIAN_POINT('',(0.,-1.6));
#8739 = CARTESIAN_POINT('',(9.754527738953E-02,-1.6));
#8740 = ( GEOMETRIC_REPRESENTATION_CONTEXT(2) 
PARAMETRIC_REPRESENTATION_CONTEXT() REPRESENTATION_CONTEXT('2D SPACE',''
  ) );
#8741 = ORIENTED_EDGE('',*,*,#8742,.F.);
#8742 = EDGE_CURVE('',#8386,#8722,#8743,.T.);
#8743 = SURFACE_CURVE('',#8744,(#8748,#8754),.PCURVE_S1.);
#8744 = LINE('',#8745,#8746);
#8745 = CARTESIAN_POINT('',(17.207549281695,-60.13620708796,1.6));
#8746 = VECTOR('',#8747,1.);
#8747 = DIRECTION('',(0.555568130845,-0.831471016927,0.));
#8748 = PCURVE('',#90,#8749);
#8749 = DEFINITIONAL_REPRESENTATION('',(#8750),#8753);
#8750 = B_SPLINE_CURVE_WITH_KNOTS('',1,(#8751,#8752),.UNSPECIFIED.,.F.,
  .F.,(2,2),(-7.003231585255,-6.905686393242),.PIECEWISE_BEZIER_KNOTS.);
#8751 = CARTESIAN_POINT('',(24.183223,0.686777));
#8752 = CARTESIAN_POINT('',(24.12903,0.605671));
#8753 = ( GEOMETRIC_REPRESENTATION_CONTEXT(2) 
PARAMETRIC_REPRESENTATION_CONTEXT() REPRESENTATION_CONTEXT('2D SPACE',''
  ) );
#8754 = PCURVE('',#3293,#8755);
#8755 = DEFINITIONAL_REPRESENTATION('',(#8756),#8759);
#8756 = B_SPLINE_CURVE_WITH_KNOTS('',1,(#8757,#8758),.UNSPECIFIED.,.F.,
  .F.,(2,2),(-7.003231585255,-6.905686393242),.PIECEWISE_BEZIER_KNOTS.);
#8757 = CARTESIAN_POINT('',(0.,-1.6));
#8758 = CARTESIAN_POINT('',(9.754519201375E-02,-1.6));
#8759 = ( GEOMETRIC_REPRESENTATION_CONTEXT(2) 
PARAMETRIC_REPRESENTATION_CONTEXT() REPRESENTATION_CONTEXT('2D SPACE',''
  ) );
#8760 = FACE_BOUND('',#8761,.F.);
#8761 = EDGE_LOOP('',(#8762,#8785,#8806,#8827,#8848,#8869,#8890,#8911,
    #8932,#8953,#8974,#8995,#9016,#9037,#9058,#9079,#9100,#9121));
#8762 = ORIENTED_EDGE('',*,*,#8763,.F.);
#8763 = EDGE_CURVE('',#8764,#8766,#8768,.T.);
#8764 = VERTEX_POINT('',#8765);
#8765 = CARTESIAN_POINT('',(13.235671,-45.27903,1.6));
#8766 = VERTEX_POINT('',#8767);
#8767 = CARTESIAN_POINT('',(13.316777,-45.333223,1.6));
#8768 = SURFACE_CURVE('',#8769,(#8773,#8779),.PCURVE_S1.);
#8769 = LINE('',#8770,#8771);
#8770 = CARTESIAN_POINT('',(23.868417366957,-52.38356510054,1.6));
#8771 = VECTOR('',#8772,1.);
#8772 = DIRECTION('',(0.831471016927,-0.555568130845,0.));
#8773 = PCURVE('',#90,#8774);
#8774 = DEFINITIONAL_REPRESENTATION('',(#8775),#8778);
#8775 = B_SPLINE_CURVE_WITH_KNOTS('',1,(#8776,#8777),.UNSPECIFIED.,.F.,
  .F.,(2,2),(-12.78787372078,-12.69032852877),.PIECEWISE_BEZIER_KNOTS.);
#8776 = CARTESIAN_POINT('',(24.264329,9.72097));
#8777 = CARTESIAN_POINT('',(24.183223,9.666777));
#8778 = ( GEOMETRIC_REPRESENTATION_CONTEXT(2) 
PARAMETRIC_REPRESENTATION_CONTEXT() REPRESENTATION_CONTEXT('2D SPACE',''
  ) );
#8779 = PCURVE('',#3325,#8780);
#8780 = DEFINITIONAL_REPRESENTATION('',(#8781),#8784);
#8781 = B_SPLINE_CURVE_WITH_KNOTS('',1,(#8782,#8783),.UNSPECIFIED.,.F.,
  .F.,(2,2),(-12.78787372078,-12.69032852877),.PIECEWISE_BEZIER_KNOTS.);
#8782 = CARTESIAN_POINT('',(0.,-1.6));
#8783 = CARTESIAN_POINT('',(9.754519201375E-02,-1.6));
#8784 = ( GEOMETRIC_REPRESENTATION_CONTEXT(2) 
PARAMETRIC_REPRESENTATION_CONTEXT() REPRESENTATION_CONTEXT('2D SPACE',''
  ) );
#8785 = ORIENTED_EDGE('',*,*,#8786,.F.);
#8786 = EDGE_CURVE('',#8787,#8764,#8789,.T.);
#8787 = VERTEX_POINT('',#8788);
#8788 = CARTESIAN_POINT('',(13.14,-45.26,1.6));
#8789 = SURFACE_CURVE('',#8790,(#8794,#8800),.PCURVE_S1.);
#8790 = LINE('',#8791,#8792);
#8791 = CARTESIAN_POINT('',(25.788260746816,-47.77587630537,1.6));
#8792 = VECTOR('',#8793,1.);
#8793 = DIRECTION('',(0.980785565025,-0.195088891121,0.));
#8794 = PCURVE('',#90,#8795);
#8795 = DEFINITIONAL_REPRESENTATION('',(#8796),#8799);
#8796 = B_SPLINE_CURVE_WITH_KNOTS('',1,(#8797,#8798),.UNSPECIFIED.,.F.,
  .F.,(2,2),(-12.89605108176,-12.79850580437),.PIECEWISE_BEZIER_KNOTS.);
#8797 = CARTESIAN_POINT('',(24.36,9.74));
#8798 = CARTESIAN_POINT('',(24.264329,9.72097));
#8799 = ( GEOMETRIC_REPRESENTATION_CONTEXT(2) 
PARAMETRIC_REPRESENTATION_CONTEXT() REPRESENTATION_CONTEXT('2D SPACE',''
  ) );
#8800 = PCURVE('',#3353,#8801);
#8801 = DEFINITIONAL_REPRESENTATION('',(#8802),#8805);
#8802 = B_SPLINE_CURVE_WITH_KNOTS('',1,(#8803,#8804),.UNSPECIFIED.,.F.,
  .F.,(2,2),(-12.89605108176,-12.79850580437),.PIECEWISE_BEZIER_KNOTS.);
#8803 = CARTESIAN_POINT('',(0.,-1.6));
#8804 = CARTESIAN_POINT('',(9.754527738953E-02,-1.6));
#8805 = ( GEOMETRIC_REPRESENTATION_CONTEXT(2) 
PARAMETRIC_REPRESENTATION_CONTEXT() REPRESENTATION_CONTEXT('2D SPACE',''
  ) );
#8806 = ORIENTED_EDGE('',*,*,#8807,.F.);
#8807 = EDGE_CURVE('',#8808,#8787,#8810,.T.);
#8808 = VERTEX_POINT('',#8809);
#8809 = CARTESIAN_POINT('',(12.54,-45.26,1.6));
#8810 = SURFACE_CURVE('',#8811,(#8815,#8821),.PCURVE_S1.);
#8811 = LINE('',#8812,#8813);
#8812 = CARTESIAN_POINT('',(25.02,-45.26,1.6));
#8813 = VECTOR('',#8814,1.);
#8814 = DIRECTION('',(1.,0.,0.));
#8815 = PCURVE('',#90,#8816);
#8816 = DEFINITIONAL_REPRESENTATION('',(#8817),#8820);
#8817 = B_SPLINE_CURVE_WITH_KNOTS('',1,(#8818,#8819),.UNSPECIFIED.,.F.,
  .F.,(2,2),(-12.48,-11.88),.PIECEWISE_BEZIER_KNOTS.);
#8818 = CARTESIAN_POINT('',(24.96,9.74));
#8819 = CARTESIAN_POINT('',(24.36,9.74));
#8820 = ( GEOMETRIC_REPRESENTATION_CONTEXT(2) 
PARAMETRIC_REPRESENTATION_CONTEXT() REPRESENTATION_CONTEXT('2D SPACE',''
  ) );
#8821 = PCURVE('',#3381,#8822);
#8822 = DEFINITIONAL_REPRESENTATION('',(#8823),#8826);
#8823 = B_SPLINE_CURVE_WITH_KNOTS('',1,(#8824,#8825),.UNSPECIFIED.,.F.,
  .F.,(2,2),(-12.48,-11.88),.PIECEWISE_BEZIER_KNOTS.);
#8824 = CARTESIAN_POINT('',(0.,-1.6));
#8825 = CARTESIAN_POINT('',(0.6,-1.6));
#8826 = ( GEOMETRIC_REPRESENTATION_CONTEXT(2) 
PARAMETRIC_REPRESENTATION_CONTEXT() REPRESENTATION_CONTEXT('2D SPACE',''
  ) );
#8827 = ORIENTED_EDGE('',*,*,#8828,.F.);
#8828 = EDGE_CURVE('',#8829,#8808,#8831,.T.);
#8829 = VERTEX_POINT('',#8830);
#8830 = CARTESIAN_POINT('',(12.444329,-45.27903,1.6));
#8831 = SURFACE_CURVE('',#8832,(#8836,#8842),.PCURVE_S1.);
#8832 = LINE('',#8833,#8834);
#8833 = CARTESIAN_POINT('',(23.565352156864,-43.0669378229,1.6));
#8834 = VECTOR('',#8835,1.);
#8835 = DIRECTION('',(0.980785565025,0.195088891121,-0.));
#8836 = PCURVE('',#90,#8837);
#8837 = DEFINITIONAL_REPRESENTATION('',(#8838),#8841);
#8838 = B_SPLINE_CURVE_WITH_KNOTS('',1,(#8839,#8840),.UNSPECIFIED.,.F.,
  .F.,(2,2),(-11.33889359044,-11.24134831305),.PIECEWISE_BEZIER_KNOTS.);
#8839 = CARTESIAN_POINT('',(25.055671,9.72097));
#8840 = CARTESIAN_POINT('',(24.96,9.74));
#8841 = ( GEOMETRIC_REPRESENTATION_CONTEXT(2) 
PARAMETRIC_REPRESENTATION_CONTEXT() REPRESENTATION_CONTEXT('2D SPACE',''
  ) );
#8842 = PCURVE('',#3409,#8843);
#8843 = DEFINITIONAL_REPRESENTATION('',(#8844),#8847);
#8844 = B_SPLINE_CURVE_WITH_KNOTS('',1,(#8845,#8846),.UNSPECIFIED.,.F.,
  .F.,(2,2),(-11.33889359044,-11.24134831305),.PIECEWISE_BEZIER_KNOTS.);
#8845 = CARTESIAN_POINT('',(0.,-1.6));
#8846 = CARTESIAN_POINT('',(9.754527738953E-02,-1.6));
#8847 = ( GEOMETRIC_REPRESENTATION_CONTEXT(2) 
PARAMETRIC_REPRESENTATION_CONTEXT() REPRESENTATION_CONTEXT('2D SPACE',''
  ) );
#8848 = ORIENTED_EDGE('',*,*,#8849,.F.);
#8849 = EDGE_CURVE('',#8850,#8829,#8852,.T.);
#8850 = VERTEX_POINT('',#8851);
#8851 = CARTESIAN_POINT('',(12.363223,-45.333223,1.6));
#8852 = SURFACE_CURVE('',#8853,(#8857,#8863),.PCURVE_S1.);
#8853 = LINE('',#8854,#8855);
#8854 = CARTESIAN_POINT('',(18.819573955101,-41.01925082396,1.6));
#8855 = VECTOR('',#8856,1.);
#8856 = DIRECTION('',(0.831471016927,0.555568130845,-0.));
#8857 = PCURVE('',#90,#8858);
#8858 = DEFINITIONAL_REPRESENTATION('',(#8859),#8862);
#8859 = B_SPLINE_CURVE_WITH_KNOTS('',1,(#8860,#8861),.UNSPECIFIED.,.F.,
  .F.,(2,2),(-7.764974152634,-7.66742896062),.PIECEWISE_BEZIER_KNOTS.);
#8860 = CARTESIAN_POINT('',(25.136777,9.666777));
#8861 = CARTESIAN_POINT('',(25.055671,9.72097));
#8862 = ( GEOMETRIC_REPRESENTATION_CONTEXT(2) 
PARAMETRIC_REPRESENTATION_CONTEXT() REPRESENTATION_CONTEXT('2D SPACE',''
  ) );
#8863 = PCURVE('',#3437,#8864);
#8864 = DEFINITIONAL_REPRESENTATION('',(#8865),#8868);
#8865 = B_SPLINE_CURVE_WITH_KNOTS('',1,(#8866,#8867),.UNSPECIFIED.,.F.,
  .F.,(2,2),(-7.764974152634,-7.66742896062),.PIECEWISE_BEZIER_KNOTS.);
#8866 = CARTESIAN_POINT('',(0.,-1.6));
#8867 = CARTESIAN_POINT('',(9.754519201375E-02,-1.6));
#8868 = ( GEOMETRIC_REPRESENTATION_CONTEXT(2) 
PARAMETRIC_REPRESENTATION_CONTEXT() REPRESENTATION_CONTEXT('2D SPACE',''
  ) );
#8869 = ORIENTED_EDGE('',*,*,#8870,.F.);
#8870 = EDGE_CURVE('',#8871,#8850,#8873,.T.);
#8871 = VERTEX_POINT('',#8872);
#8872 = CARTESIAN_POINT('',(12.30903,-45.414329,1.6));
#8873 = SURFACE_CURVE('',#8874,(#8878,#8884),.PCURVE_S1.);
#8874 = LINE('',#8875,#8876);
#8875 = CARTESIAN_POINT('',(13.982704689968,-42.90948410481,1.6));
#8876 = VECTOR('',#8877,1.);
#8877 = DIRECTION('',(0.555568130845,0.831471016927,-0.));
#8878 = PCURVE('',#90,#8879);
#8879 = DEFINITIONAL_REPRESENTATION('',(#8880),#8883);
#8880 = B_SPLINE_CURVE_WITH_KNOTS('',1,(#8881,#8882),.UNSPECIFIED.,.F.,
  .F.,(2,2),(-3.012546251388,-2.915001059374),.PIECEWISE_BEZIER_KNOTS.);
#8881 = CARTESIAN_POINT('',(25.19097,9.585671));
#8882 = CARTESIAN_POINT('',(25.136777,9.666777));
#8883 = ( GEOMETRIC_REPRESENTATION_CONTEXT(2) 
PARAMETRIC_REPRESENTATION_CONTEXT() REPRESENTATION_CONTEXT('2D SPACE',''
  ) );
#8884 = PCURVE('',#3465,#8885);
#8885 = DEFINITIONAL_REPRESENTATION('',(#8886),#8889);
#8886 = B_SPLINE_CURVE_WITH_KNOTS('',1,(#8887,#8888),.UNSPECIFIED.,.F.,
  .F.,(2,2),(-3.012546251388,-2.915001059374),.PIECEWISE_BEZIER_KNOTS.);
#8887 = CARTESIAN_POINT('',(0.,-1.6));
#8888 = CARTESIAN_POINT('',(9.754519201376E-02,-1.6));
#8889 = ( GEOMETRIC_REPRESENTATION_CONTEXT(2) 
PARAMETRIC_REPRESENTATION_CONTEXT() REPRESENTATION_CONTEXT('2D SPACE',''
  ) );
#8890 = ORIENTED_EDGE('',*,*,#8891,.F.);
#8891 = EDGE_CURVE('',#8892,#8871,#8894,.T.);
#8892 = VERTEX_POINT('',#8893);
#8893 = CARTESIAN_POINT('',(12.29,-45.51,1.6));
#8894 = SURFACE_CURVE('',#8895,(#8899,#8905),.PCURVE_S1.);
#8895 = LINE('',#8896,#8897);
#8896 = CARTESIAN_POINT('',(11.861832161284,-47.66256149752,1.6));
#8897 = VECTOR('',#8898,1.);
#8898 = DIRECTION('',(0.195088891121,0.980785565025,-0.));
#8899 = PCURVE('',#90,#8900);
#8900 = DEFINITIONAL_REPRESENTATION('',(#8901),#8904);
#8901 = B_SPLINE_CURVE_WITH_KNOTS('',1,(#8902,#8903),.UNSPECIFIED.,.F.,
  .F.,(2,2),(2.194732033465,2.292277310854),.PIECEWISE_BEZIER_KNOTS.);
#8902 = CARTESIAN_POINT('',(25.21,9.49));
#8903 = CARTESIAN_POINT('',(25.19097,9.585671));
#8904 = ( GEOMETRIC_REPRESENTATION_CONTEXT(2) 
PARAMETRIC_REPRESENTATION_CONTEXT() REPRESENTATION_CONTEXT('2D SPACE',''
  ) );
#8905 = PCURVE('',#3493,#8906);
#8906 = DEFINITIONAL_REPRESENTATION('',(#8907),#8910);
#8907 = B_SPLINE_CURVE_WITH_KNOTS('',1,(#8908,#8909),.UNSPECIFIED.,.F.,
  .F.,(2,2),(2.194732033465,2.292277310854),.PIECEWISE_BEZIER_KNOTS.);
#8908 = CARTESIAN_POINT('',(0.,-1.6));
#8909 = CARTESIAN_POINT('',(9.754527738952E-02,-1.6));
#8910 = ( GEOMETRIC_REPRESENTATION_CONTEXT(2) 
PARAMETRIC_REPRESENTATION_CONTEXT() REPRESENTATION_CONTEXT('2D SPACE',''
  ) );
#8911 = ORIENTED_EDGE('',*,*,#8912,.F.);
#8912 = EDGE_CURVE('',#8913,#8892,#8915,.T.);
#8913 = VERTEX_POINT('',#8914);
#8914 = CARTESIAN_POINT('',(12.30903,-45.605671,1.6));
#8915 = SURFACE_CURVE('',#8916,(#8920,#8926),.PCURVE_S1.);
#8916 = LINE('',#8917,#8918);
#8917 = CARTESIAN_POINT('',(13.687167256527,-52.53408768256,1.6));
#8918 = VECTOR('',#8919,1.);
#8919 = DIRECTION('',(-0.195088891121,0.980785565025,0.));
#8920 = PCURVE('',#90,#8921);
#8921 = DEFINITIONAL_REPRESENTATION('',(#8922),#8925);
#8922 = B_SPLINE_CURVE_WITH_KNOTS('',1,(#8923,#8924),.UNSPECIFIED.,.F.,
  .F.,(2,2),(7.064150339927,7.161695617316),.PIECEWISE_BEZIER_KNOTS.);
#8923 = CARTESIAN_POINT('',(25.19097,9.394329));
#8924 = CARTESIAN_POINT('',(25.21,9.49));
#8925 = ( GEOMETRIC_REPRESENTATION_CONTEXT(2) 
PARAMETRIC_REPRESENTATION_CONTEXT() REPRESENTATION_CONTEXT('2D SPACE',''
  ) );
#8926 = PCURVE('',#3521,#8927);
#8927 = DEFINITIONAL_REPRESENTATION('',(#8928),#8931);
#8928 = B_SPLINE_CURVE_WITH_KNOTS('',1,(#8929,#8930),.UNSPECIFIED.,.F.,
  .F.,(2,2),(7.064150339927,7.161695617316),.PIECEWISE_BEZIER_KNOTS.);
#8929 = CARTESIAN_POINT('',(0.,-1.6));
#8930 = CARTESIAN_POINT('',(9.754527738953E-02,-1.6));
#8931 = ( GEOMETRIC_REPRESENTATION_CONTEXT(2) 
PARAMETRIC_REPRESENTATION_CONTEXT() REPRESENTATION_CONTEXT('2D SPACE',''
  ) );
#8932 = ORIENTED_EDGE('',*,*,#8933,.F.);
#8933 = EDGE_CURVE('',#8934,#8913,#8936,.T.);
#8934 = VERTEX_POINT('',#8935);
#8935 = CARTESIAN_POINT('',(12.363223,-45.686777,1.6));
#8936 = SURFACE_CURVE('',#8937,(#8941,#8947),.PCURVE_S1.);
#8937 = LINE('',#8938,#8939);
#8938 = CARTESIAN_POINT('',(18.393600389877,-54.71192394856,1.6));
#8939 = VECTOR('',#8940,1.);
#8940 = DIRECTION('',(-0.555568130845,0.831471016927,0.));
#8941 = PCURVE('',#90,#8942);
#8942 = DEFINITIONAL_REPRESENTATION('',(#8943),#8946);
#8943 = B_SPLINE_CURVE_WITH_KNOTS('',1,(#8944,#8945),.UNSPECIFIED.,.F.,
  .F.,(2,2),(10.854433606017,10.951978798031),.PIECEWISE_BEZIER_KNOTS.);
#8944 = CARTESIAN_POINT('',(25.136777,9.313223));
#8945 = CARTESIAN_POINT('',(25.19097,9.394329));
#8946 = ( GEOMETRIC_REPRESENTATION_CONTEXT(2) 
PARAMETRIC_REPRESENTATION_CONTEXT() REPRESENTATION_CONTEXT('2D SPACE',''
  ) );
#8947 = PCURVE('',#3549,#8948);
#8948 = DEFINITIONAL_REPRESENTATION('',(#8949),#8952);
#8949 = B_SPLINE_CURVE_WITH_KNOTS('',1,(#8950,#8951),.UNSPECIFIED.,.F.,
  .F.,(2,2),(10.854433606017,10.951978798031),.PIECEWISE_BEZIER_KNOTS.);
#8950 = CARTESIAN_POINT('',(0.,-1.6));
#8951 = CARTESIAN_POINT('',(9.754519201375E-02,-1.6));
#8952 = ( GEOMETRIC_REPRESENTATION_CONTEXT(2) 
PARAMETRIC_REPRESENTATION_CONTEXT() REPRESENTATION_CONTEXT('2D SPACE',''
  ) );
#8953 = ORIENTED_EDGE('',*,*,#8954,.F.);
#8954 = EDGE_CURVE('',#8955,#8934,#8957,.T.);
#8955 = VERTEX_POINT('',#8956);
#8956 = CARTESIAN_POINT('',(12.444329,-45.74097,1.6));
#8957 = SURFACE_CURVE('',#8958,(#8962,#8968),.PCURVE_S1.);
#8958 = LINE('',#8959,#8960);
#8959 = CARTESIAN_POINT('',(23.24392615501,-52.95699062265,1.6));
#8960 = VECTOR('',#8961,1.);
#8961 = DIRECTION('',(-0.831471016927,0.555568130845,0.));
#8962 = PCURVE('',#90,#8963);
#8963 = DEFINITIONAL_REPRESENTATION('',(#8964),#8967);
#8964 = B_SPLINE_CURVE_WITH_KNOTS('',1,(#8965,#8966),.UNSPECIFIED.,.F.,
  .F.,(2,2),(12.988543118346,13.08608831036),.PIECEWISE_BEZIER_KNOTS.);
#8965 = CARTESIAN_POINT('',(25.055671,9.25903));
#8966 = CARTESIAN_POINT('',(25.136777,9.313223));
#8967 = ( GEOMETRIC_REPRESENTATION_CONTEXT(2) 
PARAMETRIC_REPRESENTATION_CONTEXT() REPRESENTATION_CONTEXT('2D SPACE',''
  ) );
#8968 = PCURVE('',#3577,#8969);
#8969 = DEFINITIONAL_REPRESENTATION('',(#8970),#8973);
#8970 = B_SPLINE_CURVE_WITH_KNOTS('',1,(#8971,#8972),.UNSPECIFIED.,.F.,
  .F.,(2,2),(12.988543118346,13.08608831036),.PIECEWISE_BEZIER_KNOTS.);
#8971 = CARTESIAN_POINT('',(0.,-1.6));
#8972 = CARTESIAN_POINT('',(9.754519201375E-02,-1.6));
#8973 = ( GEOMETRIC_REPRESENTATION_CONTEXT(2) 
PARAMETRIC_REPRESENTATION_CONTEXT() REPRESENTATION_CONTEXT('2D SPACE',''
  ) );
#8974 = ORIENTED_EDGE('',*,*,#8975,.F.);
#8975 = EDGE_CURVE('',#8976,#8955,#8978,.T.);
#8976 = VERTEX_POINT('',#8977);
#8977 = CARTESIAN_POINT('',(12.54,-45.76,1.6));
#8978 = SURFACE_CURVE('',#8979,(#8983,#8989),.PCURVE_S1.);
#8979 = LINE('',#8980,#8981);
#8980 = CARTESIAN_POINT('',(25.429007752107,-48.32376349701,1.6));
#8981 = VECTOR('',#8982,1.);
#8982 = DIRECTION('',(-0.980785565025,0.195088891121,0.));
#8983 = PCURVE('',#90,#8984);
#8984 = DEFINITIONAL_REPRESENTATION('',(#8985),#8988);
#8985 = B_SPLINE_CURVE_WITH_KNOTS('',1,(#8986,#8987),.UNSPECIFIED.,.F.,
  .F.,(2,2),(13.141514528489,13.239059805879),.PIECEWISE_BEZIER_KNOTS.);
#8986 = CARTESIAN_POINT('',(24.96,9.24));
#8987 = CARTESIAN_POINT('',(25.055671,9.25903));
#8988 = ( GEOMETRIC_REPRESENTATION_CONTEXT(2) 
PARAMETRIC_REPRESENTATION_CONTEXT() REPRESENTATION_CONTEXT('2D SPACE',''
  ) );
#8989 = PCURVE('',#3605,#8990);
#8990 = DEFINITIONAL_REPRESENTATION('',(#8991),#8994);
#8991 = B_SPLINE_CURVE_WITH_KNOTS('',1,(#8992,#8993),.UNSPECIFIED.,.F.,
  .F.,(2,2),(13.141514528489,13.239059805879),.PIECEWISE_BEZIER_KNOTS.);
#8992 = CARTESIAN_POINT('',(0.,-1.6));
#8993 = CARTESIAN_POINT('',(9.754527738953E-02,-1.6));
#8994 = ( GEOMETRIC_REPRESENTATION_CONTEXT(2) 
PARAMETRIC_REPRESENTATION_CONTEXT() REPRESENTATION_CONTEXT('2D SPACE',''
  ) );
#8995 = ORIENTED_EDGE('',*,*,#8996,.F.);
#8996 = EDGE_CURVE('',#8997,#8976,#8999,.T.);
#8997 = VERTEX_POINT('',#8998);
#8998 = CARTESIAN_POINT('',(13.14,-45.76,1.6));
#8999 = SURFACE_CURVE('',#9000,(#9004,#9010),.PCURVE_S1.);
#9000 = LINE('',#9001,#9002);
#9001 = CARTESIAN_POINT('',(25.32,-45.76,1.6));
#9002 = VECTOR('',#9003,1.);
#9003 = DIRECTION('',(-1.,0.,0.));
#9004 = PCURVE('',#90,#9005);
#9005 = DEFINITIONAL_REPRESENTATION('',(#9006),#9009);
#9006 = B_SPLINE_CURVE_WITH_KNOTS('',1,(#9007,#9008),.UNSPECIFIED.,.F.,
  .F.,(2,2),(12.18,12.78),.PIECEWISE_BEZIER_KNOTS.);
#9007 = CARTESIAN_POINT('',(24.36,9.24));
#9008 = CARTESIAN_POINT('',(24.96,9.24));
#9009 = ( GEOMETRIC_REPRESENTATION_CONTEXT(2) 
PARAMETRIC_REPRESENTATION_CONTEXT() REPRESENTATION_CONTEXT('2D SPACE',''
  ) );
#9010 = PCURVE('',#3633,#9011);
#9011 = DEFINITIONAL_REPRESENTATION('',(#9012),#9015);
#9012 = B_SPLINE_CURVE_WITH_KNOTS('',1,(#9013,#9014),.UNSPECIFIED.,.F.,
  .F.,(2,2),(12.18,12.78),.PIECEWISE_BEZIER_KNOTS.);
#9013 = CARTESIAN_POINT('',(0.,-1.6));
#9014 = CARTESIAN_POINT('',(0.6,-1.6));
#9015 = ( GEOMETRIC_REPRESENTATION_CONTEXT(2) 
PARAMETRIC_REPRESENTATION_CONTEXT() REPRESENTATION_CONTEXT('2D SPACE',''
  ) );
#9016 = ORIENTED_EDGE('',*,*,#9017,.F.);
#9017 = EDGE_CURVE('',#9018,#8997,#9020,.T.);
#9018 = VERTEX_POINT('',#9019);
#9019 = CARTESIAN_POINT('',(13.235671,-45.74097,1.6));
#9020 = SURFACE_CURVE('',#9021,(#9025,#9031),.PCURVE_S1.);
#9021 = LINE('',#9022,#9023);
#9022 = CARTESIAN_POINT('',(24.020276151573,-43.59579501453,1.6));
#9023 = VECTOR('',#9024,1.);
#9024 = DIRECTION('',(-0.980785565025,-0.195088891121,0.));
#9025 = PCURVE('',#90,#9026);
#9026 = DEFINITIONAL_REPRESENTATION('',(#9027),#9030);
#9027 = B_SPLINE_CURVE_WITH_KNOTS('',1,(#9028,#9029),.UNSPECIFIED.,.F.,
  .F.,(2,2),(10.99588486633,11.09343014372),.PIECEWISE_BEZIER_KNOTS.);
#9028 = CARTESIAN_POINT('',(24.264329,9.25903));
#9029 = CARTESIAN_POINT('',(24.36,9.24));
#9030 = ( GEOMETRIC_REPRESENTATION_CONTEXT(2) 
PARAMETRIC_REPRESENTATION_CONTEXT() REPRESENTATION_CONTEXT('2D SPACE',''
  ) );
#9031 = PCURVE('',#3661,#9032);
#9032 = DEFINITIONAL_REPRESENTATION('',(#9033),#9036);
#9033 = B_SPLINE_CURVE_WITH_KNOTS('',1,(#9034,#9035),.UNSPECIFIED.,.F.,
  .F.,(2,2),(10.99588486633,11.09343014372),.PIECEWISE_BEZIER_KNOTS.);
#9034 = CARTESIAN_POINT('',(0.,-1.6));
#9035 = CARTESIAN_POINT('',(9.754527738953E-02,-1.6));
#9036 = ( GEOMETRIC_REPRESENTATION_CONTEXT(2) 
PARAMETRIC_REPRESENTATION_CONTEXT() REPRESENTATION_CONTEXT('2D SPACE',''
  ) );
#9037 = ORIENTED_EDGE('',*,*,#9038,.F.);
#9038 = EDGE_CURVE('',#9039,#9018,#9041,.T.);
#9039 = VERTEX_POINT('',#9040);
#9040 = CARTESIAN_POINT('',(13.316777,-45.686777,1.6));
#9041 = SURFACE_CURVE('',#9042,(#9046,#9052),.PCURVE_S1.);
#9042 = LINE('',#9043,#9044);
#9043 = CARTESIAN_POINT('',(19.525171167048,-41.53848334608,1.6));
#9044 = VECTOR('',#9045,1.);
#9045 = DIRECTION('',(-0.831471016927,-0.555568130845,0.));
#9046 = PCURVE('',#90,#9047);
#9047 = DEFINITIONAL_REPRESENTATION('',(#9048),#9051);
#9048 = B_SPLINE_CURVE_WITH_KNOTS('',1,(#9049,#9050),.UNSPECIFIED.,.F.,
  .F.,(2,2),(7.466759563063,7.564304755077),.PIECEWISE_BEZIER_KNOTS.);
#9049 = CARTESIAN_POINT('',(24.183223,9.313223));
#9050 = CARTESIAN_POINT('',(24.264329,9.25903));
#9051 = ( GEOMETRIC_REPRESENTATION_CONTEXT(2) 
PARAMETRIC_REPRESENTATION_CONTEXT() REPRESENTATION_CONTEXT('2D SPACE',''
  ) );
#9052 = PCURVE('',#3689,#9053);
#9053 = DEFINITIONAL_REPRESENTATION('',(#9054),#9057);
#9054 = B_SPLINE_CURVE_WITH_KNOTS('',1,(#9055,#9056),.UNSPECIFIED.,.F.,
  .F.,(2,2),(7.466759563063,7.564304755077),.PIECEWISE_BEZIER_KNOTS.);
#9055 = CARTESIAN_POINT('',(0.,-1.6));
#9056 = CARTESIAN_POINT('',(9.754519201375E-02,-1.6));
#9057 = ( GEOMETRIC_REPRESENTATION_CONTEXT(2) 
PARAMETRIC_REPRESENTATION_CONTEXT() REPRESENTATION_CONTEXT('2D SPACE',''
  ) );
#9058 = ORIENTED_EDGE('',*,*,#9059,.F.);
#9059 = EDGE_CURVE('',#9060,#9039,#9062,.T.);
#9060 = VERTEX_POINT('',#9061);
#9061 = CARTESIAN_POINT('',(13.37097,-45.605671,1.6));
#9062 = SURFACE_CURVE('',#9063,(#9067,#9073),.PCURVE_S1.);
#9063 = LINE('',#9064,#9065);
#9064 = CARTESIAN_POINT('',(14.924951788066,-43.27996017198,1.6));
#9065 = VECTOR('',#9066,1.);
#9066 = DIRECTION('',(-0.555568130845,-0.831471016927,0.));
#9067 = PCURVE('',#90,#9068);
#9068 = DEFINITIONAL_REPRESENTATION('',(#9069),#9072);
#9069 = B_SPLINE_CURVE_WITH_KNOTS('',1,(#9070,#9071),.UNSPECIFIED.,.F.,
  .F.,(2,2),(2.797103904614,2.894649096628),.PIECEWISE_BEZIER_KNOTS.);
#9070 = CARTESIAN_POINT('',(24.12903,9.394329));
#9071 = CARTESIAN_POINT('',(24.183223,9.313223));
#9072 = ( GEOMETRIC_REPRESENTATION_CONTEXT(2) 
PARAMETRIC_REPRESENTATION_CONTEXT() REPRESENTATION_CONTEXT('2D SPACE',''
  ) );
#9073 = PCURVE('',#3717,#9074);
#9074 = DEFINITIONAL_REPRESENTATION('',(#9075),#9078);
#9075 = B_SPLINE_CURVE_WITH_KNOTS('',1,(#9076,#9077),.UNSPECIFIED.,.F.,
  .F.,(2,2),(2.797103904614,2.894649096628),.PIECEWISE_BEZIER_KNOTS.);
#9076 = CARTESIAN_POINT('',(0.,-1.6));
#9077 = CARTESIAN_POINT('',(9.754519201375E-02,-1.6));
#9078 = ( GEOMETRIC_REPRESENTATION_CONTEXT(2) 
PARAMETRIC_REPRESENTATION_CONTEXT() REPRESENTATION_CONTEXT('2D SPACE',''
  ) );
#9079 = ORIENTED_EDGE('',*,*,#9080,.F.);
#9080 = EDGE_CURVE('',#9081,#9060,#9083,.T.);
#9081 = VERTEX_POINT('',#9082);
#9082 = CARTESIAN_POINT('',(13.39,-45.51,1.6));
#9083 = SURFACE_CURVE('',#9084,(#9088,#9094),.PCURVE_S1.);
#9084 = LINE('',#9085,#9086);
#9085 = CARTESIAN_POINT('',(12.940899339793,-47.76779870008,1.6));
#9086 = VECTOR('',#9087,1.);
#9087 = DIRECTION('',(-0.195088891121,-0.980785565025,0.));
#9088 = PCURVE('',#90,#9089);
#9089 = DEFINITIONAL_REPRESENTATION('',(#9090),#9093);
#9090 = B_SPLINE_CURVE_WITH_KNOTS('',1,(#9091,#9092),.UNSPECIFIED.,.F.,
  .F.,(2,2),(-2.302030923581,-2.204485646192),.PIECEWISE_BEZIER_KNOTS.);
#9091 = CARTESIAN_POINT('',(24.11,9.49));
#9092 = CARTESIAN_POINT('',(24.12903,9.394329));
#9093 = ( GEOMETRIC_REPRESENTATION_CONTEXT(2) 
PARAMETRIC_REPRESENTATION_CONTEXT() REPRESENTATION_CONTEXT('2D SPACE',''
  ) );
#9094 = PCURVE('',#3745,#9095);
#9095 = DEFINITIONAL_REPRESENTATION('',(#9096),#9099);
#9096 = B_SPLINE_CURVE_WITH_KNOTS('',1,(#9097,#9098),.UNSPECIFIED.,.F.,
  .F.,(2,2),(-2.302030923581,-2.204485646192),.PIECEWISE_BEZIER_KNOTS.);
#9097 = CARTESIAN_POINT('',(0.,-1.6));
#9098 = CARTESIAN_POINT('',(9.754527738953E-02,-1.6));
#9099 = ( GEOMETRIC_REPRESENTATION_CONTEXT(2) 
PARAMETRIC_REPRESENTATION_CONTEXT() REPRESENTATION_CONTEXT('2D SPACE',''
  ) );
#9100 = ORIENTED_EDGE('',*,*,#9101,.F.);
#9101 = EDGE_CURVE('',#9102,#9081,#9104,.T.);
#9102 = VERTEX_POINT('',#9103);
#9103 = CARTESIAN_POINT('',(13.37097,-45.414329,1.6));
#9104 = SURFACE_CURVE('',#9105,(#9109,#9115),.PCURVE_S1.);
#9105 = LINE('',#9106,#9107);
#9106 = CARTESIAN_POINT('',(14.747204435036,-52.33317947999,1.6));
#9107 = VECTOR('',#9108,1.);
#9108 = DIRECTION('',(0.195088891121,-0.980785565025,0.));
#9109 = PCURVE('',#90,#9110);
#9110 = DEFINITIONAL_REPRESENTATION('',(#9111),#9114);
#9111 = B_SPLINE_CURVE_WITH_KNOTS('',1,(#9112,#9113),.UNSPECIFIED.,.F.,
  .F.,(2,2),(-7.0543967272,-6.956851449811),.PIECEWISE_BEZIER_KNOTS.);
#9112 = CARTESIAN_POINT('',(24.12903,9.585671));
#9113 = CARTESIAN_POINT('',(24.11,9.49));
#9114 = ( GEOMETRIC_REPRESENTATION_CONTEXT(2) 
PARAMETRIC_REPRESENTATION_CONTEXT() REPRESENTATION_CONTEXT('2D SPACE',''
  ) );
#9115 = PCURVE('',#3773,#9116);
#9116 = DEFINITIONAL_REPRESENTATION('',(#9117),#9120);
#9117 = B_SPLINE_CURVE_WITH_KNOTS('',1,(#9118,#9119),.UNSPECIFIED.,.F.,
  .F.,(2,2),(-7.0543967272,-6.956851449811),.PIECEWISE_BEZIER_KNOTS.);
#9118 = CARTESIAN_POINT('',(0.,-1.6));
#9119 = CARTESIAN_POINT('',(9.754527738952E-02,-1.6));
#9120 = ( GEOMETRIC_REPRESENTATION_CONTEXT(2) 
PARAMETRIC_REPRESENTATION_CONTEXT() REPRESENTATION_CONTEXT('2D SPACE',''
  ) );
#9121 = ORIENTED_EDGE('',*,*,#9122,.F.);
#9122 = EDGE_CURVE('',#8766,#9102,#9123,.T.);
#9123 = SURFACE_CURVE('',#9124,(#9128,#9134),.PCURVE_S1.);
#9124 = LINE('',#9125,#9126);
#9125 = CARTESIAN_POINT('',(19.281654487974,-54.26034188139,1.6));
#9126 = VECTOR('',#9127,1.);
#9127 = DIRECTION('',(0.555568130845,-0.831471016927,0.));
#9128 = PCURVE('',#90,#9129);
#9129 = DEFINITIONAL_REPRESENTATION('',(#9130),#9133);
#9130 = B_SPLINE_CURVE_WITH_KNOTS('',1,(#9131,#9132),.UNSPECIFIED.,.F.,
  .F.,(2,2),(-10.73653645125,-10.63899125924),.PIECEWISE_BEZIER_KNOTS.);
#9131 = CARTESIAN_POINT('',(24.183223,9.666777));
#9132 = CARTESIAN_POINT('',(24.12903,9.585671));
#9133 = ( GEOMETRIC_REPRESENTATION_CONTEXT(2) 
PARAMETRIC_REPRESENTATION_CONTEXT() REPRESENTATION_CONTEXT('2D SPACE',''
  ) );
#9134 = PCURVE('',#3799,#9135);
#9135 = DEFINITIONAL_REPRESENTATION('',(#9136),#9139);
#9136 = B_SPLINE_CURVE_WITH_KNOTS('',1,(#9137,#9138),.UNSPECIFIED.,.F.,
  .F.,(2,2),(-10.73653645125,-10.63899125924),.PIECEWISE_BEZIER_KNOTS.);
#9137 = CARTESIAN_POINT('',(0.,-1.6));
#9138 = CARTESIAN_POINT('',(9.754519201376E-02,-1.6));
#9139 = ( GEOMETRIC_REPRESENTATION_CONTEXT(2) 
PARAMETRIC_REPRESENTATION_CONTEXT() REPRESENTATION_CONTEXT('2D SPACE',''
  ) );
#9140 = FACE_BOUND('',#9141,.F.);
#9141 = EDGE_LOOP('',(#9142,#9165,#9186,#9207,#9228,#9249,#9270,#9291,
    #9312,#9333,#9354,#9375,#9396,#9417,#9438,#9459,#9480,#9501));
#9142 = ORIENTED_EDGE('',*,*,#9143,.F.);
#9143 = EDGE_CURVE('',#9144,#9146,#9148,.T.);
#9144 = VERTEX_POINT('',#9145);
#9145 = CARTESIAN_POINT('',(7.285671,-53.89903,1.6));
#9146 = VERTEX_POINT('',#9147);
#9147 = CARTESIAN_POINT('',(7.366777,-53.953223,1.6));
#9148 = SURFACE_CURVE('',#9149,(#9153,#9159),.PCURVE_S1.);
#9149 = LINE('',#9150,#9151);
#9150 = CARTESIAN_POINT('',(17.984209699117,-61.04752589082,1.6));
#9151 = VECTOR('',#9152,1.);
#9152 = DIRECTION('',(0.831471016927,-0.555568130845,0.));
#9153 = PCURVE('',#90,#9154);
#9154 = DEFINITIONAL_REPRESENTATION('',(#9155),#9158);
#9155 = B_SPLINE_CURVE_WITH_KNOTS('',1,(#9156,#9157),.UNSPECIFIED.,.F.,
  .F.,(2,2),(-12.8670013522,-12.76945616019),.PIECEWISE_BEZIER_KNOTS.);
#9156 = CARTESIAN_POINT('',(30.214329,1.10097));
#9157 = CARTESIAN_POINT('',(30.133223,1.046777));
#9158 = ( GEOMETRIC_REPRESENTATION_CONTEXT(2) 
PARAMETRIC_REPRESENTATION_CONTEXT() REPRESENTATION_CONTEXT('2D SPACE',''
  ) );
#9159 = PCURVE('',#3831,#9160);
#9160 = DEFINITIONAL_REPRESENTATION('',(#9161),#9164);
#9161 = B_SPLINE_CURVE_WITH_KNOTS('',1,(#9162,#9163),.UNSPECIFIED.,.F.,
  .F.,(2,2),(-12.8670013522,-12.76945616019),.PIECEWISE_BEZIER_KNOTS.);
#9162 = CARTESIAN_POINT('',(0.,-1.6));
#9163 = CARTESIAN_POINT('',(9.754519201375E-02,-1.6));
#9164 = ( GEOMETRIC_REPRESENTATION_CONTEXT(2) 
PARAMETRIC_REPRESENTATION_CONTEXT() REPRESENTATION_CONTEXT('2D SPACE',''
  ) );
#9165 = ORIENTED_EDGE('',*,*,#9166,.F.);
#9166 = EDGE_CURVE('',#9167,#9144,#9169,.T.);
#9167 = VERTEX_POINT('',#9168);
#9168 = CARTESIAN_POINT('',(7.19,-53.88,1.6));
#9169 = SURFACE_CURVE('',#9170,(#9174,#9180),.PCURVE_S1.);
#9170 = LINE('',#9171,#9172);
#9171 = CARTESIAN_POINT('',(21.875356224978,-56.80107669995,1.6));
#9172 = VECTOR('',#9173,1.);
#9173 = DIRECTION('',(0.980785565025,-0.195088891121,0.));
#9174 = PCURVE('',#90,#9175);
#9175 = DEFINITIONAL_REPRESENTATION('',(#9176),#9179);
#9176 = B_SPLINE_CURVE_WITH_KNOTS('',1,(#9177,#9178),.UNSPECIFIED.,.F.,
  .F.,(2,2),(-14.97305501698,-14.87550973959),.PIECEWISE_BEZIER_KNOTS.);
#9177 = CARTESIAN_POINT('',(30.31,1.12));
#9178 = CARTESIAN_POINT('',(30.214329,1.10097));
#9179 = ( GEOMETRIC_REPRESENTATION_CONTEXT(2) 
PARAMETRIC_REPRESENTATION_CONTEXT() REPRESENTATION_CONTEXT('2D SPACE',''
  ) );
#9180 = PCURVE('',#3859,#9181);
#9181 = DEFINITIONAL_REPRESENTATION('',(#9182),#9185);
#9182 = B_SPLINE_CURVE_WITH_KNOTS('',1,(#9183,#9184),.UNSPECIFIED.,.F.,
  .F.,(2,2),(-14.97305501698,-14.87550973959),.PIECEWISE_BEZIER_KNOTS.);
#9183 = CARTESIAN_POINT('',(0.,-1.6));
#9184 = CARTESIAN_POINT('',(9.754527738953E-02,-1.6));
#9185 = ( GEOMETRIC_REPRESENTATION_CONTEXT(2) 
PARAMETRIC_REPRESENTATION_CONTEXT() REPRESENTATION_CONTEXT('2D SPACE',''
  ) );
#9186 = ORIENTED_EDGE('',*,*,#9187,.F.);
#9187 = EDGE_CURVE('',#9188,#9167,#9190,.T.);
#9188 = VERTEX_POINT('',#9189);
#9189 = CARTESIAN_POINT('',(6.59,-53.88,1.6));
#9190 = SURFACE_CURVE('',#9191,(#9195,#9201),.PCURVE_S1.);
#9191 = LINE('',#9192,#9193);
#9192 = CARTESIAN_POINT('',(22.045,-53.88,1.6));
#9193 = VECTOR('',#9194,1.);
#9194 = DIRECTION('',(1.,0.,0.));
#9195 = PCURVE('',#90,#9196);
#9196 = DEFINITIONAL_REPRESENTATION('',(#9197),#9200);
#9197 = B_SPLINE_CURVE_WITH_KNOTS('',1,(#9198,#9199),.UNSPECIFIED.,.F.,
  .F.,(2,2),(-15.455,-14.855),.PIECEWISE_BEZIER_KNOTS.);
#9198 = CARTESIAN_POINT('',(30.91,1.12));
#9199 = CARTESIAN_POINT('',(30.31,1.12));
#9200 = ( GEOMETRIC_REPRESENTATION_CONTEXT(2) 
PARAMETRIC_REPRESENTATION_CONTEXT() REPRESENTATION_CONTEXT('2D SPACE',''
  ) );
#9201 = PCURVE('',#3887,#9202);
#9202 = DEFINITIONAL_REPRESENTATION('',(#9203),#9206);
#9203 = B_SPLINE_CURVE_WITH_KNOTS('',1,(#9204,#9205),.UNSPECIFIED.,.F.,
  .F.,(2,2),(-15.455,-14.855),.PIECEWISE_BEZIER_KNOTS.);
#9204 = CARTESIAN_POINT('',(0.,-1.6));
#9205 = CARTESIAN_POINT('',(0.6,-1.6));
#9206 = ( GEOMETRIC_REPRESENTATION_CONTEXT(2) 
PARAMETRIC_REPRESENTATION_CONTEXT() REPRESENTATION_CONTEXT('2D SPACE',''
  ) );
#9207 = ORIENTED_EDGE('',*,*,#9208,.F.);
#9208 = EDGE_CURVE('',#9209,#9188,#9211,.T.);
#9209 = VERTEX_POINT('',#9210);
#9210 = CARTESIAN_POINT('',(6.494329,-53.89903,1.6));
#9211 = SURFACE_CURVE('',#9212,(#9216,#9222),.PCURVE_S1.);
#9212 = LINE('',#9213,#9214);
#9213 = CARTESIAN_POINT('',(21.301801609841,-50.95366302604,1.6));
#9214 = VECTOR('',#9215,1.);
#9215 = DIRECTION('',(0.980785565025,0.195088891121,-0.));
#9216 = PCURVE('',#90,#9217);
#9217 = DEFINITIONAL_REPRESENTATION('',(#9218),#9221);
#9218 = B_SPLINE_CURVE_WITH_KNOTS('',1,(#9219,#9220),.UNSPECIFIED.,.F.,
  .F.,(2,2),(-15.09756376712,-15.00001848973),.PIECEWISE_BEZIER_KNOTS.);
#9219 = CARTESIAN_POINT('',(31.005671,1.10097));
#9220 = CARTESIAN_POINT('',(30.91,1.12));
#9221 = ( GEOMETRIC_REPRESENTATION_CONTEXT(2) 
PARAMETRIC_REPRESENTATION_CONTEXT() REPRESENTATION_CONTEXT('2D SPACE',''
  ) );
#9222 = PCURVE('',#3915,#9223);
#9223 = DEFINITIONAL_REPRESENTATION('',(#9224),#9227);
#9224 = B_SPLINE_CURVE_WITH_KNOTS('',1,(#9225,#9226),.UNSPECIFIED.,.F.,
  .F.,(2,2),(-15.09756376712,-15.00001848973),.PIECEWISE_BEZIER_KNOTS.);
#9225 = CARTESIAN_POINT('',(0.,-1.6));
#9226 = CARTESIAN_POINT('',(9.754527738953E-02,-1.6));
#9227 = ( GEOMETRIC_REPRESENTATION_CONTEXT(2) 
PARAMETRIC_REPRESENTATION_CONTEXT() REPRESENTATION_CONTEXT('2D SPACE',''
  ) );
#9228 = ORIENTED_EDGE('',*,*,#9229,.F.);
#9229 = EDGE_CURVE('',#9230,#9209,#9232,.T.);
#9230 = VERTEX_POINT('',#9231);
#9231 = CARTESIAN_POINT('',(6.413223,-53.953223,1.6));
#9232 = SURFACE_CURVE('',#9233,(#9237,#9243),.PCURVE_S1.);
#9233 = LINE('',#9234,#9235);
#9234 = CARTESIAN_POINT('',(16.917278732278,-46.93467576182,1.6));
#9235 = VECTOR('',#9236,1.);
#9236 = DIRECTION('',(0.831471016927,0.555568130845,-0.));
#9237 = PCURVE('',#90,#9238);
#9238 = DEFINITIONAL_REPRESENTATION('',(#9239),#9242);
#9239 = B_SPLINE_CURVE_WITH_KNOTS('',1,(#9240,#9241),.UNSPECIFIED.,.F.,
  .F.,(2,2),(-12.63309907193,-12.53555387992),.PIECEWISE_BEZIER_KNOTS.);
#9240 = CARTESIAN_POINT('',(31.086777,1.046777));
#9241 = CARTESIAN_POINT('',(31.005671,1.10097));
#9242 = ( GEOMETRIC_REPRESENTATION_CONTEXT(2) 
PARAMETRIC_REPRESENTATION_CONTEXT() REPRESENTATION_CONTEXT('2D SPACE',''
  ) );
#9243 = PCURVE('',#3943,#9244);
#9244 = DEFINITIONAL_REPRESENTATION('',(#9245),#9248);
#9245 = B_SPLINE_CURVE_WITH_KNOTS('',1,(#9246,#9247),.UNSPECIFIED.,.F.,
  .F.,(2,2),(-12.63309907193,-12.53555387992),.PIECEWISE_BEZIER_KNOTS.);
#9246 = CARTESIAN_POINT('',(0.,-1.6));
#9247 = CARTESIAN_POINT('',(9.754519201375E-02,-1.6));
#9248 = ( GEOMETRIC_REPRESENTATION_CONTEXT(2) 
PARAMETRIC_REPRESENTATION_CONTEXT() REPRESENTATION_CONTEXT('2D SPACE',''
  ) );
#9249 = ORIENTED_EDGE('',*,*,#9250,.F.);
#9250 = EDGE_CURVE('',#9251,#9230,#9253,.T.);
#9251 = VERTEX_POINT('',#9252);
#9252 = CARTESIAN_POINT('',(6.35903,-54.034329,1.6));
#9253 = SURFACE_CURVE('',#9254,(#9258,#9264),.PCURVE_S1.);
#9254 = LINE('',#9255,#9256);
#9255 = CARTESIAN_POINT('',(10.941912357808,-47.17552331453,1.6));
#9256 = VECTOR('',#9257,1.);
#9257 = DIRECTION('',(0.555568130845,0.831471016927,-0.));
#9258 = PCURVE('',#90,#9259);
#9259 = DEFINITIONAL_REPRESENTATION('',(#9260),#9263);
#9260 = B_SPLINE_CURVE_WITH_KNOTS('',1,(#9261,#9262),.UNSPECIFIED.,.F.,
  .F.,(2,2),(-8.249001523607,-8.151456331594),.PIECEWISE_BEZIER_KNOTS.);
#9261 = CARTESIAN_POINT('',(31.14097,0.965671));
#9262 = CARTESIAN_POINT('',(31.086777,1.046777));
#9263 = ( GEOMETRIC_REPRESENTATION_CONTEXT(2) 
PARAMETRIC_REPRESENTATION_CONTEXT() REPRESENTATION_CONTEXT('2D SPACE',''
  ) );
#9264 = PCURVE('',#3971,#9265);
#9265 = DEFINITIONAL_REPRESENTATION('',(#9266),#9269);
#9266 = B_SPLINE_CURVE_WITH_KNOTS('',1,(#9267,#9268),.UNSPECIFIED.,.F.,
  .F.,(2,2),(-8.249001523607,-8.151456331594),.PIECEWISE_BEZIER_KNOTS.);
#9267 = CARTESIAN_POINT('',(0.,-1.6));
#9268 = CARTESIAN_POINT('',(9.754519201375E-02,-1.6));
#9269 = ( GEOMETRIC_REPRESENTATION_CONTEXT(2) 
PARAMETRIC_REPRESENTATION_CONTEXT() REPRESENTATION_CONTEXT('2D SPACE',''
  ) );
#9270 = ORIENTED_EDGE('',*,*,#9271,.F.);
#9271 = EDGE_CURVE('',#9272,#9251,#9274,.T.);
#9272 = VERTEX_POINT('',#9273);
#9273 = CARTESIAN_POINT('',(6.34,-54.13,1.6));
#9274 = SURFACE_CURVE('',#9275,(#9279,#9285),.PCURVE_S1.);
#9275 = LINE('',#9276,#9277);
#9276 = CARTESIAN_POINT('',(6.849736683122,-51.56736110294,1.6));
#9277 = VECTOR('',#9278,1.);
#9278 = DIRECTION('',(0.195088891121,0.980785565025,-0.));
#9279 = PCURVE('',#90,#9280);
#9280 = DEFINITIONAL_REPRESENTATION('',(#9281),#9284);
#9281 = B_SPLINE_CURVE_WITH_KNOTS('',1,(#9282,#9283),.UNSPECIFIED.,.F.,
  .F.,(2,2),(-2.612843202877,-2.515297925488),.PIECEWISE_BEZIER_KNOTS.);
#9282 = CARTESIAN_POINT('',(31.16,0.87));
#9283 = CARTESIAN_POINT('',(31.14097,0.965671));
#9284 = ( GEOMETRIC_REPRESENTATION_CONTEXT(2) 
PARAMETRIC_REPRESENTATION_CONTEXT() REPRESENTATION_CONTEXT('2D SPACE',''
  ) );
#9285 = PCURVE('',#3999,#9286);
#9286 = DEFINITIONAL_REPRESENTATION('',(#9287),#9290);
#9287 = B_SPLINE_CURVE_WITH_KNOTS('',1,(#9288,#9289),.UNSPECIFIED.,.F.,
  .F.,(2,2),(-2.612843202877,-2.515297925488),.PIECEWISE_BEZIER_KNOTS.);
#9288 = CARTESIAN_POINT('',(0.,-1.6));
#9289 = CARTESIAN_POINT('',(9.754527738953E-02,-1.6));
#9290 = ( GEOMETRIC_REPRESENTATION_CONTEXT(2) 
PARAMETRIC_REPRESENTATION_CONTEXT() REPRESENTATION_CONTEXT('2D SPACE',''
  ) );
#9291 = ORIENTED_EDGE('',*,*,#9292,.F.);
#9292 = EDGE_CURVE('',#9293,#9272,#9295,.T.);
#9293 = VERTEX_POINT('',#9294);
#9294 = CARTESIAN_POINT('',(6.35903,-54.225671,1.6));
#9295 = SURFACE_CURVE('',#9296,(#9300,#9306),.PCURVE_S1.);
#9296 = LINE('',#9297,#9298);
#9297 = CARTESIAN_POINT('',(7.02571780355,-57.57736247942,1.6));
#9298 = VECTOR('',#9299,1.);
#9299 = DIRECTION('',(-0.195088891121,0.980785565025,0.));
#9300 = PCURVE('',#90,#9301);
#9301 = DEFINITIONAL_REPRESENTATION('',(#9302),#9305);
#9302 = B_SPLINE_CURVE_WITH_KNOTS('',1,(#9303,#9304),.UNSPECIFIED.,.F.,
  .F.,(2,2),(3.417354005754,3.514899283144),.PIECEWISE_BEZIER_KNOTS.);
#9303 = CARTESIAN_POINT('',(31.14097,0.774329));
#9304 = CARTESIAN_POINT('',(31.16,0.87));
#9305 = ( GEOMETRIC_REPRESENTATION_CONTEXT(2) 
PARAMETRIC_REPRESENTATION_CONTEXT() REPRESENTATION_CONTEXT('2D SPACE',''
  ) );
#9306 = PCURVE('',#4027,#9307);
#9307 = DEFINITIONAL_REPRESENTATION('',(#9308),#9311);
#9308 = B_SPLINE_CURVE_WITH_KNOTS('',1,(#9309,#9310),.UNSPECIFIED.,.F.,
  .F.,(2,2),(3.417354005754,3.514899283144),.PIECEWISE_BEZIER_KNOTS.);
#9309 = CARTESIAN_POINT('',(0.,-1.6));
#9310 = CARTESIAN_POINT('',(9.754527738952E-02,-1.6));
#9311 = ( GEOMETRIC_REPRESENTATION_CONTEXT(2) 
PARAMETRIC_REPRESENTATION_CONTEXT() REPRESENTATION_CONTEXT('2D SPACE',''
  ) );
#9312 = ORIENTED_EDGE('',*,*,#9313,.F.);
#9313 = EDGE_CURVE('',#9314,#9293,#9316,.T.);
#9314 = VERTEX_POINT('',#9315);
#9315 = CARTESIAN_POINT('',(6.413223,-54.306777,1.6));
#9316 = SURFACE_CURVE('',#9317,(#9321,#9327),.PCURVE_S1.);
#9317 = LINE('',#9318,#9319);
#9318 = CARTESIAN_POINT('',(11.3708956127,-61.72649901069,1.6));
#9319 = VECTOR('',#9320,1.);
#9320 = DIRECTION('',(-0.555568130845,0.831471016927,0.));
#9321 = PCURVE('',#90,#9322);
#9322 = DEFINITIONAL_REPRESENTATION('',(#9323),#9326);
#9323 = B_SPLINE_CURVE_WITH_KNOTS('',1,(#9324,#9325),.UNSPECIFIED.,.F.,
  .F.,(2,2),(8.923608712327,9.021153904341),.PIECEWISE_BEZIER_KNOTS.);
#9324 = CARTESIAN_POINT('',(31.086777,0.693223));
#9325 = CARTESIAN_POINT('',(31.14097,0.774329));
#9326 = ( GEOMETRIC_REPRESENTATION_CONTEXT(2) 
PARAMETRIC_REPRESENTATION_CONTEXT() REPRESENTATION_CONTEXT('2D SPACE',''
  ) );
#9327 = PCURVE('',#4055,#9328);
#9328 = DEFINITIONAL_REPRESENTATION('',(#9329),#9332);
#9329 = B_SPLINE_CURVE_WITH_KNOTS('',1,(#9330,#9331),.UNSPECIFIED.,.F.,
  .F.,(2,2),(8.923608712327,9.021153904341),.PIECEWISE_BEZIER_KNOTS.);
#9330 = CARTESIAN_POINT('',(0.,-1.6));
#9331 = CARTESIAN_POINT('',(9.754519201375E-02,-1.6));
#9332 = ( GEOMETRIC_REPRESENTATION_CONTEXT(2) 
PARAMETRIC_REPRESENTATION_CONTEXT() REPRESENTATION_CONTEXT('2D SPACE',''
  ) );
#9333 = ORIENTED_EDGE('',*,*,#9334,.F.);
#9334 = EDGE_CURVE('',#9335,#9314,#9337,.T.);
#9335 = VERTEX_POINT('',#9336);
#9336 = CARTESIAN_POINT('',(6.494329,-54.36097,1.6));
#9337 = SURFACE_CURVE('',#9338,(#9342,#9348),.PCURVE_S1.);
#9338 = LINE('',#9339,#9340);
#9339 = CARTESIAN_POINT('',(17.359718487169,-61.62095141294,1.6));
#9340 = VECTOR('',#9341,1.);
#9341 = DIRECTION('',(-0.831471016927,0.555568130845,0.));
#9342 = PCURVE('',#90,#9343);
#9343 = DEFINITIONAL_REPRESENTATION('',(#9344),#9347);
#9344 = B_SPLINE_CURVE_WITH_KNOTS('',1,(#9345,#9346),.UNSPECIFIED.,.F.,
  .F.,(2,2),(13.067670749761,13.165215941775),.PIECEWISE_BEZIER_KNOTS.);
#9345 = CARTESIAN_POINT('',(31.005671,0.63903));
#9346 = CARTESIAN_POINT('',(31.086777,0.693223));
#9347 = ( GEOMETRIC_REPRESENTATION_CONTEXT(2) 
PARAMETRIC_REPRESENTATION_CONTEXT() REPRESENTATION_CONTEXT('2D SPACE',''
  ) );
#9348 = PCURVE('',#4083,#9349);
#9349 = DEFINITIONAL_REPRESENTATION('',(#9350),#9353);
#9350 = B_SPLINE_CURVE_WITH_KNOTS('',1,(#9351,#9352),.UNSPECIFIED.,.F.,
  .F.,(2,2),(13.067670749761,13.165215941775),.PIECEWISE_BEZIER_KNOTS.);
#9351 = CARTESIAN_POINT('',(0.,-1.6));
#9352 = CARTESIAN_POINT('',(9.754519201376E-02,-1.6));
#9353 = ( GEOMETRIC_REPRESENTATION_CONTEXT(2) 
PARAMETRIC_REPRESENTATION_CONTEXT() REPRESENTATION_CONTEXT('2D SPACE',''
  ) );
#9354 = ORIENTED_EDGE('',*,*,#9355,.F.);
#9355 = EDGE_CURVE('',#9356,#9335,#9358,.T.);
#9356 = VERTEX_POINT('',#9357);
#9357 = CARTESIAN_POINT('',(6.59,-54.38,1.6));
#9358 = SURFACE_CURVE('',#9359,(#9363,#9369),.PCURVE_S1.);
#9359 = LINE('',#9360,#9361);
#9360 = CARTESIAN_POINT('',(21.516103230269,-57.34896389158,1.6));
#9361 = VECTOR('',#9362,1.);
#9362 = DIRECTION('',(-0.980785565025,0.195088891121,0.));
#9363 = PCURVE('',#90,#9364);
#9364 = DEFINITIONAL_REPRESENTATION('',(#9365),#9368);
#9365 = B_SPLINE_CURVE_WITH_KNOTS('',1,(#9366,#9367),.UNSPECIFIED.,.F.,
  .F.,(2,2),(15.218518463707,15.316063741097),.PIECEWISE_BEZIER_KNOTS.);
#9366 = CARTESIAN_POINT('',(30.91,0.62));
#9367 = CARTESIAN_POINT('',(31.005671,0.63903));
#9368 = ( GEOMETRIC_REPRESENTATION_CONTEXT(2) 
PARAMETRIC_REPRESENTATION_CONTEXT() REPRESENTATION_CONTEXT('2D SPACE',''
  ) );
#9369 = PCURVE('',#4111,#9370);
#9370 = DEFINITIONAL_REPRESENTATION('',(#9371),#9374);
#9371 = B_SPLINE_CURVE_WITH_KNOTS('',1,(#9372,#9373),.UNSPECIFIED.,.F.,
  .F.,(2,2),(15.218518463707,15.316063741097),.PIECEWISE_BEZIER_KNOTS.);
#9372 = CARTESIAN_POINT('',(0.,-1.6));
#9373 = CARTESIAN_POINT('',(9.754527738953E-02,-1.6));
#9374 = ( GEOMETRIC_REPRESENTATION_CONTEXT(2) 
PARAMETRIC_REPRESENTATION_CONTEXT() REPRESENTATION_CONTEXT('2D SPACE',''
  ) );
#9375 = ORIENTED_EDGE('',*,*,#9376,.F.);
#9376 = EDGE_CURVE('',#9377,#9356,#9379,.T.);
#9377 = VERTEX_POINT('',#9378);
#9378 = CARTESIAN_POINT('',(7.19,-54.38,1.6));
#9379 = SURFACE_CURVE('',#9380,(#9384,#9390),.PCURVE_S1.);
#9380 = LINE('',#9381,#9382);
#9381 = CARTESIAN_POINT('',(22.345,-54.38,1.6));
#9382 = VECTOR('',#9383,1.);
#9383 = DIRECTION('',(-1.,0.,0.));
#9384 = PCURVE('',#90,#9385);
#9385 = DEFINITIONAL_REPRESENTATION('',(#9386),#9389);
#9386 = B_SPLINE_CURVE_WITH_KNOTS('',1,(#9387,#9388),.UNSPECIFIED.,.F.,
  .F.,(2,2),(15.155,15.755),.PIECEWISE_BEZIER_KNOTS.);
#9387 = CARTESIAN_POINT('',(30.31,0.62));
#9388 = CARTESIAN_POINT('',(30.91,0.62));
#9389 = ( GEOMETRIC_REPRESENTATION_CONTEXT(2) 
PARAMETRIC_REPRESENTATION_CONTEXT() REPRESENTATION_CONTEXT('2D SPACE',''
  ) );
#9390 = PCURVE('',#4139,#9391);
#9391 = DEFINITIONAL_REPRESENTATION('',(#9392),#9395);
#9392 = B_SPLINE_CURVE_WITH_KNOTS('',1,(#9393,#9394),.UNSPECIFIED.,.F.,
  .F.,(2,2),(15.155,15.755),.PIECEWISE_BEZIER_KNOTS.);
#9393 = CARTESIAN_POINT('',(0.,-1.6));
#9394 = CARTESIAN_POINT('',(0.6,-1.6));
#9395 = ( GEOMETRIC_REPRESENTATION_CONTEXT(2) 
PARAMETRIC_REPRESENTATION_CONTEXT() REPRESENTATION_CONTEXT('2D SPACE',''
  ) );
#9396 = ORIENTED_EDGE('',*,*,#9397,.F.);
#9397 = EDGE_CURVE('',#9398,#9377,#9400,.T.);
#9398 = VERTEX_POINT('',#9399);
#9399 = CARTESIAN_POINT('',(7.285671,-54.36097,1.6));
#9400 = SURFACE_CURVE('',#9401,(#9405,#9411),.PCURVE_S1.);
#9401 = LINE('',#9402,#9403);
#9402 = CARTESIAN_POINT('',(21.75672560455,-51.48252021767,1.6));
#9403 = VECTOR('',#9404,1.);
#9404 = DIRECTION('',(-0.980785565025,-0.195088891121,0.));
#9405 = PCURVE('',#90,#9406);
#9406 = DEFINITIONAL_REPRESENTATION('',(#9407),#9410);
#9407 = B_SPLINE_CURVE_WITH_KNOTS('',1,(#9408,#9409),.UNSPECIFIED.,.F.,
  .F.,(2,2),(14.75455504301,14.8521003204),.PIECEWISE_BEZIER_KNOTS.);
#9408 = CARTESIAN_POINT('',(30.214329,0.63903));
#9409 = CARTESIAN_POINT('',(30.31,0.62));
#9410 = ( GEOMETRIC_REPRESENTATION_CONTEXT(2) 
PARAMETRIC_REPRESENTATION_CONTEXT() REPRESENTATION_CONTEXT('2D SPACE',''
  ) );
#9411 = PCURVE('',#4167,#9412);
#9412 = DEFINITIONAL_REPRESENTATION('',(#9413),#9416);
#9413 = B_SPLINE_CURVE_WITH_KNOTS('',1,(#9414,#9415),.UNSPECIFIED.,.F.,
  .F.,(2,2),(14.75455504301,14.8521003204),.PIECEWISE_BEZIER_KNOTS.);
#9414 = CARTESIAN_POINT('',(0.,-1.6));
#9415 = CARTESIAN_POINT('',(9.754527738953E-02,-1.6));
#9416 = ( GEOMETRIC_REPRESENTATION_CONTEXT(2) 
PARAMETRIC_REPRESENTATION_CONTEXT() REPRESENTATION_CONTEXT('2D SPACE',''
  ) );
#9417 = ORIENTED_EDGE('',*,*,#9418,.F.);
#9418 = EDGE_CURVE('',#9419,#9398,#9421,.T.);
#9419 = VERTEX_POINT('',#9420);
#9420 = CARTESIAN_POINT('',(7.366777,-54.306777,1.6));
#9421 = SURFACE_CURVE('',#9422,(#9426,#9432),.PCURVE_S1.);
#9422 = LINE('',#9423,#9424);
#9423 = CARTESIAN_POINT('',(17.622875944224,-47.45390828394,1.6));
#9424 = VECTOR('',#9425,1.);
#9425 = DIRECTION('',(-0.831471016927,-0.555568130845,0.));
#9426 = PCURVE('',#90,#9427);
#9427 = DEFINITIONAL_REPRESENTATION('',(#9428),#9431);
#9428 = B_SPLINE_CURVE_WITH_KNOTS('',1,(#9429,#9430),.UNSPECIFIED.,.F.,
  .F.,(2,2),(12.334884482362,12.432429674376),.PIECEWISE_BEZIER_KNOTS.);
#9429 = CARTESIAN_POINT('',(30.133223,0.693223));
#9430 = CARTESIAN_POINT('',(30.214329,0.63903));
#9431 = ( GEOMETRIC_REPRESENTATION_CONTEXT(2) 
PARAMETRIC_REPRESENTATION_CONTEXT() REPRESENTATION_CONTEXT('2D SPACE',''
  ) );
#9432 = PCURVE('',#4195,#9433);
#9433 = DEFINITIONAL_REPRESENTATION('',(#9434),#9437);
#9434 = B_SPLINE_CURVE_WITH_KNOTS('',1,(#9435,#9436),.UNSPECIFIED.,.F.,
  .F.,(2,2),(12.334884482362,12.432429674376),.PIECEWISE_BEZIER_KNOTS.);
#9435 = CARTESIAN_POINT('',(0.,-1.6));
#9436 = CARTESIAN_POINT('',(9.754519201376E-02,-1.6));
#9437 = ( GEOMETRIC_REPRESENTATION_CONTEXT(2) 
PARAMETRIC_REPRESENTATION_CONTEXT() REPRESENTATION_CONTEXT('2D SPACE',''
  ) );
#9438 = ORIENTED_EDGE('',*,*,#9439,.F.);
#9439 = EDGE_CURVE('',#9440,#9419,#9442,.T.);
#9440 = VERTEX_POINT('',#9441);
#9441 = CARTESIAN_POINT('',(7.42097,-54.225671,1.6));
#9442 = SURFACE_CURVE('',#9443,(#9447,#9453),.PCURVE_S1.);
#9443 = LINE('',#9444,#9445);
#9444 = CARTESIAN_POINT('',(11.884159455906,-47.54599938169,1.6));
#9445 = VECTOR('',#9446,1.);
#9446 = DIRECTION('',(-0.555568130845,-0.831471016927,0.));
#9447 = PCURVE('',#90,#9448);
#9448 = DEFINITIONAL_REPRESENTATION('',(#9449),#9452);
#9449 = B_SPLINE_CURVE_WITH_KNOTS('',1,(#9450,#9451),.UNSPECIFIED.,.F.,
  .F.,(2,2),(8.033559176833,8.131104368847),.PIECEWISE_BEZIER_KNOTS.);
#9450 = CARTESIAN_POINT('',(30.07903,0.774329));
#9451 = CARTESIAN_POINT('',(30.133223,0.693223));
#9452 = ( GEOMETRIC_REPRESENTATION_CONTEXT(2) 
PARAMETRIC_REPRESENTATION_CONTEXT() REPRESENTATION_CONTEXT('2D SPACE',''
  ) );
#9453 = PCURVE('',#4223,#9454);
#9454 = DEFINITIONAL_REPRESENTATION('',(#9455),#9458);
#9455 = B_SPLINE_CURVE_WITH_KNOTS('',1,(#9456,#9457),.UNSPECIFIED.,.F.,
  .F.,(2,2),(8.033559176833,8.131104368847),.PIECEWISE_BEZIER_KNOTS.);
#9456 = CARTESIAN_POINT('',(0.,-1.6));
#9457 = CARTESIAN_POINT('',(9.754519201375E-02,-1.6));
#9458 = ( GEOMETRIC_REPRESENTATION_CONTEXT(2) 
PARAMETRIC_REPRESENTATION_CONTEXT() REPRESENTATION_CONTEXT('2D SPACE',''
  ) );
#9459 = ORIENTED_EDGE('',*,*,#9460,.F.);
#9460 = EDGE_CURVE('',#9461,#9440,#9463,.T.);
#9461 = VERTEX_POINT('',#9462);
#9462 = CARTESIAN_POINT('',(7.44,-54.13,1.6));
#9463 = SURFACE_CURVE('',#9464,(#9468,#9474),.PCURVE_S1.);
#9464 = LINE('',#9465,#9466);
#9465 = CARTESIAN_POINT('',(7.928803861631,-51.67259830551,1.6));
#9466 = VECTOR('',#9467,1.);
#9467 = DIRECTION('',(-0.195088891121,-0.980785565025,0.));
#9468 = PCURVE('',#90,#9469);
#9469 = DEFINITIONAL_REPRESENTATION('',(#9470),#9473);
#9470 = B_SPLINE_CURVE_WITH_KNOTS('',1,(#9471,#9472),.UNSPECIFIED.,.F.,
  .F.,(2,2),(2.505544312761,2.60308959015),.PIECEWISE_BEZIER_KNOTS.);
#9471 = CARTESIAN_POINT('',(30.06,0.87));
#9472 = CARTESIAN_POINT('',(30.07903,0.774329));
#9473 = ( GEOMETRIC_REPRESENTATION_CONTEXT(2) 
PARAMETRIC_REPRESENTATION_CONTEXT() REPRESENTATION_CONTEXT('2D SPACE',''
  ) );
#9474 = PCURVE('',#4251,#9475);
#9475 = DEFINITIONAL_REPRESENTATION('',(#9476),#9479);
#9476 = B_SPLINE_CURVE_WITH_KNOTS('',1,(#9477,#9478),.UNSPECIFIED.,.F.,
  .F.,(2,2),(2.505544312761,2.60308959015),.PIECEWISE_BEZIER_KNOTS.);
#9477 = CARTESIAN_POINT('',(0.,-1.6));
#9478 = CARTESIAN_POINT('',(9.754527738952E-02,-1.6));
#9479 = ( GEOMETRIC_REPRESENTATION_CONTEXT(2) 
PARAMETRIC_REPRESENTATION_CONTEXT() REPRESENTATION_CONTEXT('2D SPACE',''
  ) );
#9480 = ORIENTED_EDGE('',*,*,#9481,.F.);
#9481 = EDGE_CURVE('',#9482,#9461,#9484,.T.);
#9482 = VERTEX_POINT('',#9483);
#9483 = CARTESIAN_POINT('',(7.42097,-54.034329,1.6));
#9484 = SURFACE_CURVE('',#9485,(#9489,#9495),.PCURVE_S1.);
#9485 = LINE('',#9486,#9487);
#9486 = CARTESIAN_POINT('',(8.085754982059,-57.37645427685,1.6));
#9487 = VECTOR('',#9488,1.);
#9488 = DIRECTION('',(0.195088891121,-0.980785565025,0.));
#9489 = PCURVE('',#90,#9490);
#9490 = DEFINITIONAL_REPRESENTATION('',(#9491),#9494);
#9491 = B_SPLINE_CURVE_WITH_KNOTS('',1,(#9492,#9493),.UNSPECIFIED.,.F.,
  .F.,(2,2),(-3.407600393027,-3.310055115638),.PIECEWISE_BEZIER_KNOTS.);
#9492 = CARTESIAN_POINT('',(30.07903,0.965671));
#9493 = CARTESIAN_POINT('',(30.06,0.87));
#9494 = ( GEOMETRIC_REPRESENTATION_CONTEXT(2) 
PARAMETRIC_REPRESENTATION_CONTEXT() REPRESENTATION_CONTEXT('2D SPACE',''
  ) );
#9495 = PCURVE('',#4279,#9496);
#9496 = DEFINITIONAL_REPRESENTATION('',(#9497),#9500);
#9497 = B_SPLINE_CURVE_WITH_KNOTS('',1,(#9498,#9499),.UNSPECIFIED.,.F.,
  .F.,(2,2),(-3.407600393027,-3.310055115638),.PIECEWISE_BEZIER_KNOTS.);
#9498 = CARTESIAN_POINT('',(0.,-1.6));
#9499 = CARTESIAN_POINT('',(9.754527738953E-02,-1.6));
#9500 = ( GEOMETRIC_REPRESENTATION_CONTEXT(2) 
PARAMETRIC_REPRESENTATION_CONTEXT() REPRESENTATION_CONTEXT('2D SPACE',''
  ) );
#9501 = ORIENTED_EDGE('',*,*,#9502,.F.);
#9502 = EDGE_CURVE('',#9146,#9482,#9503,.T.);
#9503 = SURFACE_CURVE('',#9504,(#9508,#9514),.PCURVE_S1.);
#9504 = LINE('',#9505,#9506);
#9505 = CARTESIAN_POINT('',(12.258949710797,-61.27491694353,1.6));
#9506 = VECTOR('',#9507,1.);
#9507 = DIRECTION('',(0.555568130845,-0.831471016927,0.));
#9508 = PCURVE('',#90,#9509);
#9509 = DEFINITIONAL_REPRESENTATION('',(#9510),#9513);
#9510 = B_SPLINE_CURVE_WITH_KNOTS('',1,(#9511,#9512),.UNSPECIFIED.,.F.,
  .F.,(2,2),(-8.805711557566,-8.708166365552),.PIECEWISE_BEZIER_KNOTS.);
#9511 = CARTESIAN_POINT('',(30.133223,1.046777));
#9512 = CARTESIAN_POINT('',(30.07903,0.965671));
#9513 = ( GEOMETRIC_REPRESENTATION_CONTEXT(2) 
PARAMETRIC_REPRESENTATION_CONTEXT() REPRESENTATION_CONTEXT('2D SPACE',''
  ) );
#9514 = PCURVE('',#4305,#9515);
#9515 = DEFINITIONAL_REPRESENTATION('',(#9516),#9519);
#9516 = B_SPLINE_CURVE_WITH_KNOTS('',1,(#9517,#9518),.UNSPECIFIED.,.F.,
  .F.,(2,2),(-8.805711557566,-8.708166365552),.PIECEWISE_BEZIER_KNOTS.);
#9517 = CARTESIAN_POINT('',(0.,-1.6));
#9518 = CARTESIAN_POINT('',(9.754519201375E-02,-1.6));
#9519 = ( GEOMETRIC_REPRESENTATION_CONTEXT(2) 
PARAMETRIC_REPRESENTATION_CONTEXT() REPRESENTATION_CONTEXT('2D SPACE',''
  ) );
#9520 = FACE_BOUND('',#9521,.F.);
#9521 = EDGE_LOOP('',(#9522));
#9522 = ORIENTED_EDGE('',*,*,#9523,.T.);
#9523 = EDGE_CURVE('',#9524,#9524,#9526,.T.);
#9524 = VERTEX_POINT('',#9525);
#9525 = CARTESIAN_POINT('',(7.19,-52.4,1.6));
#9526 = SURFACE_CURVE('',#9527,(#9532,#9543),.PCURVE_S1.);
#9527 = CIRCLE('',#9528,0.2);
#9528 = AXIS2_PLACEMENT_3D('',#9529,#9530,#9531);
#9529 = CARTESIAN_POINT('',(6.99,-52.4,1.6));
#9530 = DIRECTION('',(0.,0.,1.));
#9531 = DIRECTION('',(1.,0.,-0.));
#9532 = PCURVE('',#90,#9533);
#9533 = DEFINITIONAL_REPRESENTATION('',(#9534),#9542);
#9534 = ( BOUNDED_CURVE() B_SPLINE_CURVE(2,(#9535,#9536,#9537,#9538,
#9539,#9540,#9541),.UNSPECIFIED.,.T.,.F.) B_SPLINE_CURVE_WITH_KNOTS((1,2
    ,2,2,2,1),(-2.094395102393,0.,2.094395102393,4.188790204786,
6.28318530718,8.377580409573),.UNSPECIFIED.) CURVE() 
GEOMETRIC_REPRESENTATION_ITEM() RATIONAL_B_SPLINE_CURVE((1.,0.5,1.,0.5,
1.,0.5,1.)) REPRESENTATION_ITEM('') );
#9535 = CARTESIAN_POINT('',(30.31,2.6));
#9536 = CARTESIAN_POINT('',(30.31,2.946410161514));
#9537 = CARTESIAN_POINT('',(30.61,2.773205080757));
#9538 = CARTESIAN_POINT('',(30.91,2.6));
#9539 = CARTESIAN_POINT('',(30.61,2.426794919243));
#9540 = CARTESIAN_POINT('',(30.31,2.253589838486));
#9541 = CARTESIAN_POINT('',(30.31,2.6));
#9542 = ( GEOMETRIC_REPRESENTATION_CONTEXT(2) 
PARAMETRIC_REPRESENTATION_CONTEXT() REPRESENTATION_CONTEXT('2D SPACE',''
  ) );
#9543 = PCURVE('',#4340,#9544);
#9544 = DEFINITIONAL_REPRESENTATION('',(#9545),#9549);
#9545 = LINE('',#9546,#9547);
#9546 = CARTESIAN_POINT('',(0.,1.61));
#9547 = VECTOR('',#9548,1.);
#9548 = DIRECTION('',(1.,0.));
#9549 = ( GEOMETRIC_REPRESENTATION_CONTEXT(2) 
PARAMETRIC_REPRESENTATION_CONTEXT() REPRESENTATION_CONTEXT('2D SPACE',''
  ) );
#9550 = FACE_BOUND('',#9551,.F.);
#9551 = EDGE_LOOP('',(#9552));
#9552 = ORIENTED_EDGE('',*,*,#9553,.T.);
#9553 = EDGE_CURVE('',#9554,#9554,#9556,.T.);
#9554 = VERTEX_POINT('',#9555);
#9555 = CARTESIAN_POINT('',(7.19,-51.6,1.6));
#9556 = SURFACE_CURVE('',#9557,(#9562,#9573),.PCURVE_S1.);
#9557 = CIRCLE('',#9558,0.2);
#9558 = AXIS2_PLACEMENT_3D('',#9559,#9560,#9561);
#9559 = CARTESIAN_POINT('',(6.99,-51.6,1.6));
#9560 = DIRECTION('',(0.,0.,1.));
#9561 = DIRECTION('',(1.,0.,-0.));
#9562 = PCURVE('',#90,#9563);
#9563 = DEFINITIONAL_REPRESENTATION('',(#9564),#9572);
#9564 = ( BOUNDED_CURVE() B_SPLINE_CURVE(2,(#9565,#9566,#9567,#9568,
#9569,#9570,#9571),.UNSPECIFIED.,.T.,.F.) B_SPLINE_CURVE_WITH_KNOTS((1,2
    ,2,2,2,1),(-2.094395102393,0.,2.094395102393,4.188790204786,
6.28318530718,8.377580409573),.UNSPECIFIED.) CURVE() 
GEOMETRIC_REPRESENTATION_ITEM() RATIONAL_B_SPLINE_CURVE((1.,0.5,1.,0.5,
1.,0.5,1.)) REPRESENTATION_ITEM('') );
#9565 = CARTESIAN_POINT('',(30.31,3.4));
#9566 = CARTESIAN_POINT('',(30.31,3.746410161514));
#9567 = CARTESIAN_POINT('',(30.61,3.573205080757));
#9568 = CARTESIAN_POINT('',(30.91,3.4));
#9569 = CARTESIAN_POINT('',(30.61,3.226794919243));
#9570 = CARTESIAN_POINT('',(30.31,3.053589838486));
#9571 = CARTESIAN_POINT('',(30.31,3.4));
#9572 = ( GEOMETRIC_REPRESENTATION_CONTEXT(2) 
PARAMETRIC_REPRESENTATION_CONTEXT() REPRESENTATION_CONTEXT('2D SPACE',''
  ) );
#9573 = PCURVE('',#4375,#9574);
#9574 = DEFINITIONAL_REPRESENTATION('',(#9575),#9579);
#9575 = LINE('',#9576,#9577);
#9576 = CARTESIAN_POINT('',(0.,1.61));
#9577 = VECTOR('',#9578,1.);
#9578 = DIRECTION('',(1.,0.));
#9579 = ( GEOMETRIC_REPRESENTATION_CONTEXT(2) 
PARAMETRIC_REPRESENTATION_CONTEXT() REPRESENTATION_CONTEXT('2D SPACE',''
  ) );
#9580 = FACE_BOUND('',#9581,.F.);
#9581 = EDGE_LOOP('',(#9582));
#9582 = ORIENTED_EDGE('',*,*,#9583,.T.);
#9583 = EDGE_CURVE('',#9584,#9584,#9586,.T.);
#9584 = VERTEX_POINT('',#9585);
#9585 = CARTESIAN_POINT('',(7.19,-50.8,1.6));
#9586 = SURFACE_CURVE('',#9587,(#9592,#9603),.PCURVE_S1.);
#9587 = CIRCLE('',#9588,0.2);
#9588 = AXIS2_PLACEMENT_3D('',#9589,#9590,#9591);
#9589 = CARTESIAN_POINT('',(6.99,-50.8,1.6));
#9590 = DIRECTION('',(0.,0.,1.));
#9591 = DIRECTION('',(1.,0.,-0.));
#9592 = PCURVE('',#90,#9593);
#9593 = DEFINITIONAL_REPRESENTATION('',(#9594),#9602);
#9594 = ( BOUNDED_CURVE() B_SPLINE_CURVE(2,(#9595,#9596,#9597,#9598,
#9599,#9600,#9601),.UNSPECIFIED.,.T.,.F.) B_SPLINE_CURVE_WITH_KNOTS((1,2
    ,2,2,2,1),(-2.094395102393,0.,2.094395102393,4.188790204786,
6.28318530718,8.377580409573),.UNSPECIFIED.) CURVE() 
GEOMETRIC_REPRESENTATION_ITEM() RATIONAL_B_SPLINE_CURVE((1.,0.5,1.,0.5,
1.,0.5,1.)) REPRESENTATION_ITEM('') );
#9595 = CARTESIAN_POINT('',(30.31,4.2));
#9596 = CARTESIAN_POINT('',(30.31,4.546410161514));
#9597 = CARTESIAN_POINT('',(30.61,4.373205080757));
#9598 = CARTESIAN_POINT('',(30.91,4.2));
#9599 = CARTESIAN_POINT('',(30.61,4.026794919243));
#9600 = CARTESIAN_POINT('',(30.31,3.853589838486));
#9601 = CARTESIAN_POINT('',(30.31,4.2));
#9602 = ( GEOMETRIC_REPRESENTATION_CONTEXT(2) 
PARAMETRIC_REPRESENTATION_CONTEXT() REPRESENTATION_CONTEXT('2D SPACE',''
  ) );
#9603 = PCURVE('',#4410,#9604);
#9604 = DEFINITIONAL_REPRESENTATION('',(#9605),#9609);
#9605 = LINE('',#9606,#9607);
#9606 = CARTESIAN_POINT('',(0.,1.61));
#9607 = VECTOR('',#9608,1.);
#9608 = DIRECTION('',(1.,0.));
#9609 = ( GEOMETRIC_REPRESENTATION_CONTEXT(2) 
PARAMETRIC_REPRESENTATION_CONTEXT() REPRESENTATION_CONTEXT('2D SPACE',''
  ) );
#9610 = FACE_BOUND('',#9611,.F.);
#9611 = EDGE_LOOP('',(#9612));
#9612 = ORIENTED_EDGE('',*,*,#9613,.T.);
#9613 = EDGE_CURVE('',#9614,#9614,#9616,.T.);
#9614 = VERTEX_POINT('',#9615);
#9615 = CARTESIAN_POINT('',(7.19,-49.2,1.6));
#9616 = SURFACE_CURVE('',#9617,(#9622,#9633),.PCURVE_S1.);
#9617 = CIRCLE('',#9618,0.2);
#9618 = AXIS2_PLACEMENT_3D('',#9619,#9620,#9621);
#9619 = CARTESIAN_POINT('',(6.99,-49.2,1.6));
#9620 = DIRECTION('',(0.,0.,1.));
#9621 = DIRECTION('',(1.,0.,-0.));
#9622 = PCURVE('',#90,#9623);
#9623 = DEFINITIONAL_REPRESENTATION('',(#9624),#9632);
#9624 = ( BOUNDED_CURVE() B_SPLINE_CURVE(2,(#9625,#9626,#9627,#9628,
#9629,#9630,#9631),.UNSPECIFIED.,.T.,.F.) B_SPLINE_CURVE_WITH_KNOTS((1,2
    ,2,2,2,1),(-2.094395102393,0.,2.094395102393,4.188790204786,
6.28318530718,8.377580409573),.UNSPECIFIED.) CURVE() 
GEOMETRIC_REPRESENTATION_ITEM() RATIONAL_B_SPLINE_CURVE((1.,0.5,1.,0.5,
1.,0.5,1.)) REPRESENTATION_ITEM('') );
#9625 = CARTESIAN_POINT('',(30.31,5.8));
#9626 = CARTESIAN_POINT('',(30.31,6.146410161514));
#9627 = CARTESIAN_POINT('',(30.61,5.973205080757));
#9628 = CARTESIAN_POINT('',(30.91,5.8));
#9629 = CARTESIAN_POINT('',(30.61,5.626794919243));
#9630 = CARTESIAN_POINT('',(30.31,5.453589838486));
#9631 = CARTESIAN_POINT('',(30.31,5.8));
#9632 = ( GEOMETRIC_REPRESENTATION_CONTEXT(2) 
PARAMETRIC_REPRESENTATION_CONTEXT() REPRESENTATION_CONTEXT('2D SPACE',''
  ) );
#9633 = PCURVE('',#4445,#9634);
#9634 = DEFINITIONAL_REPRESENTATION('',(#9635),#9639);
#9635 = LINE('',#9636,#9637);
#9636 = CARTESIAN_POINT('',(0.,1.61));
#9637 = VECTOR('',#9638,1.);
#9638 = DIRECTION('',(1.,0.));
#9639 = ( GEOMETRIC_REPRESENTATION_CONTEXT(2) 
PARAMETRIC_REPRESENTATION_CONTEXT() REPRESENTATION_CONTEXT('2D SPACE',''
  ) );
#9640 = FACE_BOUND('',#9641,.F.);
#9641 = EDGE_LOOP('',(#9642));
#9642 = ORIENTED_EDGE('',*,*,#9643,.T.);
#9643 = EDGE_CURVE('',#9644,#9644,#9646,.T.);
#9644 = VERTEX_POINT('',#9645);
#9645 = CARTESIAN_POINT('',(5.965,-53.6,1.6));
#9646 = SURFACE_CURVE('',#9647,(#9652,#9663),.PCURVE_S1.);
#9647 = CIRCLE('',#9648,0.325);
#9648 = AXIS2_PLACEMENT_3D('',#9649,#9650,#9651);
#9649 = CARTESIAN_POINT('',(5.64,-53.6,1.6));
#9650 = DIRECTION('',(0.,0.,1.));
#9651 = DIRECTION('',(1.,0.,-0.));
#9652 = PCURVE('',#90,#9653);
#9653 = DEFINITIONAL_REPRESENTATION('',(#9654),#9662);
#9654 = ( BOUNDED_CURVE() B_SPLINE_CURVE(2,(#9655,#9656,#9657,#9658,
#9659,#9660,#9661),.UNSPECIFIED.,.T.,.F.) B_SPLINE_CURVE_WITH_KNOTS((1,2
    ,2,2,2,1),(-2.094395102393,0.,2.094395102393,4.188790204786,
6.28318530718,8.377580409573),.UNSPECIFIED.) CURVE() 
GEOMETRIC_REPRESENTATION_ITEM() RATIONAL_B_SPLINE_CURVE((1.,0.5,1.,0.5,
1.,0.5,1.)) REPRESENTATION_ITEM('') );
#9655 = CARTESIAN_POINT('',(31.535,1.4));
#9656 = CARTESIAN_POINT('',(31.535,1.96291651246));
#9657 = CARTESIAN_POINT('',(32.0225,1.68145825623));
#9658 = CARTESIAN_POINT('',(32.51,1.4));
#9659 = CARTESIAN_POINT('',(32.0225,1.11854174377));
#9660 = CARTESIAN_POINT('',(31.535,0.83708348754));
#9661 = CARTESIAN_POINT('',(31.535,1.4));
#9662 = ( GEOMETRIC_REPRESENTATION_CONTEXT(2) 
PARAMETRIC_REPRESENTATION_CONTEXT() REPRESENTATION_CONTEXT('2D SPACE',''
  ) );
#9663 = PCURVE('',#4480,#9664);
#9664 = DEFINITIONAL_REPRESENTATION('',(#9665),#9669);
#9665 = LINE('',#9666,#9667);
#9666 = CARTESIAN_POINT('',(0.,1.61));
#9667 = VECTOR('',#9668,1.);
#9668 = DIRECTION('',(1.,0.));
#9669 = ( GEOMETRIC_REPRESENTATION_CONTEXT(2) 
PARAMETRIC_REPRESENTATION_CONTEXT() REPRESENTATION_CONTEXT('2D SPACE',''
  ) );
#9670 = FACE_BOUND('',#9671,.F.);
#9671 = EDGE_LOOP('',(#9672));
#9672 = ORIENTED_EDGE('',*,*,#9673,.T.);
#9673 = EDGE_CURVE('',#9674,#9674,#9676,.T.);
#9674 = VERTEX_POINT('',#9675);
#9675 = CARTESIAN_POINT('',(6.49,-52.8,1.6));
#9676 = SURFACE_CURVE('',#9677,(#9682,#9693),.PCURVE_S1.);
#9677 = CIRCLE('',#9678,0.2);
#9678 = AXIS2_PLACEMENT_3D('',#9679,#9680,#9681);
#9679 = CARTESIAN_POINT('',(6.29,-52.8,1.6));
#9680 = DIRECTION('',(0.,0.,1.));
#9681 = DIRECTION('',(1.,0.,-0.));
#9682 = PCURVE('',#90,#9683);
#9683 = DEFINITIONAL_REPRESENTATION('',(#9684),#9692);
#9684 = ( BOUNDED_CURVE() B_SPLINE_CURVE(2,(#9685,#9686,#9687,#9688,
#9689,#9690,#9691),.UNSPECIFIED.,.T.,.F.) B_SPLINE_CURVE_WITH_KNOTS((1,2
    ,2,2,2,1),(-2.094395102393,0.,2.094395102393,4.188790204786,
6.28318530718,8.377580409573),.UNSPECIFIED.) CURVE() 
GEOMETRIC_REPRESENTATION_ITEM() RATIONAL_B_SPLINE_CURVE((1.,0.5,1.,0.5,
1.,0.5,1.)) REPRESENTATION_ITEM('') );
#9685 = CARTESIAN_POINT('',(31.01,2.2));
#9686 = CARTESIAN_POINT('',(31.01,2.546410161514));
#9687 = CARTESIAN_POINT('',(31.31,2.373205080757));
#9688 = CARTESIAN_POINT('',(31.61,2.2));
#9689 = CARTESIAN_POINT('',(31.31,2.026794919243));
#9690 = CARTESIAN_POINT('',(31.01,1.853589838486));
#9691 = CARTESIAN_POINT('',(31.01,2.2));
#9692 = ( GEOMETRIC_REPRESENTATION_CONTEXT(2) 
PARAMETRIC_REPRESENTATION_CONTEXT() REPRESENTATION_CONTEXT('2D SPACE',''
  ) );
#9693 = PCURVE('',#4515,#9694);
#9694 = DEFINITIONAL_REPRESENTATION('',(#9695),#9699);
#9695 = LINE('',#9696,#9697);
#9696 = CARTESIAN_POINT('',(0.,1.61));
#9697 = VECTOR('',#9698,1.);
#9698 = DIRECTION('',(1.,0.));
#9699 = ( GEOMETRIC_REPRESENTATION_CONTEXT(2) 
PARAMETRIC_REPRESENTATION_CONTEXT() REPRESENTATION_CONTEXT('2D SPACE',''
  ) );
#9700 = FACE_BOUND('',#9701,.F.);
#9701 = EDGE_LOOP('',(#9702));
#9702 = ORIENTED_EDGE('',*,*,#9703,.T.);
#9703 = EDGE_CURVE('',#9704,#9704,#9706,.T.);
#9704 = VERTEX_POINT('',#9705);
#9705 = CARTESIAN_POINT('',(6.49,-51.2,1.6));
#9706 = SURFACE_CURVE('',#9707,(#9712,#9723),.PCURVE_S1.);
#9707 = CIRCLE('',#9708,0.2);
#9708 = AXIS2_PLACEMENT_3D('',#9709,#9710,#9711);
#9709 = CARTESIAN_POINT('',(6.29,-51.2,1.6));
#9710 = DIRECTION('',(0.,0.,1.));
#9711 = DIRECTION('',(1.,0.,-0.));
#9712 = PCURVE('',#90,#9713);
#9713 = DEFINITIONAL_REPRESENTATION('',(#9714),#9722);
#9714 = ( BOUNDED_CURVE() B_SPLINE_CURVE(2,(#9715,#9716,#9717,#9718,
#9719,#9720,#9721),.UNSPECIFIED.,.T.,.F.) B_SPLINE_CURVE_WITH_KNOTS((1,2
    ,2,2,2,1),(-2.094395102393,0.,2.094395102393,4.188790204786,
6.28318530718,8.377580409573),.UNSPECIFIED.) CURVE() 
GEOMETRIC_REPRESENTATION_ITEM() RATIONAL_B_SPLINE_CURVE((1.,0.5,1.,0.5,
1.,0.5,1.)) REPRESENTATION_ITEM('') );
#9715 = CARTESIAN_POINT('',(31.01,3.8));
#9716 = CARTESIAN_POINT('',(31.01,4.146410161514));
#9717 = CARTESIAN_POINT('',(31.31,3.973205080757));
#9718 = CARTESIAN_POINT('',(31.61,3.8));
#9719 = CARTESIAN_POINT('',(31.31,3.626794919243));
#9720 = CARTESIAN_POINT('',(31.01,3.453589838486));
#9721 = CARTESIAN_POINT('',(31.01,3.8));
#9722 = ( GEOMETRIC_REPRESENTATION_CONTEXT(2) 
PARAMETRIC_REPRESENTATION_CONTEXT() REPRESENTATION_CONTEXT('2D SPACE',''
  ) );
#9723 = PCURVE('',#4550,#9724);
#9724 = DEFINITIONAL_REPRESENTATION('',(#9725),#9729);
#9725 = LINE('',#9726,#9727);
#9726 = CARTESIAN_POINT('',(0.,1.61));
#9727 = VECTOR('',#9728,1.);
#9728 = DIRECTION('',(1.,0.));
#9729 = ( GEOMETRIC_REPRESENTATION_CONTEXT(2) 
PARAMETRIC_REPRESENTATION_CONTEXT() REPRESENTATION_CONTEXT('2D SPACE',''
  ) );
#9730 = FACE_BOUND('',#9731,.F.);
#9731 = EDGE_LOOP('',(#9732));
#9732 = ORIENTED_EDGE('',*,*,#9733,.T.);
#9733 = EDGE_CURVE('',#9734,#9734,#9736,.T.);
#9734 = VERTEX_POINT('',#9735);
#9735 = CARTESIAN_POINT('',(6.49,-50.4,1.6));
#9736 = SURFACE_CURVE('',#9737,(#9742,#9753),.PCURVE_S1.);
#9737 = CIRCLE('',#9738,0.2);
#9738 = AXIS2_PLACEMENT_3D('',#9739,#9740,#9741);
#9739 = CARTESIAN_POINT('',(6.29,-50.4,1.6));
#9740 = DIRECTION('',(0.,0.,1.));
#9741 = DIRECTION('',(1.,0.,-0.));
#9742 = PCURVE('',#90,#9743);
#9743 = DEFINITIONAL_REPRESENTATION('',(#9744),#9752);
#9744 = ( BOUNDED_CURVE() B_SPLINE_CURVE(2,(#9745,#9746,#9747,#9748,
#9749,#9750,#9751),.UNSPECIFIED.,.T.,.F.) B_SPLINE_CURVE_WITH_KNOTS((1,2
    ,2,2,2,1),(-2.094395102393,0.,2.094395102393,4.188790204786,
6.28318530718,8.377580409573),.UNSPECIFIED.) CURVE() 
GEOMETRIC_REPRESENTATION_ITEM() RATIONAL_B_SPLINE_CURVE((1.,0.5,1.,0.5,
1.,0.5,1.)) REPRESENTATION_ITEM('') );
#9745 = CARTESIAN_POINT('',(31.01,4.6));
#9746 = CARTESIAN_POINT('',(31.01,4.946410161514));
#9747 = CARTESIAN_POINT('',(31.31,4.773205080757));
#9748 = CARTESIAN_POINT('',(31.61,4.6));
#9749 = CARTESIAN_POINT('',(31.31,4.426794919243));
#9750 = CARTESIAN_POINT('',(31.01,4.253589838486));
#9751 = CARTESIAN_POINT('',(31.01,4.6));
#9752 = ( GEOMETRIC_REPRESENTATION_CONTEXT(2) 
PARAMETRIC_REPRESENTATION_CONTEXT() REPRESENTATION_CONTEXT('2D SPACE',''
  ) );
#9753 = PCURVE('',#4585,#9754);
#9754 = DEFINITIONAL_REPRESENTATION('',(#9755),#9759);
#9755 = LINE('',#9756,#9757);
#9756 = CARTESIAN_POINT('',(0.,1.61));
#9757 = VECTOR('',#9758,1.);
#9758 = DIRECTION('',(1.,0.));
#9759 = ( GEOMETRIC_REPRESENTATION_CONTEXT(2) 
PARAMETRIC_REPRESENTATION_CONTEXT() REPRESENTATION_CONTEXT('2D SPACE',''
  ) );
#9760 = FACE_BOUND('',#9761,.F.);
#9761 = EDGE_LOOP('',(#9762));
#9762 = ORIENTED_EDGE('',*,*,#9763,.T.);
#9763 = EDGE_CURVE('',#9764,#9764,#9766,.T.);
#9764 = VERTEX_POINT('',#9765);
#9765 = CARTESIAN_POINT('',(6.49,-49.6,1.6));
#9766 = SURFACE_CURVE('',#9767,(#9772,#9783),.PCURVE_S1.);
#9767 = CIRCLE('',#9768,0.2);
#9768 = AXIS2_PLACEMENT_3D('',#9769,#9770,#9771);
#9769 = CARTESIAN_POINT('',(6.29,-49.6,1.6));
#9770 = DIRECTION('',(0.,0.,1.));
#9771 = DIRECTION('',(1.,0.,-0.));
#9772 = PCURVE('',#90,#9773);
#9773 = DEFINITIONAL_REPRESENTATION('',(#9774),#9782);
#9774 = ( BOUNDED_CURVE() B_SPLINE_CURVE(2,(#9775,#9776,#9777,#9778,
#9779,#9780,#9781),.UNSPECIFIED.,.T.,.F.) B_SPLINE_CURVE_WITH_KNOTS((1,2
    ,2,2,2,1),(-2.094395102393,0.,2.094395102393,4.188790204786,
6.28318530718,8.377580409573),.UNSPECIFIED.) CURVE() 
GEOMETRIC_REPRESENTATION_ITEM() RATIONAL_B_SPLINE_CURVE((1.,0.5,1.,0.5,
1.,0.5,1.)) REPRESENTATION_ITEM('') );
#9775 = CARTESIAN_POINT('',(31.01,5.4));
#9776 = CARTESIAN_POINT('',(31.01,5.746410161514));
#9777 = CARTESIAN_POINT('',(31.31,5.573205080757));
#9778 = CARTESIAN_POINT('',(31.61,5.4));
#9779 = CARTESIAN_POINT('',(31.31,5.226794919243));
#9780 = CARTESIAN_POINT('',(31.01,5.053589838486));
#9781 = CARTESIAN_POINT('',(31.01,5.4));
#9782 = ( GEOMETRIC_REPRESENTATION_CONTEXT(2) 
PARAMETRIC_REPRESENTATION_CONTEXT() REPRESENTATION_CONTEXT('2D SPACE',''
  ) );
#9783 = PCURVE('',#4620,#9784);
#9784 = DEFINITIONAL_REPRESENTATION('',(#9785),#9789);
#9785 = LINE('',#9786,#9787);
#9786 = CARTESIAN_POINT('',(0.,1.61));
#9787 = VECTOR('',#9788,1.);
#9788 = DIRECTION('',(1.,0.));
#9789 = ( GEOMETRIC_REPRESENTATION_CONTEXT(2) 
PARAMETRIC_REPRESENTATION_CONTEXT() REPRESENTATION_CONTEXT('2D SPACE',''
  ) );
#9790 = FACE_BOUND('',#9791,.F.);
#9791 = EDGE_LOOP('',(#9792));
#9792 = ORIENTED_EDGE('',*,*,#9793,.T.);
#9793 = EDGE_CURVE('',#9794,#9794,#9796,.T.);
#9794 = VERTEX_POINT('',#9795);
#9795 = CARTESIAN_POINT('',(6.49,-48.8,1.6));
#9796 = SURFACE_CURVE('',#9797,(#9802,#9813),.PCURVE_S1.);
#9797 = CIRCLE('',#9798,0.2);
#9798 = AXIS2_PLACEMENT_3D('',#9799,#9800,#9801);
#9799 = CARTESIAN_POINT('',(6.29,-48.8,1.6));
#9800 = DIRECTION('',(0.,0.,1.));
#9801 = DIRECTION('',(1.,0.,-0.));
#9802 = PCURVE('',#90,#9803);
#9803 = DEFINITIONAL_REPRESENTATION('',(#9804),#9812);
#9804 = ( BOUNDED_CURVE() B_SPLINE_CURVE(2,(#9805,#9806,#9807,#9808,
#9809,#9810,#9811),.UNSPECIFIED.,.T.,.F.) B_SPLINE_CURVE_WITH_KNOTS((1,2
    ,2,2,2,1),(-2.094395102393,0.,2.094395102393,4.188790204786,
6.28318530718,8.377580409573),.UNSPECIFIED.) CURVE() 
GEOMETRIC_REPRESENTATION_ITEM() RATIONAL_B_SPLINE_CURVE((1.,0.5,1.,0.5,
1.,0.5,1.)) REPRESENTATION_ITEM('') );
#9805 = CARTESIAN_POINT('',(31.01,6.2));
#9806 = CARTESIAN_POINT('',(31.01,6.546410161514));
#9807 = CARTESIAN_POINT('',(31.31,6.373205080757));
#9808 = CARTESIAN_POINT('',(31.61,6.2));
#9809 = CARTESIAN_POINT('',(31.31,6.026794919243));
#9810 = CARTESIAN_POINT('',(31.01,5.853589838486));
#9811 = CARTESIAN_POINT('',(31.01,6.2));
#9812 = ( GEOMETRIC_REPRESENTATION_CONTEXT(2) 
PARAMETRIC_REPRESENTATION_CONTEXT() REPRESENTATION_CONTEXT('2D SPACE',''
  ) );
#9813 = PCURVE('',#4655,#9814);
#9814 = DEFINITIONAL_REPRESENTATION('',(#9815),#9819);
#9815 = LINE('',#9816,#9817);
#9816 = CARTESIAN_POINT('',(0.,1.61));
#9817 = VECTOR('',#9818,1.);
#9818 = DIRECTION('',(1.,0.));
#9819 = ( GEOMETRIC_REPRESENTATION_CONTEXT(2) 
PARAMETRIC_REPRESENTATION_CONTEXT() REPRESENTATION_CONTEXT('2D SPACE',''
  ) );
#9820 = FACE_BOUND('',#9821,.F.);
#9821 = EDGE_LOOP('',(#9822));
#9822 = ORIENTED_EDGE('',*,*,#9823,.T.);
#9823 = EDGE_CURVE('',#9824,#9824,#9826,.T.);
#9824 = VERTEX_POINT('',#9825);
#9825 = CARTESIAN_POINT('',(7.19,-48.4,1.6));
#9826 = SURFACE_CURVE('',#9827,(#9832,#9843),.PCURVE_S1.);
#9827 = CIRCLE('',#9828,0.2);
#9828 = AXIS2_PLACEMENT_3D('',#9829,#9830,#9831);
#9829 = CARTESIAN_POINT('',(6.99,-48.4,1.6));
#9830 = DIRECTION('',(0.,0.,1.));
#9831 = DIRECTION('',(1.,0.,-0.));
#9832 = PCURVE('',#90,#9833);
#9833 = DEFINITIONAL_REPRESENTATION('',(#9834),#9842);
#9834 = ( BOUNDED_CURVE() B_SPLINE_CURVE(2,(#9835,#9836,#9837,#9838,
#9839,#9840,#9841),.UNSPECIFIED.,.T.,.F.) B_SPLINE_CURVE_WITH_KNOTS((1,2
    ,2,2,2,1),(-2.094395102393,0.,2.094395102393,4.188790204786,
6.28318530718,8.377580409573),.UNSPECIFIED.) CURVE() 
GEOMETRIC_REPRESENTATION_ITEM() RATIONAL_B_SPLINE_CURVE((1.,0.5,1.,0.5,
1.,0.5,1.)) REPRESENTATION_ITEM('') );
#9835 = CARTESIAN_POINT('',(30.31,6.6));
#9836 = CARTESIAN_POINT('',(30.31,6.946410161514));
#9837 = CARTESIAN_POINT('',(30.61,6.773205080757));
#9838 = CARTESIAN_POINT('',(30.91,6.6));
#9839 = CARTESIAN_POINT('',(30.61,6.426794919243));
#9840 = CARTESIAN_POINT('',(30.31,6.253589838486));
#9841 = CARTESIAN_POINT('',(30.31,6.6));
#9842 = ( GEOMETRIC_REPRESENTATION_CONTEXT(2) 
PARAMETRIC_REPRESENTATION_CONTEXT() REPRESENTATION_CONTEXT('2D SPACE',''
  ) );
#9843 = PCURVE('',#4690,#9844);
#9844 = DEFINITIONAL_REPRESENTATION('',(#9845),#9849);
#9845 = LINE('',#9846,#9847);
#9846 = CARTESIAN_POINT('',(0.,1.61));
#9847 = VECTOR('',#9848,1.);
#9848 = DIRECTION('',(1.,0.));
#9849 = ( GEOMETRIC_REPRESENTATION_CONTEXT(2) 
PARAMETRIC_REPRESENTATION_CONTEXT() REPRESENTATION_CONTEXT('2D SPACE',''
  ) );
#9850 = FACE_BOUND('',#9851,.F.);
#9851 = EDGE_LOOP('',(#9852));
#9852 = ORIENTED_EDGE('',*,*,#9853,.T.);
#9853 = EDGE_CURVE('',#9854,#9854,#9856,.T.);
#9854 = VERTEX_POINT('',#9855);
#9855 = CARTESIAN_POINT('',(7.19,-47.6,1.6));
#9856 = SURFACE_CURVE('',#9857,(#9862,#9873),.PCURVE_S1.);
#9857 = CIRCLE('',#9858,0.2);
#9858 = AXIS2_PLACEMENT_3D('',#9859,#9860,#9861);
#9859 = CARTESIAN_POINT('',(6.99,-47.6,1.6));
#9860 = DIRECTION('',(0.,0.,1.));
#9861 = DIRECTION('',(1.,0.,-0.));
#9862 = PCURVE('',#90,#9863);
#9863 = DEFINITIONAL_REPRESENTATION('',(#9864),#9872);
#9864 = ( BOUNDED_CURVE() B_SPLINE_CURVE(2,(#9865,#9866,#9867,#9868,
#9869,#9870,#9871),.UNSPECIFIED.,.T.,.F.) B_SPLINE_CURVE_WITH_KNOTS((1,2
    ,2,2,2,1),(-2.094395102393,0.,2.094395102393,4.188790204786,
6.28318530718,8.377580409573),.UNSPECIFIED.) CURVE() 
GEOMETRIC_REPRESENTATION_ITEM() RATIONAL_B_SPLINE_CURVE((1.,0.5,1.,0.5,
1.,0.5,1.)) REPRESENTATION_ITEM('') );
#9865 = CARTESIAN_POINT('',(30.31,7.4));
#9866 = CARTESIAN_POINT('',(30.31,7.746410161514));
#9867 = CARTESIAN_POINT('',(30.61,7.573205080757));
#9868 = CARTESIAN_POINT('',(30.91,7.4));
#9869 = CARTESIAN_POINT('',(30.61,7.226794919243));
#9870 = CARTESIAN_POINT('',(30.31,7.053589838486));
#9871 = CARTESIAN_POINT('',(30.31,7.4));
#9872 = ( GEOMETRIC_REPRESENTATION_CONTEXT(2) 
PARAMETRIC_REPRESENTATION_CONTEXT() REPRESENTATION_CONTEXT('2D SPACE',''
  ) );
#9873 = PCURVE('',#4725,#9874);
#9874 = DEFINITIONAL_REPRESENTATION('',(#9875),#9879);
#9875 = LINE('',#9876,#9877);
#9876 = CARTESIAN_POINT('',(0.,1.61));
#9877 = VECTOR('',#9878,1.);
#9878 = DIRECTION('',(1.,0.));
#9879 = ( GEOMETRIC_REPRESENTATION_CONTEXT(2) 
PARAMETRIC_REPRESENTATION_CONTEXT() REPRESENTATION_CONTEXT('2D SPACE',''
  ) );
#9880 = FACE_BOUND('',#9881,.F.);
#9881 = EDGE_LOOP('',(#9882,#9905,#9926,#9947,#9968,#9989,#10010,#10031,
    #10052,#10073,#10094,#10115,#10136,#10157,#10178,#10199,#10220,
    #10241));
#9882 = ORIENTED_EDGE('',*,*,#9883,.F.);
#9883 = EDGE_CURVE('',#9884,#9886,#9888,.T.);
#9884 = VERTEX_POINT('',#9885);
#9885 = CARTESIAN_POINT('',(7.285671,-45.63903,1.6));
#9886 = VERTEX_POINT('',#9887);
#9887 = CARTESIAN_POINT('',(7.366777,-45.693223,1.6));
#9888 = SURFACE_CURVE('',#9889,(#9893,#9899),.PCURVE_S1.);
#9889 = LINE('',#9890,#9891);
#9890 = CARTESIAN_POINT('',(19.892016937854,-54.0622749561,1.6));
#9891 = VECTOR('',#9892,1.);
#9892 = DIRECTION('',(0.831471016927,-0.555568130845,0.));
#9893 = PCURVE('',#90,#9894);
#9894 = DEFINITIONAL_REPRESENTATION('',(#9895),#9898);
#9895 = B_SPLINE_CURVE_WITH_KNOTS('',1,(#9896,#9897),.UNSPECIFIED.,.F.,
  .F.,(2,2),(-15.16149773259,-15.06395254058),.PIECEWISE_BEZIER_KNOTS.);
#9896 = CARTESIAN_POINT('',(30.214329,9.36097));
#9897 = CARTESIAN_POINT('',(30.133223,9.306777));
#9898 = ( GEOMETRIC_REPRESENTATION_CONTEXT(2) 
PARAMETRIC_REPRESENTATION_CONTEXT() REPRESENTATION_CONTEXT('2D SPACE',''
  ) );
#9899 = PCURVE('',#4757,#9900);
#9900 = DEFINITIONAL_REPRESENTATION('',(#9901),#9904);
#9901 = B_SPLINE_CURVE_WITH_KNOTS('',1,(#9902,#9903),.UNSPECIFIED.,.F.,
  .F.,(2,2),(-15.16149773259,-15.06395254058),.PIECEWISE_BEZIER_KNOTS.);
#9902 = CARTESIAN_POINT('',(0.,-1.6));
#9903 = CARTESIAN_POINT('',(9.754519201376E-02,-1.6));
#9904 = ( GEOMETRIC_REPRESENTATION_CONTEXT(2) 
PARAMETRIC_REPRESENTATION_CONTEXT() REPRESENTATION_CONTEXT('2D SPACE',''
  ) );
#9905 = ORIENTED_EDGE('',*,*,#9906,.F.);
#9906 = EDGE_CURVE('',#9907,#9884,#9909,.T.);
#9907 = VERTEX_POINT('',#9908);
#9908 = CARTESIAN_POINT('',(7.19,-45.62,1.6));
#9909 = SURFACE_CURVE('',#9910,(#9914,#9920),.PCURVE_S1.);
#9910 = LINE('',#9911,#9912);
#9911 = CARTESIAN_POINT('',(22.66559194609,-48.69826315951,1.6));
#9912 = VECTOR('',#9913,1.);
#9913 = DIRECTION('',(0.980785565025,-0.195088891121,0.));
#9914 = PCURVE('',#90,#9915);
#9915 = DEFINITIONAL_REPRESENTATION('',(#9916),#9919);
#9916 = B_SPLINE_CURVE_WITH_KNOTS('',1,(#9917,#9918),.UNSPECIFIED.,.F.,
  .F.,(2,2),(-15.7787721373,-15.68122685992),.PIECEWISE_BEZIER_KNOTS.);
#9917 = CARTESIAN_POINT('',(30.31,9.38));
#9918 = CARTESIAN_POINT('',(30.214329,9.36097));
#9919 = ( GEOMETRIC_REPRESENTATION_CONTEXT(2) 
PARAMETRIC_REPRESENTATION_CONTEXT() REPRESENTATION_CONTEXT('2D SPACE',''
  ) );
#9920 = PCURVE('',#4785,#9921);
#9921 = DEFINITIONAL_REPRESENTATION('',(#9922),#9925);
#9922 = B_SPLINE_CURVE_WITH_KNOTS('',1,(#9923,#9924),.UNSPECIFIED.,.F.,
  .F.,(2,2),(-15.7787721373,-15.68122685992),.PIECEWISE_BEZIER_KNOTS.);
#9923 = CARTESIAN_POINT('',(0.,-1.6));
#9924 = CARTESIAN_POINT('',(9.754527738953E-02,-1.6));
#9925 = ( GEOMETRIC_REPRESENTATION_CONTEXT(2) 
PARAMETRIC_REPRESENTATION_CONTEXT() REPRESENTATION_CONTEXT('2D SPACE',''
  ) );
#9926 = ORIENTED_EDGE('',*,*,#9927,.F.);
#9927 = EDGE_CURVE('',#9928,#9907,#9930,.T.);
#9928 = VERTEX_POINT('',#9929);
#9929 = CARTESIAN_POINT('',(6.59,-45.62,1.6));
#9930 = SURFACE_CURVE('',#9931,(#9935,#9941),.PCURVE_S1.);
#9931 = LINE('',#9932,#9933);
#9932 = CARTESIAN_POINT('',(22.045,-45.62,1.6));
#9933 = VECTOR('',#9934,1.);
#9934 = DIRECTION('',(1.,0.,0.));
#9935 = PCURVE('',#90,#9936);
#9936 = DEFINITIONAL_REPRESENTATION('',(#9937),#9940);
#9937 = B_SPLINE_CURVE_WITH_KNOTS('',1,(#9938,#9939),.UNSPECIFIED.,.F.,
  .F.,(2,2),(-15.455,-14.855),.PIECEWISE_BEZIER_KNOTS.);
#9938 = CARTESIAN_POINT('',(30.91,9.38));
#9939 = CARTESIAN_POINT('',(30.31,9.38));
#9940 = ( GEOMETRIC_REPRESENTATION_CONTEXT(2) 
PARAMETRIC_REPRESENTATION_CONTEXT() REPRESENTATION_CONTEXT('2D SPACE',''
  ) );
#9941 = PCURVE('',#4813,#9942);
#9942 = DEFINITIONAL_REPRESENTATION('',(#9943),#9946);
#9943 = B_SPLINE_CURVE_WITH_KNOTS('',1,(#9944,#9945),.UNSPECIFIED.,.F.,
  .F.,(2,2),(-15.455,-14.855),.PIECEWISE_BEZIER_KNOTS.);
#9944 = CARTESIAN_POINT('',(0.,-1.6));
#9945 = CARTESIAN_POINT('',(0.6,-1.6));
#9946 = ( GEOMETRIC_REPRESENTATION_CONTEXT(2) 
PARAMETRIC_REPRESENTATION_CONTEXT() REPRESENTATION_CONTEXT('2D SPACE',''
  ) );
#9947 = ORIENTED_EDGE('',*,*,#9948,.F.);
#9948 = EDGE_CURVE('',#9949,#9928,#9951,.T.);
#9949 = VERTEX_POINT('',#9950);
#9950 = CARTESIAN_POINT('',(6.494329,-45.63903,1.6));
#9951 = SURFACE_CURVE('',#9952,(#9956,#9962),.PCURVE_S1.);
#9952 = LINE('',#9953,#9954);
#9953 = CARTESIAN_POINT('',(20.511565888729,-42.8508494856,1.6));
#9954 = VECTOR('',#9955,1.);
#9955 = DIRECTION('',(0.980785565025,0.195088891121,-0.));
#9956 = PCURVE('',#90,#9957);
#9957 = DEFINITIONAL_REPRESENTATION('',(#9958),#9961);
#9958 = B_SPLINE_CURVE_WITH_KNOTS('',1,(#9959,#9960),.UNSPECIFIED.,.F.,
  .F.,(2,2),(-14.29184664679,-14.1943013694),.PIECEWISE_BEZIER_KNOTS.);
#9959 = CARTESIAN_POINT('',(31.005671,9.36097));
#9960 = CARTESIAN_POINT('',(30.91,9.38));
#9961 = ( GEOMETRIC_REPRESENTATION_CONTEXT(2) 
PARAMETRIC_REPRESENTATION_CONTEXT() REPRESENTATION_CONTEXT('2D SPACE',''
  ) );
#9962 = PCURVE('',#4841,#9963);
#9963 = DEFINITIONAL_REPRESENTATION('',(#9964),#9967);
#9964 = B_SPLINE_CURVE_WITH_KNOTS('',1,(#9965,#9966),.UNSPECIFIED.,.F.,
  .F.,(2,2),(-14.29184664679,-14.1943013694),.PIECEWISE_BEZIER_KNOTS.);
#9965 = CARTESIAN_POINT('',(0.,-1.6));
#9966 = CARTESIAN_POINT('',(9.754527738953E-02,-1.6));
#9967 = ( GEOMETRIC_REPRESENTATION_CONTEXT(2) 
PARAMETRIC_REPRESENTATION_CONTEXT() REPRESENTATION_CONTEXT('2D SPACE',''
  ) );
#9968 = ORIENTED_EDGE('',*,*,#9969,.F.);
#9969 = EDGE_CURVE('',#9970,#9949,#9972,.T.);
#9970 = VERTEX_POINT('',#9971);
#9971 = CARTESIAN_POINT('',(6.413223,-45.693223,1.6));
#9972 = SURFACE_CURVE('',#9973,(#9977,#9983),.PCURVE_S1.);
#9973 = LINE('',#9974,#9975);
#9974 = CARTESIAN_POINT('',(15.009471493539,-39.94942482711,1.6));
#9975 = VECTOR('',#9976,1.);
#9976 = DIRECTION('',(0.831471016927,0.555568130845,-0.));
#9977 = PCURVE('',#90,#9978);
#9978 = DEFINITIONAL_REPRESENTATION('',(#9979),#9982);
#9979 = B_SPLINE_CURVE_WITH_KNOTS('',1,(#9980,#9981),.UNSPECIFIED.,.F.,
  .F.,(2,2),(-10.33860269154,-10.24105749952),.PIECEWISE_BEZIER_KNOTS.);
#9980 = CARTESIAN_POINT('',(31.086777,9.306777));
#9981 = CARTESIAN_POINT('',(31.005671,9.36097));
#9982 = ( GEOMETRIC_REPRESENTATION_CONTEXT(2) 
PARAMETRIC_REPRESENTATION_CONTEXT() REPRESENTATION_CONTEXT('2D SPACE',''
  ) );
#9983 = PCURVE('',#4869,#9984);
#9984 = DEFINITIONAL_REPRESENTATION('',(#9985),#9988);
#9985 = B_SPLINE_CURVE_WITH_KNOTS('',1,(#9986,#9987),.UNSPECIFIED.,.F.,
  .F.,(2,2),(-10.33860269154,-10.24105749952),.PIECEWISE_BEZIER_KNOTS.);
#9986 = CARTESIAN_POINT('',(0.,-1.6));
#9987 = CARTESIAN_POINT('',(9.754519201376E-02,-1.6));
#9988 = ( GEOMETRIC_REPRESENTATION_CONTEXT(2) 
PARAMETRIC_REPRESENTATION_CONTEXT() REPRESENTATION_CONTEXT('2D SPACE',''
  ) );
#9989 = ORIENTED_EDGE('',*,*,#9990,.F.);
#9990 = EDGE_CURVE('',#9991,#9970,#9993,.T.);
#9991 = VERTEX_POINT('',#9992);
#9992 = CARTESIAN_POINT('',(6.35903,-45.774329,1.6));
#9993 = SURFACE_CURVE('',#9994,(#9998,#10004),.PCURVE_S1.);
#9994 = LINE('',#9995,#9996);
#9995 = CARTESIAN_POINT('',(9.034105119071,-41.77077424925,1.6));
#9996 = VECTOR('',#9997,1.);
#9997 = DIRECTION('',(0.555568130845,0.831471016927,-0.));
#9998 = PCURVE('',#90,#9999);
#9999 = DEFINITIONAL_REPRESENTATION('',(#10000),#10003);
#10000 = B_SPLINE_CURVE_WITH_KNOTS('',1,(#10001,#10002),.UNSPECIFIED.,
  .F.,.F.,(2,2),(-4.815026223699,-4.717481031686),
  .PIECEWISE_BEZIER_KNOTS.);
#10001 = CARTESIAN_POINT('',(31.14097,9.225671));
#10002 = CARTESIAN_POINT('',(31.086777,9.306777));
#10003 = ( GEOMETRIC_REPRESENTATION_CONTEXT(2) 
PARAMETRIC_REPRESENTATION_CONTEXT() REPRESENTATION_CONTEXT('2D SPACE',''
  ) );
#10004 = PCURVE('',#4897,#10005);
#10005 = DEFINITIONAL_REPRESENTATION('',(#10006),#10009);
#10006 = B_SPLINE_CURVE_WITH_KNOTS('',1,(#10007,#10008),.UNSPECIFIED.,
  .F.,.F.,(2,2),(-4.815026223699,-4.717481031686),
  .PIECEWISE_BEZIER_KNOTS.);
#10007 = CARTESIAN_POINT('',(0.,-1.6));
#10008 = CARTESIAN_POINT('',(9.754519201375E-02,-1.6));
#10009 = ( GEOMETRIC_REPRESENTATION_CONTEXT(2) 
PARAMETRIC_REPRESENTATION_CONTEXT() REPRESENTATION_CONTEXT('2D SPACE',''
  ) );
#10010 = ORIENTED_EDGE('',*,*,#10011,.F.);
#10011 = EDGE_CURVE('',#10012,#9991,#10014,.T.);
#10012 = VERTEX_POINT('',#10013);
#10013 = CARTESIAN_POINT('',(6.34,-45.87,1.6));
#10014 = SURFACE_CURVE('',#10015,(#10019,#10025),.PCURVE_S1.);
#10015 = LINE('',#10016,#10017);
#10016 = CARTESIAN_POINT('',(6.05950096201,-47.28017464338,1.6));
#10017 = VECTOR('',#10018,1.);
#10018 = DIRECTION('',(0.195088891121,0.980785565025,-0.));
#10019 = PCURVE('',#90,#10020);
#10020 = DEFINITIONAL_REPRESENTATION('',(#10021),#10024);
#10021 = B_SPLINE_CURVE_WITH_KNOTS('',1,(#10022,#10023),.UNSPECIFIED.,
  .F.,.F.,(2,2),(1.437801180676,1.535346458065),
  .PIECEWISE_BEZIER_KNOTS.);
#10022 = CARTESIAN_POINT('',(31.16,9.13));
#10023 = CARTESIAN_POINT('',(31.14097,9.225671));
#10024 = ( GEOMETRIC_REPRESENTATION_CONTEXT(2) 
PARAMETRIC_REPRESENTATION_CONTEXT() REPRESENTATION_CONTEXT('2D SPACE',''
  ) );
#10025 = PCURVE('',#4925,#10026);
#10026 = DEFINITIONAL_REPRESENTATION('',(#10027),#10030);
#10027 = B_SPLINE_CURVE_WITH_KNOTS('',1,(#10028,#10029),.UNSPECIFIED.,
  .F.,.F.,(2,2),(1.437801180676,1.535346458065),
  .PIECEWISE_BEZIER_KNOTS.);
#10028 = CARTESIAN_POINT('',(0.,-1.6));
#10029 = CARTESIAN_POINT('',(9.754527738952E-02,-1.6));
#10030 = ( GEOMETRIC_REPRESENTATION_CONTEXT(2) 
PARAMETRIC_REPRESENTATION_CONTEXT() REPRESENTATION_CONTEXT('2D SPACE',''
  ) );
#10031 = ORIENTED_EDGE('',*,*,#10032,.F.);
#10032 = EDGE_CURVE('',#10033,#10012,#10035,.T.);
#10033 = VERTEX_POINT('',#10034);
#10034 = CARTESIAN_POINT('',(6.35903,-45.965671,1.6));
#10035 = SURFACE_CURVE('',#10036,(#10040,#10046),.PCURVE_S1.);
#10036 = LINE('',#10037,#10038);
#10037 = CARTESIAN_POINT('',(7.815953524662,-53.29017601986,1.6));
#10038 = VECTOR('',#10039,1.);
#10039 = DIRECTION('',(-0.195088891121,0.980785565025,0.));
#10040 = PCURVE('',#90,#10041);
#10041 = DEFINITIONAL_REPRESENTATION('',(#10042),#10045);
#10042 = B_SPLINE_CURVE_WITH_KNOTS('',1,(#10043,#10044),.UNSPECIFIED.,
  .F.,.F.,(2,2),(7.467998389307,7.565543666696),
  .PIECEWISE_BEZIER_KNOTS.);
#10043 = CARTESIAN_POINT('',(31.14097,9.034329));
#10044 = CARTESIAN_POINT('',(31.16,9.13));
#10045 = ( GEOMETRIC_REPRESENTATION_CONTEXT(2) 
PARAMETRIC_REPRESENTATION_CONTEXT() REPRESENTATION_CONTEXT('2D SPACE',''
  ) );
#10046 = PCURVE('',#4953,#10047);
#10047 = DEFINITIONAL_REPRESENTATION('',(#10048),#10051);
#10048 = B_SPLINE_CURVE_WITH_KNOTS('',1,(#10049,#10050),.UNSPECIFIED.,
  .F.,.F.,(2,2),(7.467998389307,7.565543666696),
  .PIECEWISE_BEZIER_KNOTS.);
#10049 = CARTESIAN_POINT('',(0.,-1.6));
#10050 = CARTESIAN_POINT('',(9.754527738953E-02,-1.6));
#10051 = ( GEOMETRIC_REPRESENTATION_CONTEXT(2) 
PARAMETRIC_REPRESENTATION_CONTEXT() REPRESENTATION_CONTEXT('2D SPACE',''
  ) );
#10052 = ORIENTED_EDGE('',*,*,#10053,.F.);
#10053 = EDGE_CURVE('',#10054,#10033,#10056,.T.);
#10054 = VERTEX_POINT('',#10055);
#10055 = CARTESIAN_POINT('',(6.413223,-46.046777,1.6));
#10056 = SURFACE_CURVE('',#10057,(#10061,#10067),.PCURVE_S1.);
#10057 = LINE('',#10058,#10059);
#10058 = CARTESIAN_POINT('',(13.278702851438,-56.32174994541,1.6));
#10059 = VECTOR('',#10060,1.);
#10060 = DIRECTION('',(-0.555568130845,0.831471016927,0.));
#10061 = PCURVE('',#90,#10062);
#10062 = DEFINITIONAL_REPRESENTATION('',(#10063),#10066);
#10063 = B_SPLINE_CURVE_WITH_KNOTS('',1,(#10064,#10065),.UNSPECIFIED.,
  .F.,.F.,(2,2),(12.357584012235,12.455129204248),
  .PIECEWISE_BEZIER_KNOTS.);
#10064 = CARTESIAN_POINT('',(31.086777,8.953223));
#10065 = CARTESIAN_POINT('',(31.14097,9.034329));
#10066 = ( GEOMETRIC_REPRESENTATION_CONTEXT(2) 
PARAMETRIC_REPRESENTATION_CONTEXT() REPRESENTATION_CONTEXT('2D SPACE',''
  ) );
#10067 = PCURVE('',#4981,#10068);
#10068 = DEFINITIONAL_REPRESENTATION('',(#10069),#10072);
#10069 = B_SPLINE_CURVE_WITH_KNOTS('',1,(#10070,#10071),.UNSPECIFIED.,
  .F.,.F.,(2,2),(12.357584012235,12.455129204248),
  .PIECEWISE_BEZIER_KNOTS.);
#10070 = CARTESIAN_POINT('',(0.,-1.6));
#10071 = CARTESIAN_POINT('',(9.754519201375E-02,-1.6));
#10072 = ( GEOMETRIC_REPRESENTATION_CONTEXT(2) 
PARAMETRIC_REPRESENTATION_CONTEXT() REPRESENTATION_CONTEXT('2D SPACE',''
  ) );
#10073 = ORIENTED_EDGE('',*,*,#10074,.F.);
#10074 = EDGE_CURVE('',#10075,#10054,#10077,.T.);
#10075 = VERTEX_POINT('',#10076);
#10076 = CARTESIAN_POINT('',(6.494329,-46.10097,1.6));
#10077 = SURFACE_CURVE('',#10078,(#10082,#10088),.PCURVE_S1.);
#10078 = LINE('',#10079,#10080);
#10079 = CARTESIAN_POINT('',(19.267525725907,-54.63570047822,1.6));
#10080 = VECTOR('',#10081,1.);
#10081 = DIRECTION('',(-0.831471016927,0.555568130845,0.));
#10082 = PCURVE('',#90,#10083);
#10083 = DEFINITIONAL_REPRESENTATION('',(#10084),#10087);
#10084 = B_SPLINE_CURVE_WITH_KNOTS('',1,(#10085,#10086),.UNSPECIFIED.,
  .F.,.F.,(2,2),(15.362167130152,15.459712322165),
  .PIECEWISE_BEZIER_KNOTS.);
#10085 = CARTESIAN_POINT('',(31.005671,8.89903));
#10086 = CARTESIAN_POINT('',(31.086777,8.953223));
#10087 = ( GEOMETRIC_REPRESENTATION_CONTEXT(2) 
PARAMETRIC_REPRESENTATION_CONTEXT() REPRESENTATION_CONTEXT('2D SPACE',''
  ) );
#10088 = PCURVE('',#5009,#10089);
#10089 = DEFINITIONAL_REPRESENTATION('',(#10090),#10093);
#10090 = B_SPLINE_CURVE_WITH_KNOTS('',1,(#10091,#10092),.UNSPECIFIED.,
  .F.,.F.,(2,2),(15.362167130152,15.459712322165),
  .PIECEWISE_BEZIER_KNOTS.);
#10091 = CARTESIAN_POINT('',(0.,-1.6));
#10092 = CARTESIAN_POINT('',(9.754519201375E-02,-1.6));
#10093 = ( GEOMETRIC_REPRESENTATION_CONTEXT(2) 
PARAMETRIC_REPRESENTATION_CONTEXT() REPRESENTATION_CONTEXT('2D SPACE',''
  ) );
#10094 = ORIENTED_EDGE('',*,*,#10095,.F.);
#10095 = EDGE_CURVE('',#10096,#10075,#10098,.T.);
#10096 = VERTEX_POINT('',#10097);
#10097 = CARTESIAN_POINT('',(6.59,-46.12,1.6));
#10098 = SURFACE_CURVE('',#10099,(#10103,#10109),.PCURVE_S1.);
#10099 = LINE('',#10100,#10101);
#10100 = CARTESIAN_POINT('',(22.306338951382,-49.24615035114,1.6));
#10101 = VECTOR('',#10102,1.);
#10102 = DIRECTION('',(-0.980785565025,0.195088891121,0.));
#10103 = PCURVE('',#90,#10104);
#10104 = DEFINITIONAL_REPRESENTATION('',(#10105),#10108);
#10105 = B_SPLINE_CURVE_WITH_KNOTS('',1,(#10106,#10107),.UNSPECIFIED.,
  .F.,.F.,(2,2),(16.024235584037,16.121780861426),
  .PIECEWISE_BEZIER_KNOTS.);
#10106 = CARTESIAN_POINT('',(30.91,8.88));
#10107 = CARTESIAN_POINT('',(31.005671,8.89903));
#10108 = ( GEOMETRIC_REPRESENTATION_CONTEXT(2) 
PARAMETRIC_REPRESENTATION_CONTEXT() REPRESENTATION_CONTEXT('2D SPACE',''
  ) );
#10109 = PCURVE('',#5037,#10110);
#10110 = DEFINITIONAL_REPRESENTATION('',(#10111),#10114);
#10111 = B_SPLINE_CURVE_WITH_KNOTS('',1,(#10112,#10113),.UNSPECIFIED.,
  .F.,.F.,(2,2),(16.024235584037,16.121780861426),
  .PIECEWISE_BEZIER_KNOTS.);
#10112 = CARTESIAN_POINT('',(0.,-1.6));
#10113 = CARTESIAN_POINT('',(9.754527738953E-02,-1.6));
#10114 = ( GEOMETRIC_REPRESENTATION_CONTEXT(2) 
PARAMETRIC_REPRESENTATION_CONTEXT() REPRESENTATION_CONTEXT('2D SPACE',''
  ) );
#10115 = ORIENTED_EDGE('',*,*,#10116,.F.);
#10116 = EDGE_CURVE('',#10117,#10096,#10119,.T.);
#10117 = VERTEX_POINT('',#10118);
#10118 = CARTESIAN_POINT('',(7.19,-46.12,1.6));
#10119 = SURFACE_CURVE('',#10120,(#10124,#10130),.PCURVE_S1.);
#10120 = LINE('',#10121,#10122);
#10121 = CARTESIAN_POINT('',(22.345,-46.12,1.6));
#10122 = VECTOR('',#10123,1.);
#10123 = DIRECTION('',(-1.,0.,0.));
#10124 = PCURVE('',#90,#10125);
#10125 = DEFINITIONAL_REPRESENTATION('',(#10126),#10129);
#10126 = B_SPLINE_CURVE_WITH_KNOTS('',1,(#10127,#10128),.UNSPECIFIED.,
  .F.,.F.,(2,2),(15.155,15.755),.PIECEWISE_BEZIER_KNOTS.);
#10127 = CARTESIAN_POINT('',(30.31,8.88));
#10128 = CARTESIAN_POINT('',(30.91,8.88));
#10129 = ( GEOMETRIC_REPRESENTATION_CONTEXT(2) 
PARAMETRIC_REPRESENTATION_CONTEXT() REPRESENTATION_CONTEXT('2D SPACE',''
  ) );
#10130 = PCURVE('',#5065,#10131);
#10131 = DEFINITIONAL_REPRESENTATION('',(#10132),#10135);
#10132 = B_SPLINE_CURVE_WITH_KNOTS('',1,(#10133,#10134),.UNSPECIFIED.,
  .F.,.F.,(2,2),(15.155,15.755),.PIECEWISE_BEZIER_KNOTS.);
#10133 = CARTESIAN_POINT('',(0.,-1.6));
#10134 = CARTESIAN_POINT('',(0.6,-1.6));
#10135 = ( GEOMETRIC_REPRESENTATION_CONTEXT(2) 
PARAMETRIC_REPRESENTATION_CONTEXT() REPRESENTATION_CONTEXT('2D SPACE',''
  ) );
#10136 = ORIENTED_EDGE('',*,*,#10137,.F.);
#10137 = EDGE_CURVE('',#10138,#10117,#10140,.T.);
#10138 = VERTEX_POINT('',#10139);
#10139 = CARTESIAN_POINT('',(7.285671,-46.10097,1.6));
#10140 = SURFACE_CURVE('',#10141,(#10145,#10151),.PCURVE_S1.);
#10141 = LINE('',#10142,#10143);
#10142 = CARTESIAN_POINT('',(20.966489883438,-43.37970667723,1.6));
#10143 = VECTOR('',#10144,1.);
#10144 = DIRECTION('',(-0.980785565025,-0.195088891121,0.));
#10145 = PCURVE('',#90,#10146);
#10146 = DEFINITIONAL_REPRESENTATION('',(#10147),#10150);
#10147 = B_SPLINE_CURVE_WITH_KNOTS('',1,(#10148,#10149),.UNSPECIFIED.,
  .F.,.F.,(2,2),(13.948837922681,14.046383200071),
  .PIECEWISE_BEZIER_KNOTS.);
#10148 = CARTESIAN_POINT('',(30.214329,8.89903));
#10149 = CARTESIAN_POINT('',(30.31,8.88));
#10150 = ( GEOMETRIC_REPRESENTATION_CONTEXT(2) 
PARAMETRIC_REPRESENTATION_CONTEXT() REPRESENTATION_CONTEXT('2D SPACE',''
  ) );
#10151 = PCURVE('',#5093,#10152);
#10152 = DEFINITIONAL_REPRESENTATION('',(#10153),#10156);
#10153 = B_SPLINE_CURVE_WITH_KNOTS('',1,(#10154,#10155),.UNSPECIFIED.,
  .F.,.F.,(2,2),(13.948837922681,14.046383200071),
  .PIECEWISE_BEZIER_KNOTS.);
#10154 = CARTESIAN_POINT('',(0.,-1.6));
#10155 = CARTESIAN_POINT('',(9.754527738953E-02,-1.6));
#10156 = ( GEOMETRIC_REPRESENTATION_CONTEXT(2) 
PARAMETRIC_REPRESENTATION_CONTEXT() REPRESENTATION_CONTEXT('2D SPACE',''
  ) );
#10157 = ORIENTED_EDGE('',*,*,#10158,.F.);
#10158 = EDGE_CURVE('',#10159,#10138,#10161,.T.);
#10159 = VERTEX_POINT('',#10160);
#10160 = CARTESIAN_POINT('',(7.366777,-46.046777,1.6));
#10161 = SURFACE_CURVE('',#10162,(#10166,#10172),.PCURVE_S1.);
#10162 = LINE('',#10163,#10164);
#10163 = CARTESIAN_POINT('',(15.715068705487,-40.46865734922,1.6));
#10164 = VECTOR('',#10165,1.);
#10165 = DIRECTION('',(-0.831471016927,-0.555568130845,0.));
#10166 = PCURVE('',#90,#10167);
#10167 = DEFINITIONAL_REPRESENTATION('',(#10168),#10171);
#10168 = B_SPLINE_CURVE_WITH_KNOTS('',1,(#10169,#10170),.UNSPECIFIED.,
  .F.,.F.,(2,2),(10.040388101973,10.137933293986),
  .PIECEWISE_BEZIER_KNOTS.);
#10169 = CARTESIAN_POINT('',(30.133223,8.953223));
#10170 = CARTESIAN_POINT('',(30.214329,8.89903));
#10171 = ( GEOMETRIC_REPRESENTATION_CONTEXT(2) 
PARAMETRIC_REPRESENTATION_CONTEXT() REPRESENTATION_CONTEXT('2D SPACE',''
  ) );
#10172 = PCURVE('',#5121,#10173);
#10173 = DEFINITIONAL_REPRESENTATION('',(#10174),#10177);
#10174 = B_SPLINE_CURVE_WITH_KNOTS('',1,(#10175,#10176),.UNSPECIFIED.,
  .F.,.F.,(2,2),(10.040388101973,10.137933293986),
  .PIECEWISE_BEZIER_KNOTS.);
#10175 = CARTESIAN_POINT('',(0.,-1.6));
#10176 = CARTESIAN_POINT('',(9.754519201375E-02,-1.6));
#10177 = ( GEOMETRIC_REPRESENTATION_CONTEXT(2) 
PARAMETRIC_REPRESENTATION_CONTEXT() REPRESENTATION_CONTEXT('2D SPACE',''
  ) );
#10178 = ORIENTED_EDGE('',*,*,#10179,.F.);
#10179 = EDGE_CURVE('',#10180,#10159,#10182,.T.);
#10180 = VERTEX_POINT('',#10181);
#10181 = CARTESIAN_POINT('',(7.42097,-45.965671,1.6));
#10182 = SURFACE_CURVE('',#10183,(#10187,#10193),.PCURVE_S1.);
#10183 = LINE('',#10184,#10185);
#10184 = CARTESIAN_POINT('',(9.976352217168,-42.14125031641,1.6));
#10185 = VECTOR('',#10186,1.);
#10186 = DIRECTION('',(-0.555568130845,-0.831471016927,0.));
#10187 = PCURVE('',#90,#10188);
#10188 = DEFINITIONAL_REPRESENTATION('',(#10189),#10192);
#10189 = B_SPLINE_CURVE_WITH_KNOTS('',1,(#10190,#10191),.UNSPECIFIED.,
  .F.,.F.,(2,2),(4.599583876925,4.697129068939),
  .PIECEWISE_BEZIER_KNOTS.);
#10190 = CARTESIAN_POINT('',(30.07903,9.034329));
#10191 = CARTESIAN_POINT('',(30.133223,8.953223));
#10192 = ( GEOMETRIC_REPRESENTATION_CONTEXT(2) 
PARAMETRIC_REPRESENTATION_CONTEXT() REPRESENTATION_CONTEXT('2D SPACE',''
  ) );
#10193 = PCURVE('',#5149,#10194);
#10194 = DEFINITIONAL_REPRESENTATION('',(#10195),#10198);
#10195 = B_SPLINE_CURVE_WITH_KNOTS('',1,(#10196,#10197),.UNSPECIFIED.,
  .F.,.F.,(2,2),(4.599583876925,4.697129068939),
  .PIECEWISE_BEZIER_KNOTS.);
#10196 = CARTESIAN_POINT('',(0.,-1.6));
#10197 = CARTESIAN_POINT('',(9.754519201375E-02,-1.6));
#10198 = ( GEOMETRIC_REPRESENTATION_CONTEXT(2) 
PARAMETRIC_REPRESENTATION_CONTEXT() REPRESENTATION_CONTEXT('2D SPACE',''
  ) );
#10199 = ORIENTED_EDGE('',*,*,#10200,.F.);
#10200 = EDGE_CURVE('',#10201,#10180,#10203,.T.);
#10201 = VERTEX_POINT('',#10202);
#10202 = CARTESIAN_POINT('',(7.44,-45.87,1.6));
#10203 = SURFACE_CURVE('',#10204,(#10208,#10214),.PCURVE_S1.);
#10204 = LINE('',#10205,#10206);
#10205 = CARTESIAN_POINT('',(7.138568140518,-47.38541184595,1.6));
#10206 = VECTOR('',#10207,1.);
#10207 = DIRECTION('',(-0.195088891121,-0.980785565025,0.));
#10208 = PCURVE('',#90,#10209);
#10209 = DEFINITIONAL_REPRESENTATION('',(#10210),#10213);
#10210 = B_SPLINE_CURVE_WITH_KNOTS('',1,(#10211,#10212),.UNSPECIFIED.,
  .F.,.F.,(2,2),(-1.545100070792,-1.447554793403),
  .PIECEWISE_BEZIER_KNOTS.);
#10211 = CARTESIAN_POINT('',(30.06,9.13));
#10212 = CARTESIAN_POINT('',(30.07903,9.034329));
#10213 = ( GEOMETRIC_REPRESENTATION_CONTEXT(2) 
PARAMETRIC_REPRESENTATION_CONTEXT() REPRESENTATION_CONTEXT('2D SPACE',''
  ) );
#10214 = PCURVE('',#5177,#10215);
#10215 = DEFINITIONAL_REPRESENTATION('',(#10216),#10219);
#10216 = B_SPLINE_CURVE_WITH_KNOTS('',1,(#10217,#10218),.UNSPECIFIED.,
  .F.,.F.,(2,2),(-1.545100070792,-1.447554793403),
  .PIECEWISE_BEZIER_KNOTS.);
#10217 = CARTESIAN_POINT('',(0.,-1.6));
#10218 = CARTESIAN_POINT('',(9.754527738953E-02,-1.6));
#10219 = ( GEOMETRIC_REPRESENTATION_CONTEXT(2) 
PARAMETRIC_REPRESENTATION_CONTEXT() REPRESENTATION_CONTEXT('2D SPACE',''
  ) );
#10220 = ORIENTED_EDGE('',*,*,#10221,.F.);
#10221 = EDGE_CURVE('',#10222,#10201,#10224,.T.);
#10222 = VERTEX_POINT('',#10223);
#10223 = CARTESIAN_POINT('',(7.42097,-45.774329,1.6));
#10224 = SURFACE_CURVE('',#10225,(#10229,#10235),.PCURVE_S1.);
#10225 = LINE('',#10226,#10227);
#10226 = CARTESIAN_POINT('',(8.875990703171,-53.08926781729,1.6));
#10227 = VECTOR('',#10228,1.);
#10228 = DIRECTION('',(0.195088891121,-0.980785565025,0.));
#10229 = PCURVE('',#90,#10230);
#10230 = DEFINITIONAL_REPRESENTATION('',(#10231),#10234);
#10231 = B_SPLINE_CURVE_WITH_KNOTS('',1,(#10232,#10233),.UNSPECIFIED.,
  .F.,.F.,(2,2),(-7.45824477658,-7.360699499191),
  .PIECEWISE_BEZIER_KNOTS.);
#10232 = CARTESIAN_POINT('',(30.07903,9.225671));
#10233 = CARTESIAN_POINT('',(30.06,9.13));
#10234 = ( GEOMETRIC_REPRESENTATION_CONTEXT(2) 
PARAMETRIC_REPRESENTATION_CONTEXT() REPRESENTATION_CONTEXT('2D SPACE',''
  ) );
#10235 = PCURVE('',#5205,#10236);
#10236 = DEFINITIONAL_REPRESENTATION('',(#10237),#10240);
#10237 = B_SPLINE_CURVE_WITH_KNOTS('',1,(#10238,#10239),.UNSPECIFIED.,
  .F.,.F.,(2,2),(-7.45824477658,-7.360699499191),
  .PIECEWISE_BEZIER_KNOTS.);
#10238 = CARTESIAN_POINT('',(0.,-1.6));
#10239 = CARTESIAN_POINT('',(9.754527738952E-02,-1.6));
#10240 = ( GEOMETRIC_REPRESENTATION_CONTEXT(2) 
PARAMETRIC_REPRESENTATION_CONTEXT() REPRESENTATION_CONTEXT('2D SPACE',''
  ) );
#10241 = ORIENTED_EDGE('',*,*,#10242,.F.);
#10242 = EDGE_CURVE('',#9886,#10222,#10243,.T.);
#10243 = SURFACE_CURVE('',#10244,(#10248,#10254),.PCURVE_S1.);
#10244 = LINE('',#10245,#10246);
#10245 = CARTESIAN_POINT('',(14.166756949535,-55.87016787825,1.6));
#10246 = VECTOR('',#10247,1.);
#10247 = DIRECTION('',(0.555568130845,-0.831471016927,0.));
#10248 = PCURVE('',#90,#10249);
#10249 = DEFINITIONAL_REPRESENTATION('',(#10250),#10253);
#10250 = B_SPLINE_CURVE_WITH_KNOTS('',1,(#10251,#10252),.UNSPECIFIED.,
  .F.,.F.,(2,2),(-12.23968685747,-12.14214166546),
  .PIECEWISE_BEZIER_KNOTS.);
#10251 = CARTESIAN_POINT('',(30.133223,9.306777));
#10252 = CARTESIAN_POINT('',(30.07903,9.225671));
#10253 = ( GEOMETRIC_REPRESENTATION_CONTEXT(2) 
PARAMETRIC_REPRESENTATION_CONTEXT() REPRESENTATION_CONTEXT('2D SPACE',''
  ) );
#10254 = PCURVE('',#5231,#10255);
#10255 = DEFINITIONAL_REPRESENTATION('',(#10256),#10259);
#10256 = B_SPLINE_CURVE_WITH_KNOTS('',1,(#10257,#10258),.UNSPECIFIED.,
  .F.,.F.,(2,2),(-12.23968685747,-12.14214166546),
  .PIECEWISE_BEZIER_KNOTS.);
#10257 = CARTESIAN_POINT('',(0.,-1.6));
#10258 = CARTESIAN_POINT('',(9.754519201375E-02,-1.6));
#10259 = ( GEOMETRIC_REPRESENTATION_CONTEXT(2) 
PARAMETRIC_REPRESENTATION_CONTEXT() REPRESENTATION_CONTEXT('2D SPACE',''
  ) );
#10260 = FACE_BOUND('',#10261,.F.);
#10261 = EDGE_LOOP('',(#10262));
#10262 = ORIENTED_EDGE('',*,*,#10263,.T.);
#10263 = EDGE_CURVE('',#10264,#10264,#10266,.T.);
#10264 = VERTEX_POINT('',#10265);
#10265 = CARTESIAN_POINT('',(6.49,-47.2,1.6));
#10266 = SURFACE_CURVE('',#10267,(#10272,#10283),.PCURVE_S1.);
#10267 = CIRCLE('',#10268,0.2);
#10268 = AXIS2_PLACEMENT_3D('',#10269,#10270,#10271);
#10269 = CARTESIAN_POINT('',(6.29,-47.2,1.6));
#10270 = DIRECTION('',(0.,0.,1.));
#10271 = DIRECTION('',(1.,0.,-0.));
#10272 = PCURVE('',#90,#10273);
#10273 = DEFINITIONAL_REPRESENTATION('',(#10274),#10282);
#10274 = ( BOUNDED_CURVE() B_SPLINE_CURVE(2,(#10275,#10276,#10277,#10278
    ,#10279,#10280,#10281),.UNSPECIFIED.,.T.,.F.) 
B_SPLINE_CURVE_WITH_KNOTS((1,2,2,2,2,1),(-2.094395102393,0.,
    2.094395102393,4.188790204786,6.28318530718,8.377580409573),
.UNSPECIFIED.) CURVE() GEOMETRIC_REPRESENTATION_ITEM() 
RATIONAL_B_SPLINE_CURVE((1.,0.5,1.,0.5,1.,0.5,1.)) REPRESENTATION_ITEM(
  '') );
#10275 = CARTESIAN_POINT('',(31.01,7.8));
#10276 = CARTESIAN_POINT('',(31.01,8.146410161514));
#10277 = CARTESIAN_POINT('',(31.31,7.973205080757));
#10278 = CARTESIAN_POINT('',(31.61,7.8));
#10279 = CARTESIAN_POINT('',(31.31,7.626794919243));
#10280 = CARTESIAN_POINT('',(31.01,7.453589838486));
#10281 = CARTESIAN_POINT('',(31.01,7.8));
#10282 = ( GEOMETRIC_REPRESENTATION_CONTEXT(2) 
PARAMETRIC_REPRESENTATION_CONTEXT() REPRESENTATION_CONTEXT('2D SPACE',''
  ) );
#10283 = PCURVE('',#5266,#10284);
#10284 = DEFINITIONAL_REPRESENTATION('',(#10285),#10289);
#10285 = LINE('',#10286,#10287);
#10286 = CARTESIAN_POINT('',(0.,1.61));
#10287 = VECTOR('',#10288,1.);
#10288 = DIRECTION('',(1.,0.));
#10289 = ( GEOMETRIC_REPRESENTATION_CONTEXT(2) 
PARAMETRIC_REPRESENTATION_CONTEXT() REPRESENTATION_CONTEXT('2D SPACE',''
  ) );
#10290 = FACE_BOUND('',#10291,.F.);
#10291 = EDGE_LOOP('',(#10292,#10315,#10336,#10357,#10378,#10399,#10420,
    #10441,#10462,#10483,#10504,#10525,#10546,#10567,#10588,#10609,
    #10630,#10651,#10672,#10693));
#10292 = ORIENTED_EDGE('',*,*,#10293,.F.);
#10293 = EDGE_CURVE('',#10294,#10296,#10298,.T.);
#10294 = VERTEX_POINT('',#10295);
#10295 = CARTESIAN_POINT('',(5.3346,-46.138843,1.6));
#10296 = VERTEX_POINT('',#10297);
#10297 = CARTESIAN_POINT('',(5.391036,-46.041094,1.6));
#10298 = SURFACE_CURVE('',#10299,(#10303,#10309),.PCURVE_S1.);
#10299 = LINE('',#10300,#10301);
#10300 = CARTESIAN_POINT('',(7.436831123792,-42.49770985591,1.6));
#10301 = VECTOR('',#10302,1.);
#10302 = DIRECTION('',(0.500003910674,0.866023145944,-0.));
#10303 = PCURVE('',#90,#10304);
#10304 = DEFINITIONAL_REPRESENTATION('',(#10305),#10308);
#10305 = B_SPLINE_CURVE_WITH_KNOTS('',1,(#10306,#10307),.UNSPECIFIED.,
  .F.,.F.,(2,2),(-4.204429363278,-4.091558246082),
  .PIECEWISE_BEZIER_KNOTS.);
#10306 = CARTESIAN_POINT('',(32.1654,8.861157));
#10307 = CARTESIAN_POINT('',(32.108964,8.958906));
#10308 = ( GEOMETRIC_REPRESENTATION_CONTEXT(2) 
PARAMETRIC_REPRESENTATION_CONTEXT() REPRESENTATION_CONTEXT('2D SPACE',''
  ) );
#10309 = PCURVE('',#5298,#10310);
#10310 = DEFINITIONAL_REPRESENTATION('',(#10311),#10314);
#10311 = B_SPLINE_CURVE_WITH_KNOTS('',1,(#10312,#10313),.UNSPECIFIED.,
  .F.,.F.,(2,2),(-4.204429363278,-4.091558246082),
  .PIECEWISE_BEZIER_KNOTS.);
#10312 = CARTESIAN_POINT('',(0.,-1.6));
#10313 = CARTESIAN_POINT('',(0.112871117196,-1.6));
#10314 = ( GEOMETRIC_REPRESENTATION_CONTEXT(2) 
PARAMETRIC_REPRESENTATION_CONTEXT() REPRESENTATION_CONTEXT('2D SPACE',''
  ) );
#10315 = ORIENTED_EDGE('',*,*,#10316,.F.);
#10316 = EDGE_CURVE('',#10317,#10294,#10319,.T.);
#10317 = VERTEX_POINT('',#10318);
#10318 = CARTESIAN_POINT('',(5.315,-46.25,1.6));
#10319 = SURFACE_CURVE('',#10320,(#10324,#10330),.PCURVE_S1.);
#10320 = LINE('',#10321,#10322);
#10321 = CARTESIAN_POINT('',(5.052079451461,-47.74109486805,1.6));
#10322 = VECTOR('',#10323,1.);
#10323 = DIRECTION('',(0.173648365029,0.984807719975,-0.));
#10324 = PCURVE('',#90,#10325);
#10325 = DEFINITIONAL_REPRESENTATION('',(#10326),#10329);
#10326 = B_SPLINE_CURVE_WITH_KNOTS('',1,(#10327,#10328),.UNSPECIFIED.,
  .F.,.F.,(2,2),(1.514097460665,1.626969240348),
  .PIECEWISE_BEZIER_KNOTS.);
#10327 = CARTESIAN_POINT('',(32.185,8.75));
#10328 = CARTESIAN_POINT('',(32.1654,8.861157));
#10329 = ( GEOMETRIC_REPRESENTATION_CONTEXT(2) 
PARAMETRIC_REPRESENTATION_CONTEXT() REPRESENTATION_CONTEXT('2D SPACE',''
  ) );
#10330 = PCURVE('',#5326,#10331);
#10331 = DEFINITIONAL_REPRESENTATION('',(#10332),#10335);
#10332 = B_SPLINE_CURVE_WITH_KNOTS('',1,(#10333,#10334),.UNSPECIFIED.,
  .F.,.F.,(2,2),(1.514097460665,1.626969240348),
  .PIECEWISE_BEZIER_KNOTS.);
#10333 = CARTESIAN_POINT('',(0.,-1.6));
#10334 = CARTESIAN_POINT('',(0.112871779684,-1.6));
#10335 = ( GEOMETRIC_REPRESENTATION_CONTEXT(2) 
PARAMETRIC_REPRESENTATION_CONTEXT() REPRESENTATION_CONTEXT('2D SPACE',''
  ) );
#10336 = ORIENTED_EDGE('',*,*,#10337,.F.);
#10337 = EDGE_CURVE('',#10338,#10317,#10340,.T.);
#10338 = VERTEX_POINT('',#10339);
#10339 = CARTESIAN_POINT('',(5.315,-46.55,1.6));
#10340 = SURFACE_CURVE('',#10341,(#10345,#10351),.PCURVE_S1.);
#10341 = LINE('',#10342,#10343);
#10342 = CARTESIAN_POINT('',(5.315,-50.775,1.6));
#10343 = VECTOR('',#10344,1.);
#10344 = DIRECTION('',(0.,1.,-0.));
#10345 = PCURVE('',#90,#10346);
#10346 = DEFINITIONAL_REPRESENTATION('',(#10347),#10350);
#10347 = B_SPLINE_CURVE_WITH_KNOTS('',1,(#10348,#10349),.UNSPECIFIED.,
  .F.,.F.,(2,2),(4.225,4.525),.PIECEWISE_BEZIER_KNOTS.);
#10348 = CARTESIAN_POINT('',(32.185,8.45));
#10349 = CARTESIAN_POINT('',(32.185,8.75));
#10350 = ( GEOMETRIC_REPRESENTATION_CONTEXT(2) 
PARAMETRIC_REPRESENTATION_CONTEXT() REPRESENTATION_CONTEXT('2D SPACE',''
  ) );
#10351 = PCURVE('',#5354,#10352);
#10352 = DEFINITIONAL_REPRESENTATION('',(#10353),#10356);
#10353 = B_SPLINE_CURVE_WITH_KNOTS('',1,(#10354,#10355),.UNSPECIFIED.,
  .F.,.F.,(2,2),(4.225,4.525),.PIECEWISE_BEZIER_KNOTS.);
#10354 = CARTESIAN_POINT('',(0.,-1.6));
#10355 = CARTESIAN_POINT('',(0.3,-1.6));
#10356 = ( GEOMETRIC_REPRESENTATION_CONTEXT(2) 
PARAMETRIC_REPRESENTATION_CONTEXT() REPRESENTATION_CONTEXT('2D SPACE',''
  ) );
#10357 = ORIENTED_EDGE('',*,*,#10358,.F.);
#10358 = EDGE_CURVE('',#10359,#10338,#10361,.T.);
#10359 = VERTEX_POINT('',#10360);
#10360 = CARTESIAN_POINT('',(5.3346,-46.661157,1.6));
#10361 = SURFACE_CURVE('',#10362,(#10366,#10372),.PCURVE_S1.);
#10362 = LINE('',#10363,#10364);
#10363 = CARTESIAN_POINT('',(6.532567605258,-53.45516134171,1.6));
#10364 = VECTOR('',#10365,1.);
#10365 = DIRECTION('',(-0.173648365029,0.984807719975,0.));
#10366 = PCURVE('',#90,#10367);
#10367 = DEFINITIONAL_REPRESENTATION('',(#10368),#10371);
#10368 = B_SPLINE_CURVE_WITH_KNOTS('',1,(#10369,#10370),.UNSPECIFIED.,
  .F.,.F.,(2,2),(6.89881304128,7.011684820964),
  .PIECEWISE_BEZIER_KNOTS.);
#10369 = CARTESIAN_POINT('',(32.1654,8.338843));
#10370 = CARTESIAN_POINT('',(32.185,8.45));
#10371 = ( GEOMETRIC_REPRESENTATION_CONTEXT(2) 
PARAMETRIC_REPRESENTATION_CONTEXT() REPRESENTATION_CONTEXT('2D SPACE',''
  ) );
#10372 = PCURVE('',#5382,#10373);
#10373 = DEFINITIONAL_REPRESENTATION('',(#10374),#10377);
#10374 = B_SPLINE_CURVE_WITH_KNOTS('',1,(#10375,#10376),.UNSPECIFIED.,
  .F.,.F.,(2,2),(6.89881304128,7.011684820964),
  .PIECEWISE_BEZIER_KNOTS.);
#10375 = CARTESIAN_POINT('',(0.,-1.6));
#10376 = CARTESIAN_POINT('',(0.112871779684,-1.6));
#10377 = ( GEOMETRIC_REPRESENTATION_CONTEXT(2) 
PARAMETRIC_REPRESENTATION_CONTEXT() REPRESENTATION_CONTEXT('2D SPACE',''
  ) );
#10378 = ORIENTED_EDGE('',*,*,#10379,.F.);
#10379 = EDGE_CURVE('',#10380,#10359,#10382,.T.);
#10380 = VERTEX_POINT('',#10381);
#10381 = CARTESIAN_POINT('',(5.391036,-46.758906,1.6));
#10382 = SURFACE_CURVE('',#10383,(#10387,#10393),.PCURVE_S1.);
#10383 = LINE('',#10384,#10385);
#10384 = CARTESIAN_POINT('',(11.188977777266,-56.80113101215,1.6));
#10385 = VECTOR('',#10386,1.);
#10386 = DIRECTION('',(-0.500003910674,0.866023145944,0.));
#10387 = PCURVE('',#90,#10388);
#10388 = DEFINITIONAL_REPRESENTATION('',(#10389),#10392);
#10389 = B_SPLINE_CURVE_WITH_KNOTS('',1,(#10390,#10391),.UNSPECIFIED.,
  .F.,.F.,(2,2),(11.595792859798,11.708663976993),
  .PIECEWISE_BEZIER_KNOTS.);
#10390 = CARTESIAN_POINT('',(32.108964,8.241094));
#10391 = CARTESIAN_POINT('',(32.1654,8.338843));
#10392 = ( GEOMETRIC_REPRESENTATION_CONTEXT(2) 
PARAMETRIC_REPRESENTATION_CONTEXT() REPRESENTATION_CONTEXT('2D SPACE',''
  ) );
#10393 = PCURVE('',#5410,#10394);
#10394 = DEFINITIONAL_REPRESENTATION('',(#10395),#10398);
#10395 = B_SPLINE_CURVE_WITH_KNOTS('',1,(#10396,#10397),.UNSPECIFIED.,
  .F.,.F.,(2,2),(11.595792859798,11.708663976993),
  .PIECEWISE_BEZIER_KNOTS.);
#10396 = CARTESIAN_POINT('',(0.,-1.6));
#10397 = CARTESIAN_POINT('',(0.112871117196,-1.6));
#10398 = ( GEOMETRIC_REPRESENTATION_CONTEXT(2) 
PARAMETRIC_REPRESENTATION_CONTEXT() REPRESENTATION_CONTEXT('2D SPACE',''
  ) );
#10399 = ORIENTED_EDGE('',*,*,#10400,.F.);
#10400 = EDGE_CURVE('',#10401,#10380,#10403,.T.);
#10401 = VERTEX_POINT('',#10402);
#10402 = CARTESIAN_POINT('',(5.4775,-46.831458,1.6));
#10403 = SURFACE_CURVE('',#10404,(#10408,#10414),.PCURVE_S1.);
#10404 = LINE('',#10405,#10406);
#10405 = CARTESIAN_POINT('',(16.884388919332,-56.40298609117,1.6));
#10406 = VECTOR('',#10407,1.);
#10407 = DIRECTION('',(-0.766044052715,0.642788074951,0.));
#10408 = PCURVE('',#90,#10409);
#10409 = DEFINITIONAL_REPRESENTATION('',(#10410),#10413);
#10410 = B_SPLINE_CURVE_WITH_KNOTS('',1,(#10411,#10412),.UNSPECIFIED.,
  .F.,.F.,(2,2),(14.890643532706,15.003514326094),
  .PIECEWISE_BEZIER_KNOTS.);
#10411 = CARTESIAN_POINT('',(32.0225,8.168542));
#10412 = CARTESIAN_POINT('',(32.108964,8.241094));
#10413 = ( GEOMETRIC_REPRESENTATION_CONTEXT(2) 
PARAMETRIC_REPRESENTATION_CONTEXT() REPRESENTATION_CONTEXT('2D SPACE',''
  ) );
#10414 = PCURVE('',#5438,#10415);
#10415 = DEFINITIONAL_REPRESENTATION('',(#10416),#10419);
#10416 = B_SPLINE_CURVE_WITH_KNOTS('',1,(#10417,#10418),.UNSPECIFIED.,
  .F.,.F.,(2,2),(14.890643532706,15.003514326094),
  .PIECEWISE_BEZIER_KNOTS.);
#10417 = CARTESIAN_POINT('',(0.,-1.6));
#10418 = CARTESIAN_POINT('',(0.112870793388,-1.6));
#10419 = ( GEOMETRIC_REPRESENTATION_CONTEXT(2) 
PARAMETRIC_REPRESENTATION_CONTEXT() REPRESENTATION_CONTEXT('2D SPACE',''
  ) );
#10420 = ORIENTED_EDGE('',*,*,#10421,.F.);
#10421 = EDGE_CURVE('',#10422,#10401,#10424,.T.);
#10422 = VERTEX_POINT('',#10423);
#10423 = CARTESIAN_POINT('',(5.583564,-46.870063,1.6));
#10424 = SURFACE_CURVE('',#10425,(#10429,#10435),.PCURVE_S1.);
#10425 = LINE('',#10426,#10427);
#10426 = CARTESIAN_POINT('',(20.981429590533,-52.47455275262,1.6));
#10427 = VECTOR('',#10428,1.);
#10428 = DIRECTION('',(-0.939690168911,0.342026879722,0.));
#10429 = PCURVE('',#90,#10430);
#10430 = DEFINITIONAL_REPRESENTATION('',(#10431),#10434);
#10431 = B_SPLINE_CURVE_WITH_KNOTS('',1,(#10432,#10433),.UNSPECIFIED.,
  .F.,.F.,(2,2),(16.386109060159,16.498980305926),
  .PIECEWISE_BEZIER_KNOTS.);
#10432 = CARTESIAN_POINT('',(31.916436,8.129937));
#10433 = CARTESIAN_POINT('',(32.0225,8.168542));
#10434 = ( GEOMETRIC_REPRESENTATION_CONTEXT(2) 
PARAMETRIC_REPRESENTATION_CONTEXT() REPRESENTATION_CONTEXT('2D SPACE',''
  ) );
#10435 = PCURVE('',#5466,#10436);
#10436 = DEFINITIONAL_REPRESENTATION('',(#10437),#10440);
#10437 = B_SPLINE_CURVE_WITH_KNOTS('',1,(#10438,#10439),.UNSPECIFIED.,
  .F.,.F.,(2,2),(16.386109060159,16.498980305926),
  .PIECEWISE_BEZIER_KNOTS.);
#10438 = CARTESIAN_POINT('',(0.,-1.6));
#10439 = CARTESIAN_POINT('',(0.112871245767,-1.6));
#10440 = ( GEOMETRIC_REPRESENTATION_CONTEXT(2) 
PARAMETRIC_REPRESENTATION_CONTEXT() REPRESENTATION_CONTEXT('2D SPACE',''
  ) );
#10441 = ORIENTED_EDGE('',*,*,#10442,.F.);
#10442 = EDGE_CURVE('',#10443,#10422,#10445,.T.);
#10443 = VERTEX_POINT('',#10444);
#10444 = CARTESIAN_POINT('',(5.696436,-46.870063,1.6));
#10445 = SURFACE_CURVE('',#10446,(#10450,#10456),.PCURVE_S1.);
#10446 = LINE('',#10447,#10448);
#10447 = CARTESIAN_POINT('',(21.598218,-46.870063,1.6));
#10448 = VECTOR('',#10449,1.);
#10449 = DIRECTION('',(-1.,0.,0.));
#10450 = PCURVE('',#90,#10451);
#10451 = DEFINITIONAL_REPRESENTATION('',(#10452),#10455);
#10452 = B_SPLINE_CURVE_WITH_KNOTS('',1,(#10453,#10454),.UNSPECIFIED.,
  .F.,.F.,(2,2),(15.901782,16.014654),.PIECEWISE_BEZIER_KNOTS.);
#10453 = CARTESIAN_POINT('',(31.803564,8.129937));
#10454 = CARTESIAN_POINT('',(31.916436,8.129937));
#10455 = ( GEOMETRIC_REPRESENTATION_CONTEXT(2) 
PARAMETRIC_REPRESENTATION_CONTEXT() REPRESENTATION_CONTEXT('2D SPACE',''
  ) );
#10456 = PCURVE('',#5494,#10457);
#10457 = DEFINITIONAL_REPRESENTATION('',(#10458),#10461);
#10458 = B_SPLINE_CURVE_WITH_KNOTS('',1,(#10459,#10460),.UNSPECIFIED.,
  .F.,.F.,(2,2),(15.901782,16.014654),.PIECEWISE_BEZIER_KNOTS.);
#10459 = CARTESIAN_POINT('',(0.,-1.6));
#10460 = CARTESIAN_POINT('',(0.112872,-1.6));
#10461 = ( GEOMETRIC_REPRESENTATION_CONTEXT(2) 
PARAMETRIC_REPRESENTATION_CONTEXT() REPRESENTATION_CONTEXT('2D SPACE',''
  ) );
#10462 = ORIENTED_EDGE('',*,*,#10463,.F.);
#10463 = EDGE_CURVE('',#10464,#10443,#10466,.T.);
#10464 = VERTEX_POINT('',#10465);
#10465 = CARTESIAN_POINT('',(5.8025,-46.831458,1.6));
#10466 = SURFACE_CURVE('',#10467,(#10471,#10477),.PCURVE_S1.);
#10467 = LINE('',#10468,#10469);
#10468 = CARTESIAN_POINT('',(18.484543577099,-42.21546867003,1.6));
#10469 = VECTOR('',#10470,1.);
#10470 = DIRECTION('',(-0.939690168911,-0.342026879722,0.));
#10471 = PCURVE('',#90,#10472);
#10472 = DEFINITIONAL_REPRESENTATION('',(#10473),#10476);
#10473 = B_SPLINE_CURVE_WITH_KNOTS('',1,(#10474,#10475),.UNSPECIFIED.,
  .F.,.F.,(2,2),(13.495984098459,13.608855344226),
  .PIECEWISE_BEZIER_KNOTS.);
#10474 = CARTESIAN_POINT('',(31.6975,8.168542));
#10475 = CARTESIAN_POINT('',(31.803564,8.129937));
#10476 = ( GEOMETRIC_REPRESENTATION_CONTEXT(2) 
PARAMETRIC_REPRESENTATION_CONTEXT() REPRESENTATION_CONTEXT('2D SPACE',''
  ) );
#10477 = PCURVE('',#5522,#10478);
#10478 = DEFINITIONAL_REPRESENTATION('',(#10479),#10482);
#10479 = B_SPLINE_CURVE_WITH_KNOTS('',1,(#10480,#10481),.UNSPECIFIED.,
  .F.,.F.,(2,2),(13.495984098459,13.608855344226),
  .PIECEWISE_BEZIER_KNOTS.);
#10480 = CARTESIAN_POINT('',(0.,-1.6));
#10481 = CARTESIAN_POINT('',(0.112871245767,-1.6));
#10482 = ( GEOMETRIC_REPRESENTATION_CONTEXT(2) 
PARAMETRIC_REPRESENTATION_CONTEXT() REPRESENTATION_CONTEXT('2D SPACE',''
  ) );
#10483 = ORIENTED_EDGE('',*,*,#10484,.F.);
#10484 = EDGE_CURVE('',#10485,#10464,#10487,.T.);
#10485 = VERTEX_POINT('',#10486);
#10486 = CARTESIAN_POINT('',(5.888964,-46.758906,1.6));
#10487 = SURFACE_CURVE('',#10488,(#10492,#10498),.PCURVE_S1.);
#10488 = LINE('',#10489,#10490);
#10489 = CARTESIAN_POINT('',(13.135039494382,-40.67871922552,1.6));
#10490 = VECTOR('',#10491,1.);
#10491 = DIRECTION('',(-0.766044052715,-0.642788074951,0.));
#10492 = PCURVE('',#90,#10493);
#10493 = DEFINITIONAL_REPRESENTATION('',(#10494),#10497);
#10494 = B_SPLINE_CURVE_WITH_KNOTS('',1,(#10495,#10496),.UNSPECIFIED.,
  .F.,.F.,(2,2),(9.459084590107,9.571955383495),
  .PIECEWISE_BEZIER_KNOTS.);
#10495 = CARTESIAN_POINT('',(31.611036,8.241094));
#10496 = CARTESIAN_POINT('',(31.6975,8.168542));
#10497 = ( GEOMETRIC_REPRESENTATION_CONTEXT(2) 
PARAMETRIC_REPRESENTATION_CONTEXT() REPRESENTATION_CONTEXT('2D SPACE',''
  ) );
#10498 = PCURVE('',#5550,#10499);
#10499 = DEFINITIONAL_REPRESENTATION('',(#10500),#10503);
#10500 = B_SPLINE_CURVE_WITH_KNOTS('',1,(#10501,#10502),.UNSPECIFIED.,
  .F.,.F.,(2,2),(9.459084590107,9.571955383495),
  .PIECEWISE_BEZIER_KNOTS.);
#10501 = CARTESIAN_POINT('',(0.,-1.6));
#10502 = CARTESIAN_POINT('',(0.112870793388,-1.6));
#10503 = ( GEOMETRIC_REPRESENTATION_CONTEXT(2) 
PARAMETRIC_REPRESENTATION_CONTEXT() REPRESENTATION_CONTEXT('2D SPACE',''
  ) );
#10504 = ORIENTED_EDGE('',*,*,#10505,.F.);
#10505 = EDGE_CURVE('',#10506,#10485,#10508,.T.);
#10506 = VERTEX_POINT('',#10507);
#10507 = CARTESIAN_POINT('',(5.9454,-46.661157,1.6));
#10508 = SURFACE_CURVE('',#10509,(#10513,#10519),.PCURVE_S1.);
#10509 = LINE('',#10510,#10511);
#10510 = CARTESIAN_POINT('',(8.0843648173,-42.95639989591,1.6));
#10511 = VECTOR('',#10512,1.);
#10512 = DIRECTION('',(-0.500003910674,-0.866023145944,0.));
#10513 = PCURVE('',#90,#10514);
#10514 = DEFINITIONAL_REPRESENTATION('',(#10515),#10518);
#10515 = B_SPLINE_CURVE_WITH_KNOTS('',1,(#10516,#10517),.UNSPECIFIED.,
  .F.,.F.,(2,2),(4.277896175683,4.390767292879),
  .PIECEWISE_BEZIER_KNOTS.);
#10516 = CARTESIAN_POINT('',(31.5546,8.338843));
#10517 = CARTESIAN_POINT('',(31.611036,8.241094));
#10518 = ( GEOMETRIC_REPRESENTATION_CONTEXT(2) 
PARAMETRIC_REPRESENTATION_CONTEXT() REPRESENTATION_CONTEXT('2D SPACE',''
  ) );
#10519 = PCURVE('',#5578,#10520);
#10520 = DEFINITIONAL_REPRESENTATION('',(#10521),#10524);
#10521 = B_SPLINE_CURVE_WITH_KNOTS('',1,(#10522,#10523),.UNSPECIFIED.,
  .F.,.F.,(2,2),(4.277896175683,4.390767292879),
  .PIECEWISE_BEZIER_KNOTS.);
#10522 = CARTESIAN_POINT('',(0.,-1.6));
#10523 = CARTESIAN_POINT('',(0.112871117196,-1.6));
#10524 = ( GEOMETRIC_REPRESENTATION_CONTEXT(2) 
PARAMETRIC_REPRESENTATION_CONTEXT() REPRESENTATION_CONTEXT('2D SPACE',''
  ) );
#10525 = ORIENTED_EDGE('',*,*,#10526,.F.);
#10526 = EDGE_CURVE('',#10527,#10506,#10529,.T.);
#10527 = VERTEX_POINT('',#10528);
#10528 = CARTESIAN_POINT('',(5.965,-46.55,1.6));
#10529 = SURFACE_CURVE('',#10530,(#10534,#10540),.PCURVE_S1.);
#10530 = LINE('',#10531,#10532);
#10531 = CARTESIAN_POINT('',(5.717931018757,-47.95119626265,1.6));
#10532 = VECTOR('',#10533,1.);
#10533 = DIRECTION('',(-0.173648365029,-0.984807719975,0.));
#10534 = PCURVE('',#90,#10535);
#10535 = DEFINITIONAL_REPRESENTATION('',(#10536),#10539);
#10536 = B_SPLINE_CURVE_WITH_KNOTS('',1,(#10537,#10538),.UNSPECIFIED.,
  .F.,.F.,(2,2),(-1.422812021303,-1.309940241619),
  .PIECEWISE_BEZIER_KNOTS.);
#10537 = CARTESIAN_POINT('',(31.535,8.45));
#10538 = CARTESIAN_POINT('',(31.5546,8.338843));
#10539 = ( GEOMETRIC_REPRESENTATION_CONTEXT(2) 
PARAMETRIC_REPRESENTATION_CONTEXT() REPRESENTATION_CONTEXT('2D SPACE',''
  ) );
#10540 = PCURVE('',#5606,#10541);
#10541 = DEFINITIONAL_REPRESENTATION('',(#10542),#10545);
#10542 = B_SPLINE_CURVE_WITH_KNOTS('',1,(#10543,#10544),.UNSPECIFIED.,
  .F.,.F.,(2,2),(-1.422812021303,-1.309940241619),
  .PIECEWISE_BEZIER_KNOTS.);
#10543 = CARTESIAN_POINT('',(0.,-1.6));
#10544 = CARTESIAN_POINT('',(0.112871779684,-1.6));
#10545 = ( GEOMETRIC_REPRESENTATION_CONTEXT(2) 
PARAMETRIC_REPRESENTATION_CONTEXT() REPRESENTATION_CONTEXT('2D SPACE',''
  ) );
#10546 = ORIENTED_EDGE('',*,*,#10547,.F.);
#10547 = EDGE_CURVE('',#10548,#10527,#10550,.T.);
#10548 = VERTEX_POINT('',#10549);
#10549 = CARTESIAN_POINT('',(5.965,-46.25,1.6));
#10550 = SURFACE_CURVE('',#10551,(#10555,#10561),.PCURVE_S1.);
#10551 = LINE('',#10552,#10553);
#10552 = CARTESIAN_POINT('',(5.965,-50.625,1.6));
#10553 = VECTOR('',#10554,1.);
#10554 = DIRECTION('',(0.,-1.,0.));
#10555 = PCURVE('',#90,#10556);
#10556 = DEFINITIONAL_REPRESENTATION('',(#10557),#10560);
#10557 = B_SPLINE_CURVE_WITH_KNOTS('',1,(#10558,#10559),.UNSPECIFIED.,
  .F.,.F.,(2,2),(-4.375,-4.075),.PIECEWISE_BEZIER_KNOTS.);
#10558 = CARTESIAN_POINT('',(31.535,8.75));
#10559 = CARTESIAN_POINT('',(31.535,8.45));
#10560 = ( GEOMETRIC_REPRESENTATION_CONTEXT(2) 
PARAMETRIC_REPRESENTATION_CONTEXT() REPRESENTATION_CONTEXT('2D SPACE',''
  ) );
#10561 = PCURVE('',#5634,#10562);
#10562 = DEFINITIONAL_REPRESENTATION('',(#10563),#10566);
#10563 = B_SPLINE_CURVE_WITH_KNOTS('',1,(#10564,#10565),.UNSPECIFIED.,
  .F.,.F.,(2,2),(-4.375,-4.075),.PIECEWISE_BEZIER_KNOTS.);
#10564 = CARTESIAN_POINT('',(0.,-1.6));
#10565 = CARTESIAN_POINT('',(0.3,-1.6));
#10566 = ( GEOMETRIC_REPRESENTATION_CONTEXT(2) 
PARAMETRIC_REPRESENTATION_CONTEXT() REPRESENTATION_CONTEXT('2D SPACE',''
  ) );
#10567 = ORIENTED_EDGE('',*,*,#10568,.F.);
#10568 = EDGE_CURVE('',#10569,#10548,#10571,.T.);
#10569 = VERTEX_POINT('',#10570);
#10570 = CARTESIAN_POINT('',(5.9454,-46.138843,1.6));
#10571 = SURFACE_CURVE('',#10572,(#10576,#10582),.PCURVE_S1.);
#10572 = LINE('',#10573,#10574);
#10573 = CARTESIAN_POINT('',(7.178819172554,-53.13390294712,1.6));
#10574 = VECTOR('',#10575,1.);
#10575 = DIRECTION('',(0.173648365029,-0.984807719975,0.));
#10576 = PCURVE('',#90,#10577);
#10577 = DEFINITIONAL_REPRESENTATION('',(#10578),#10581);
#10578 = B_SPLINE_CURVE_WITH_KNOTS('',1,(#10579,#10580),.UNSPECIFIED.,
  .F.,.F.,(2,2),(-7.102970260326,-6.990098480642),
  .PIECEWISE_BEZIER_KNOTS.);
#10579 = CARTESIAN_POINT('',(31.5546,8.861157));
#10580 = CARTESIAN_POINT('',(31.535,8.75));
#10581 = ( GEOMETRIC_REPRESENTATION_CONTEXT(2) 
PARAMETRIC_REPRESENTATION_CONTEXT() REPRESENTATION_CONTEXT('2D SPACE',''
  ) );
#10582 = PCURVE('',#5662,#10583);
#10583 = DEFINITIONAL_REPRESENTATION('',(#10584),#10587);
#10584 = B_SPLINE_CURVE_WITH_KNOTS('',1,(#10585,#10586),.UNSPECIFIED.,
  .F.,.F.,(2,2),(-7.102970260326,-6.990098480642),
  .PIECEWISE_BEZIER_KNOTS.);
#10585 = CARTESIAN_POINT('',(0.,-1.6));
#10586 = CARTESIAN_POINT('',(0.112871779684,-1.6));
#10587 = ( GEOMETRIC_REPRESENTATION_CONTEXT(2) 
PARAMETRIC_REPRESENTATION_CONTEXT() REPRESENTATION_CONTEXT('2D SPACE',''
  ) );
#10588 = ORIENTED_EDGE('',*,*,#10589,.F.);
#10589 = EDGE_CURVE('',#10590,#10569,#10592,.T.);
#10590 = VERTEX_POINT('',#10591);
#10591 = CARTESIAN_POINT('',(5.888964,-46.041094,1.6));
#10592 = SURFACE_CURVE('',#10593,(#10597,#10603),.PCURVE_S1.);
#10593 = LINE('',#10594,#10595);
#10594 = CARTESIAN_POINT('',(11.780075470774,-56.24469197215,1.6));
#10595 = VECTOR('',#10596,1.);
#10596 = DIRECTION('',(0.500003910674,-0.866023145944,0.));
#10597 = PCURVE('',#90,#10598);
#10598 = DEFINITIONAL_REPRESENTATION('',(#10599),#10602);
#10599 = B_SPLINE_CURVE_WITH_KNOTS('',1,(#10600,#10601),.UNSPECIFIED.,
  .F.,.F.,(2,2),(-11.78213078939,-11.6692596722),
  .PIECEWISE_BEZIER_KNOTS.);
#10600 = CARTESIAN_POINT('',(31.611036,8.958906));
#10601 = CARTESIAN_POINT('',(31.5546,8.861157));
#10602 = ( GEOMETRIC_REPRESENTATION_CONTEXT(2) 
PARAMETRIC_REPRESENTATION_CONTEXT() REPRESENTATION_CONTEXT('2D SPACE',''
  ) );
#10603 = PCURVE('',#5690,#10604);
#10604 = DEFINITIONAL_REPRESENTATION('',(#10605),#10608);
#10605 = B_SPLINE_CURVE_WITH_KNOTS('',1,(#10606,#10607),.UNSPECIFIED.,
  .F.,.F.,(2,2),(-11.78213078939,-11.6692596722),
  .PIECEWISE_BEZIER_KNOTS.);
#10606 = CARTESIAN_POINT('',(0.,-1.6));
#10607 = CARTESIAN_POINT('',(0.112871117196,-1.6));
#10608 = ( GEOMETRIC_REPRESENTATION_CONTEXT(2) 
PARAMETRIC_REPRESENTATION_CONTEXT() REPRESENTATION_CONTEXT('2D SPACE',''
  ) );
#10609 = ORIENTED_EDGE('',*,*,#10610,.F.);
#10610 = EDGE_CURVE('',#10611,#10590,#10613,.T.);
#10611 = VERTEX_POINT('',#10612);
#10612 = CARTESIAN_POINT('',(5.8025,-45.968542,1.6));
#10613 = SURFACE_CURVE('',#10614,(#10618,#10624),.PCURVE_S1.);
#10614 = LINE('',#10615,#10616);
#10615 = CARTESIAN_POINT('',(17.326481739347,-55.63832275445,1.6));
#10616 = VECTOR('',#10617,1.);
#10617 = DIRECTION('',(0.766044052715,-0.642788074951,0.));
#10618 = PCURVE('',#90,#10619);
#10619 = DEFINITIONAL_REPRESENTATION('',(#10620),#10623);
#10620 = B_SPLINE_CURVE_WITH_KNOTS('',1,(#10621,#10622),.UNSPECIFIED.,
  .F.,.F.,(2,2),(-15.04349743138,-14.93062663799),
  .PIECEWISE_BEZIER_KNOTS.);
#10621 = CARTESIAN_POINT('',(31.6975,9.031458));
#10622 = CARTESIAN_POINT('',(31.611036,8.958906));
#10623 = ( GEOMETRIC_REPRESENTATION_CONTEXT(2) 
PARAMETRIC_REPRESENTATION_CONTEXT() REPRESENTATION_CONTEXT('2D SPACE',''
  ) );
#10624 = PCURVE('',#5718,#10625);
#10625 = DEFINITIONAL_REPRESENTATION('',(#10626),#10629);
#10626 = B_SPLINE_CURVE_WITH_KNOTS('',1,(#10627,#10628),.UNSPECIFIED.,
  .F.,.F.,(2,2),(-15.04349743138,-14.93062663799),
  .PIECEWISE_BEZIER_KNOTS.);
#10627 = CARTESIAN_POINT('',(0.,-1.6));
#10628 = CARTESIAN_POINT('',(0.112870793388,-1.6));
#10629 = ( GEOMETRIC_REPRESENTATION_CONTEXT(2) 
PARAMETRIC_REPRESENTATION_CONTEXT() REPRESENTATION_CONTEXT('2D SPACE',''
  ) );
#10630 = ORIENTED_EDGE('',*,*,#10631,.F.);
#10631 = EDGE_CURVE('',#10632,#10611,#10634,.T.);
#10632 = VERTEX_POINT('',#10633);
#10633 = CARTESIAN_POINT('',(5.696436,-45.929937,1.6));
#10634 = SURFACE_CURVE('',#10635,(#10639,#10645),.PCURVE_S1.);
#10635 = LINE('',#10636,#10637);
#10636 = CARTESIAN_POINT('',(21.195545525949,-51.57127735345,1.6));
#10637 = VECTOR('',#10638,1.);
#10638 = DIRECTION('',(0.939690168911,-0.342026879722,0.));
#10639 = PCURVE('',#90,#10640);
#10640 = DEFINITIONAL_REPRESENTATION('',(#10641),#10644);
#10641 = B_SPLINE_CURVE_WITH_KNOTS('',1,(#10642,#10643),.UNSPECIFIED.,
  .F.,.F.,(2,2),(-16.49385088694,-16.38097964118),
  .PIECEWISE_BEZIER_KNOTS.);
#10642 = CARTESIAN_POINT('',(31.803564,9.070063));
#10643 = CARTESIAN_POINT('',(31.6975,9.031458));
#10644 = ( GEOMETRIC_REPRESENTATION_CONTEXT(2) 
PARAMETRIC_REPRESENTATION_CONTEXT() REPRESENTATION_CONTEXT('2D SPACE',''
  ) );
#10645 = PCURVE('',#5746,#10646);
#10646 = DEFINITIONAL_REPRESENTATION('',(#10647),#10650);
#10647 = B_SPLINE_CURVE_WITH_KNOTS('',1,(#10648,#10649),.UNSPECIFIED.,
  .F.,.F.,(2,2),(-16.49385088694,-16.38097964118),
  .PIECEWISE_BEZIER_KNOTS.);
#10648 = CARTESIAN_POINT('',(0.,-1.6));
#10649 = CARTESIAN_POINT('',(0.112871245767,-1.6));
#10650 = ( GEOMETRIC_REPRESENTATION_CONTEXT(2) 
PARAMETRIC_REPRESENTATION_CONTEXT() REPRESENTATION_CONTEXT('2D SPACE',''
  ) );
#10651 = ORIENTED_EDGE('',*,*,#10652,.F.);
#10652 = EDGE_CURVE('',#10653,#10632,#10655,.T.);
#10653 = VERTEX_POINT('',#10654);
#10654 = CARTESIAN_POINT('',(5.583564,-45.929937,1.6));
#10655 = SURFACE_CURVE('',#10656,(#10660,#10666),.PCURVE_S1.);
#10656 = LINE('',#10657,#10658);
#10657 = CARTESIAN_POINT('',(21.541782,-45.929937,1.6));
#10658 = VECTOR('',#10659,1.);
#10659 = DIRECTION('',(1.,0.,0.));
#10660 = PCURVE('',#90,#10661);
#10661 = DEFINITIONAL_REPRESENTATION('',(#10662),#10665);
#10662 = B_SPLINE_CURVE_WITH_KNOTS('',1,(#10663,#10664),.UNSPECIFIED.,
  .F.,.F.,(2,2),(-15.958218,-15.845346),.PIECEWISE_BEZIER_KNOTS.);
#10663 = CARTESIAN_POINT('',(31.916436,9.070063));
#10664 = CARTESIAN_POINT('',(31.803564,9.070063));
#10665 = ( GEOMETRIC_REPRESENTATION_CONTEXT(2) 
PARAMETRIC_REPRESENTATION_CONTEXT() REPRESENTATION_CONTEXT('2D SPACE',''
  ) );
#10666 = PCURVE('',#5774,#10667);
#10667 = DEFINITIONAL_REPRESENTATION('',(#10668),#10671);
#10668 = B_SPLINE_CURVE_WITH_KNOTS('',1,(#10669,#10670),.UNSPECIFIED.,
  .F.,.F.,(2,2),(-15.958218,-15.845346),.PIECEWISE_BEZIER_KNOTS.);
#10669 = CARTESIAN_POINT('',(0.,-1.6));
#10670 = CARTESIAN_POINT('',(0.112872,-1.6));
#10671 = ( GEOMETRIC_REPRESENTATION_CONTEXT(2) 
PARAMETRIC_REPRESENTATION_CONTEXT() REPRESENTATION_CONTEXT('2D SPACE',''
  ) );
#10672 = ORIENTED_EDGE('',*,*,#10673,.F.);
#10673 = EDGE_CURVE('',#10674,#10653,#10676,.T.);
#10674 = VERTEX_POINT('',#10675);
#10675 = CARTESIAN_POINT('',(5.4775,-45.968542,1.6));
#10676 = SURFACE_CURVE('',#10677,(#10681,#10687),.PCURVE_S1.);
#10677 = LINE('',#10678,#10679);
#10678 = CARTESIAN_POINT('',(18.164363641685,-41.35079827086,1.6));
#10679 = VECTOR('',#10680,1.);
#10680 = DIRECTION('',(0.939690168911,0.342026879722,-0.));
#10681 = PCURVE('',#90,#10682);
#10682 = DEFINITIONAL_REPRESENTATION('',(#10683),#10686);
#10683 = B_SPLINE_CURVE_WITH_KNOTS('',1,(#10684,#10685),.UNSPECIFIED.,
  .F.,.F.,(2,2),(-13.50111351743,-13.38824227166),
  .PIECEWISE_BEZIER_KNOTS.);
#10684 = CARTESIAN_POINT('',(32.0225,9.031458));
#10685 = CARTESIAN_POINT('',(31.916436,9.070063));
#10686 = ( GEOMETRIC_REPRESENTATION_CONTEXT(2) 
PARAMETRIC_REPRESENTATION_CONTEXT() REPRESENTATION_CONTEXT('2D SPACE',''
  ) );
#10687 = PCURVE('',#5802,#10688);
#10688 = DEFINITIONAL_REPRESENTATION('',(#10689),#10692);
#10689 = B_SPLINE_CURVE_WITH_KNOTS('',1,(#10690,#10691),.UNSPECIFIED.,
  .F.,.F.,(2,2),(-13.50111351743,-13.38824227166),
  .PIECEWISE_BEZIER_KNOTS.);
#10690 = CARTESIAN_POINT('',(0.,-1.6));
#10691 = CARTESIAN_POINT('',(0.112871245767,-1.6));
#10692 = ( GEOMETRIC_REPRESENTATION_CONTEXT(2) 
PARAMETRIC_REPRESENTATION_CONTEXT() REPRESENTATION_CONTEXT('2D SPACE',''
  ) );
#10693 = ORIENTED_EDGE('',*,*,#10694,.F.);
#10694 = EDGE_CURVE('',#10296,#10674,#10695,.T.);
#10695 = SURFACE_CURVE('',#10696,(#10700,#10706),.PCURVE_S1.);
#10696 = LINE('',#10697,#10698);
#10697 = CARTESIAN_POINT('',(12.606482674366,-39.9866078888,1.6));
#10698 = VECTOR('',#10699,1.);
#10699 = DIRECTION('',(0.766044052715,0.642788074951,-0.));
#10700 = PCURVE('',#90,#10701);
#10701 = DEFINITIONAL_REPRESENTATION('',(#10702),#10705);
#10702 = B_SPLINE_CURVE_WITH_KNOTS('',1,(#10703,#10704),.UNSPECIFIED.,
  .F.,.F.,(2,2),(-9.419101484818,-9.30623069143),
  .PIECEWISE_BEZIER_KNOTS.);
#10703 = CARTESIAN_POINT('',(32.108964,8.958906));
#10704 = CARTESIAN_POINT('',(32.0225,9.031458));
#10705 = ( GEOMETRIC_REPRESENTATION_CONTEXT(2) 
PARAMETRIC_REPRESENTATION_CONTEXT() REPRESENTATION_CONTEXT('2D SPACE',''
  ) );
#10706 = PCURVE('',#5828,#10707);
#10707 = DEFINITIONAL_REPRESENTATION('',(#10708),#10711);
#10708 = B_SPLINE_CURVE_WITH_KNOTS('',1,(#10709,#10710),.UNSPECIFIED.,
  .F.,.F.,(2,2),(-9.419101484818,-9.30623069143),
  .PIECEWISE_BEZIER_KNOTS.);
#10709 = CARTESIAN_POINT('',(0.,-1.6));
#10710 = CARTESIAN_POINT('',(0.112870793388,-1.6));
#10711 = ( GEOMETRIC_REPRESENTATION_CONTEXT(2) 
PARAMETRIC_REPRESENTATION_CONTEXT() REPRESENTATION_CONTEXT('2D SPACE',''
  ) );
#10712 = FACE_BOUND('',#10713,.F.);
#10713 = EDGE_LOOP('',(#10714));
#10714 = ORIENTED_EDGE('',*,*,#10715,.T.);
#10715 = EDGE_CURVE('',#10716,#10716,#10718,.T.);
#10716 = VERTEX_POINT('',#10717);
#10717 = CARTESIAN_POINT('',(35.945,-27.8525,1.6));
#10718 = SURFACE_CURVE('',#10719,(#10724,#10735),.PCURVE_S1.);
#10719 = CIRCLE('',#10720,0.1);
#10720 = AXIS2_PLACEMENT_3D('',#10721,#10722,#10723);
#10721 = CARTESIAN_POINT('',(35.845,-27.8525,1.6));
#10722 = DIRECTION('',(0.,0.,1.));
#10723 = DIRECTION('',(1.,0.,-0.));
#10724 = PCURVE('',#90,#10725);
#10725 = DEFINITIONAL_REPRESENTATION('',(#10726),#10734);
#10726 = ( BOUNDED_CURVE() B_SPLINE_CURVE(2,(#10727,#10728,#10729,#10730
    ,#10731,#10732,#10733),.UNSPECIFIED.,.T.,.F.) 
B_SPLINE_CURVE_WITH_KNOTS((1,2,2,2,2,1),(-2.094395102393,0.,
    2.094395102393,4.188790204786,6.28318530718,8.377580409573),
.UNSPECIFIED.) CURVE() GEOMETRIC_REPRESENTATION_ITEM() 
RATIONAL_B_SPLINE_CURVE((1.,0.5,1.,0.5,1.,0.5,1.)) REPRESENTATION_ITEM(
  '') );
#10727 = CARTESIAN_POINT('',(1.555,27.1475));
#10728 = CARTESIAN_POINT('',(1.555,27.320705080757));
#10729 = CARTESIAN_POINT('',(1.705,27.234102540378));
#10730 = CARTESIAN_POINT('',(1.855,27.1475));
#10731 = CARTESIAN_POINT('',(1.705,27.060897459622));
#10732 = CARTESIAN_POINT('',(1.555,26.974294919243));
#10733 = CARTESIAN_POINT('',(1.555,27.1475));
#10734 = ( GEOMETRIC_REPRESENTATION_CONTEXT(2) 
PARAMETRIC_REPRESENTATION_CONTEXT() REPRESENTATION_CONTEXT('2D SPACE',''
  ) );
#10735 = PCURVE('',#5863,#10736);
#10736 = DEFINITIONAL_REPRESENTATION('',(#10737),#10741);
#10737 = LINE('',#10738,#10739);
#10738 = CARTESIAN_POINT('',(0.,1.61));
#10739 = VECTOR('',#10740,1.);
#10740 = DIRECTION('',(1.,0.));
#10741 = ( GEOMETRIC_REPRESENTATION_CONTEXT(2) 
PARAMETRIC_REPRESENTATION_CONTEXT() REPRESENTATION_CONTEXT('2D SPACE',''
  ) );
#10742 = FACE_BOUND('',#10743,.F.);
#10743 = EDGE_LOOP('',(#10744));
#10744 = ORIENTED_EDGE('',*,*,#10745,.T.);
#10745 = EDGE_CURVE('',#10746,#10746,#10748,.T.);
#10746 = VERTEX_POINT('',#10747);
#10747 = CARTESIAN_POINT('',(35.945,-26.3275,1.6));
#10748 = SURFACE_CURVE('',#10749,(#10754,#10765),.PCURVE_S1.);
#10749 = CIRCLE('',#10750,0.1);
#10750 = AXIS2_PLACEMENT_3D('',#10751,#10752,#10753);
#10751 = CARTESIAN_POINT('',(35.845,-26.3275,1.6));
#10752 = DIRECTION('',(0.,0.,1.));
#10753 = DIRECTION('',(1.,0.,-0.));
#10754 = PCURVE('',#90,#10755);
#10755 = DEFINITIONAL_REPRESENTATION('',(#10756),#10764);
#10756 = ( BOUNDED_CURVE() B_SPLINE_CURVE(2,(#10757,#10758,#10759,#10760
    ,#10761,#10762,#10763),.UNSPECIFIED.,.T.,.F.) 
B_SPLINE_CURVE_WITH_KNOTS((1,2,2,2,2,1),(-2.094395102393,0.,
    2.094395102393,4.188790204786,6.28318530718,8.377580409573),
.UNSPECIFIED.) CURVE() GEOMETRIC_REPRESENTATION_ITEM() 
RATIONAL_B_SPLINE_CURVE((1.,0.5,1.,0.5,1.,0.5,1.)) REPRESENTATION_ITEM(
  '') );
#10757 = CARTESIAN_POINT('',(1.555,28.6725));
#10758 = CARTESIAN_POINT('',(1.555,28.845705080757));
#10759 = CARTESIAN_POINT('',(1.705,28.759102540378));
#10760 = CARTESIAN_POINT('',(1.855,28.6725));
#10761 = CARTESIAN_POINT('',(1.705,28.585897459622));
#10762 = CARTESIAN_POINT('',(1.555,28.499294919243));
#10763 = CARTESIAN_POINT('',(1.555,28.6725));
#10764 = ( GEOMETRIC_REPRESENTATION_CONTEXT(2) 
PARAMETRIC_REPRESENTATION_CONTEXT() REPRESENTATION_CONTEXT('2D SPACE',''
  ) );
#10765 = PCURVE('',#5898,#10766);
#10766 = DEFINITIONAL_REPRESENTATION('',(#10767),#10771);
#10767 = LINE('',#10768,#10769);
#10768 = CARTESIAN_POINT('',(0.,1.61));
#10769 = VECTOR('',#10770,1.);
#10770 = DIRECTION('',(1.,0.));
#10771 = ( GEOMETRIC_REPRESENTATION_CONTEXT(2) 
PARAMETRIC_REPRESENTATION_CONTEXT() REPRESENTATION_CONTEXT('2D SPACE',''
  ) );
#10772 = FACE_BOUND('',#10773,.F.);
#10773 = EDGE_LOOP('',(#10774));
#10774 = ORIENTED_EDGE('',*,*,#10775,.T.);
#10775 = EDGE_CURVE('',#10776,#10776,#10778,.T.);
#10776 = VERTEX_POINT('',#10777);
#10777 = CARTESIAN_POINT('',(35.1825,-28.615,1.6));
#10778 = SURFACE_CURVE('',#10779,(#10784,#10795),.PCURVE_S1.);
#10779 = CIRCLE('',#10780,0.1);
#10780 = AXIS2_PLACEMENT_3D('',#10781,#10782,#10783);
#10781 = CARTESIAN_POINT('',(35.0825,-28.615,1.6));
#10782 = DIRECTION('',(0.,0.,1.));
#10783 = DIRECTION('',(1.,0.,-0.));
#10784 = PCURVE('',#90,#10785);
#10785 = DEFINITIONAL_REPRESENTATION('',(#10786),#10794);
#10786 = ( BOUNDED_CURVE() B_SPLINE_CURVE(2,(#10787,#10788,#10789,#10790
    ,#10791,#10792,#10793),.UNSPECIFIED.,.T.,.F.) 
B_SPLINE_CURVE_WITH_KNOTS((1,2,2,2,2,1),(-2.094395102393,0.,
    2.094395102393,4.188790204786,6.28318530718,8.377580409573),
.UNSPECIFIED.) CURVE() GEOMETRIC_REPRESENTATION_ITEM() 
RATIONAL_B_SPLINE_CURVE((1.,0.5,1.,0.5,1.,0.5,1.)) REPRESENTATION_ITEM(
  '') );
#10787 = CARTESIAN_POINT('',(2.3175,26.385));
#10788 = CARTESIAN_POINT('',(2.3175,26.558205080757));
#10789 = CARTESIAN_POINT('',(2.4675,26.471602540378));
#10790 = CARTESIAN_POINT('',(2.6175,26.385));
#10791 = CARTESIAN_POINT('',(2.4675,26.298397459622));
#10792 = CARTESIAN_POINT('',(2.3175,26.211794919243));
#10793 = CARTESIAN_POINT('',(2.3175,26.385));
#10794 = ( GEOMETRIC_REPRESENTATION_CONTEXT(2) 
PARAMETRIC_REPRESENTATION_CONTEXT() REPRESENTATION_CONTEXT('2D SPACE',''
  ) );
#10795 = PCURVE('',#5933,#10796);
#10796 = DEFINITIONAL_REPRESENTATION('',(#10797),#10801);
#10797 = LINE('',#10798,#10799);
#10798 = CARTESIAN_POINT('',(0.,1.61));
#10799 = VECTOR('',#10800,1.);
#10800 = DIRECTION('',(1.,0.));
#10801 = ( GEOMETRIC_REPRESENTATION_CONTEXT(2) 
PARAMETRIC_REPRESENTATION_CONTEXT() REPRESENTATION_CONTEXT('2D SPACE',''
  ) );
#10802 = FACE_BOUND('',#10803,.F.);
#10803 = EDGE_LOOP('',(#10804));
#10804 = ORIENTED_EDGE('',*,*,#10805,.T.);
#10805 = EDGE_CURVE('',#10806,#10806,#10808,.T.);
#10806 = VERTEX_POINT('',#10807);
#10807 = CARTESIAN_POINT('',(35.1825,-27.09,1.6));
#10808 = SURFACE_CURVE('',#10809,(#10814,#10825),.PCURVE_S1.);
#10809 = CIRCLE('',#10810,0.1);
#10810 = AXIS2_PLACEMENT_3D('',#10811,#10812,#10813);
#10811 = CARTESIAN_POINT('',(35.0825,-27.09,1.6));
#10812 = DIRECTION('',(0.,0.,1.));
#10813 = DIRECTION('',(1.,0.,-0.));
#10814 = PCURVE('',#90,#10815);
#10815 = DEFINITIONAL_REPRESENTATION('',(#10816),#10824);
#10816 = ( BOUNDED_CURVE() B_SPLINE_CURVE(2,(#10817,#10818,#10819,#10820
    ,#10821,#10822,#10823),.UNSPECIFIED.,.T.,.F.) 
B_SPLINE_CURVE_WITH_KNOTS((1,2,2,2,2,1),(-2.094395102393,0.,
    2.094395102393,4.188790204786,6.28318530718,8.377580409573),
.UNSPECIFIED.) CURVE() GEOMETRIC_REPRESENTATION_ITEM() 
RATIONAL_B_SPLINE_CURVE((1.,0.5,1.,0.5,1.,0.5,1.)) REPRESENTATION_ITEM(
  '') );
#10817 = CARTESIAN_POINT('',(2.3175,27.91));
#10818 = CARTESIAN_POINT('',(2.3175,28.083205080757));
#10819 = CARTESIAN_POINT('',(2.4675,27.996602540378));
#10820 = CARTESIAN_POINT('',(2.6175,27.91));
#10821 = CARTESIAN_POINT('',(2.4675,27.823397459622));
#10822 = CARTESIAN_POINT('',(2.3175,27.736794919243));
#10823 = CARTESIAN_POINT('',(2.3175,27.91));
#10824 = ( GEOMETRIC_REPRESENTATION_CONTEXT(2) 
PARAMETRIC_REPRESENTATION_CONTEXT() REPRESENTATION_CONTEXT('2D SPACE',''
  ) );
#10825 = PCURVE('',#5968,#10826);
#10826 = DEFINITIONAL_REPRESENTATION('',(#10827),#10831);
#10827 = LINE('',#10828,#10829);
#10828 = CARTESIAN_POINT('',(0.,1.61));
#10829 = VECTOR('',#10830,1.);
#10830 = DIRECTION('',(1.,0.));
#10831 = ( GEOMETRIC_REPRESENTATION_CONTEXT(2) 
PARAMETRIC_REPRESENTATION_CONTEXT() REPRESENTATION_CONTEXT('2D SPACE',''
  ) );
#10832 = FACE_BOUND('',#10833,.F.);
#10833 = EDGE_LOOP('',(#10834));
#10834 = ORIENTED_EDGE('',*,*,#10835,.T.);
#10835 = EDGE_CURVE('',#10836,#10836,#10838,.T.);
#10836 = VERTEX_POINT('',#10837);
#10837 = CARTESIAN_POINT('',(33.6575,-28.615,1.6));
#10838 = SURFACE_CURVE('',#10839,(#10844,#10855),.PCURVE_S1.);
#10839 = CIRCLE('',#10840,0.1);
#10840 = AXIS2_PLACEMENT_3D('',#10841,#10842,#10843);
#10841 = CARTESIAN_POINT('',(33.5575,-28.615,1.6));
#10842 = DIRECTION('',(0.,0.,1.));
#10843 = DIRECTION('',(1.,0.,-0.));
#10844 = PCURVE('',#90,#10845);
#10845 = DEFINITIONAL_REPRESENTATION('',(#10846),#10854);
#10846 = ( BOUNDED_CURVE() B_SPLINE_CURVE(2,(#10847,#10848,#10849,#10850
    ,#10851,#10852,#10853),.UNSPECIFIED.,.T.,.F.) 
B_SPLINE_CURVE_WITH_KNOTS((1,2,2,2,2,1),(-2.094395102393,0.,
    2.094395102393,4.188790204786,6.28318530718,8.377580409573),
.UNSPECIFIED.) CURVE() GEOMETRIC_REPRESENTATION_ITEM() 
RATIONAL_B_SPLINE_CURVE((1.,0.5,1.,0.5,1.,0.5,1.)) REPRESENTATION_ITEM(
  '') );
#10847 = CARTESIAN_POINT('',(3.8425,26.385));
#10848 = CARTESIAN_POINT('',(3.8425,26.558205080757));
#10849 = CARTESIAN_POINT('',(3.9925,26.471602540378));
#10850 = CARTESIAN_POINT('',(4.1425,26.385));
#10851 = CARTESIAN_POINT('',(3.9925,26.298397459622));
#10852 = CARTESIAN_POINT('',(3.8425,26.211794919243));
#10853 = CARTESIAN_POINT('',(3.8425,26.385));
#10854 = ( GEOMETRIC_REPRESENTATION_CONTEXT(2) 
PARAMETRIC_REPRESENTATION_CONTEXT() REPRESENTATION_CONTEXT('2D SPACE',''
  ) );
#10855 = PCURVE('',#6003,#10856);
#10856 = DEFINITIONAL_REPRESENTATION('',(#10857),#10861);
#10857 = LINE('',#10858,#10859);
#10858 = CARTESIAN_POINT('',(0.,1.61));
#10859 = VECTOR('',#10860,1.);
#10860 = DIRECTION('',(1.,0.));
#10861 = ( GEOMETRIC_REPRESENTATION_CONTEXT(2) 
PARAMETRIC_REPRESENTATION_CONTEXT() REPRESENTATION_CONTEXT('2D SPACE',''
  ) );
#10862 = FACE_BOUND('',#10863,.F.);
#10863 = EDGE_LOOP('',(#10864));
#10864 = ORIENTED_EDGE('',*,*,#10865,.T.);
#10865 = EDGE_CURVE('',#10866,#10866,#10868,.T.);
#10866 = VERTEX_POINT('',#10867);
#10867 = CARTESIAN_POINT('',(34.42,-27.8525,1.6));
#10868 = SURFACE_CURVE('',#10869,(#10874,#10885),.PCURVE_S1.);
#10869 = CIRCLE('',#10870,0.1);
#10870 = AXIS2_PLACEMENT_3D('',#10871,#10872,#10873);
#10871 = CARTESIAN_POINT('',(34.32,-27.8525,1.6));
#10872 = DIRECTION('',(0.,0.,1.));
#10873 = DIRECTION('',(1.,0.,-0.));
#10874 = PCURVE('',#90,#10875);
#10875 = DEFINITIONAL_REPRESENTATION('',(#10876),#10884);
#10876 = ( BOUNDED_CURVE() B_SPLINE_CURVE(2,(#10877,#10878,#10879,#10880
    ,#10881,#10882,#10883),.UNSPECIFIED.,.T.,.F.) 
B_SPLINE_CURVE_WITH_KNOTS((1,2,2,2,2,1),(-2.094395102393,0.,
    2.094395102393,4.188790204786,6.28318530718,8.377580409573),
.UNSPECIFIED.) CURVE() GEOMETRIC_REPRESENTATION_ITEM() 
RATIONAL_B_SPLINE_CURVE((1.,0.5,1.,0.5,1.,0.5,1.)) REPRESENTATION_ITEM(
  '') );
#10877 = CARTESIAN_POINT('',(3.08,27.1475));
#10878 = CARTESIAN_POINT('',(3.08,27.320705080757));
#10879 = CARTESIAN_POINT('',(3.23,27.234102540378));
#10880 = CARTESIAN_POINT('',(3.38,27.1475));
#10881 = CARTESIAN_POINT('',(3.23,27.060897459622));
#10882 = CARTESIAN_POINT('',(3.08,26.974294919243));
#10883 = CARTESIAN_POINT('',(3.08,27.1475));
#10884 = ( GEOMETRIC_REPRESENTATION_CONTEXT(2) 
PARAMETRIC_REPRESENTATION_CONTEXT() REPRESENTATION_CONTEXT('2D SPACE',''
  ) );
#10885 = PCURVE('',#6038,#10886);
#10886 = DEFINITIONAL_REPRESENTATION('',(#10887),#10891);
#10887 = LINE('',#10888,#10889);
#10888 = CARTESIAN_POINT('',(0.,1.61));
#10889 = VECTOR('',#10890,1.);
#10890 = DIRECTION('',(1.,0.));
#10891 = ( GEOMETRIC_REPRESENTATION_CONTEXT(2) 
PARAMETRIC_REPRESENTATION_CONTEXT() REPRESENTATION_CONTEXT('2D SPACE',''
  ) );
#10892 = FACE_BOUND('',#10893,.F.);
#10893 = EDGE_LOOP('',(#10894));
#10894 = ORIENTED_EDGE('',*,*,#10895,.T.);
#10895 = EDGE_CURVE('',#10896,#10896,#10898,.T.);
#10896 = VERTEX_POINT('',#10897);
#10897 = CARTESIAN_POINT('',(33.6575,-27.09,1.6));
#10898 = SURFACE_CURVE('',#10899,(#10904,#10915),.PCURVE_S1.);
#10899 = CIRCLE('',#10900,0.1);
#10900 = AXIS2_PLACEMENT_3D('',#10901,#10902,#10903);
#10901 = CARTESIAN_POINT('',(33.5575,-27.09,1.6));
#10902 = DIRECTION('',(0.,0.,1.));
#10903 = DIRECTION('',(1.,0.,-0.));
#10904 = PCURVE('',#90,#10905);
#10905 = DEFINITIONAL_REPRESENTATION('',(#10906),#10914);
#10906 = ( BOUNDED_CURVE() B_SPLINE_CURVE(2,(#10907,#10908,#10909,#10910
    ,#10911,#10912,#10913),.UNSPECIFIED.,.T.,.F.) 
B_SPLINE_CURVE_WITH_KNOTS((1,2,2,2,2,1),(-2.094395102393,0.,
    2.094395102393,4.188790204786,6.28318530718,8.377580409573),
.UNSPECIFIED.) CURVE() GEOMETRIC_REPRESENTATION_ITEM() 
RATIONAL_B_SPLINE_CURVE((1.,0.5,1.,0.5,1.,0.5,1.)) REPRESENTATION_ITEM(
  '') );
#10907 = CARTESIAN_POINT('',(3.8425,27.91));
#10908 = CARTESIAN_POINT('',(3.8425,28.083205080757));
#10909 = CARTESIAN_POINT('',(3.9925,27.996602540378));
#10910 = CARTESIAN_POINT('',(4.1425,27.91));
#10911 = CARTESIAN_POINT('',(3.9925,27.823397459622));
#10912 = CARTESIAN_POINT('',(3.8425,27.736794919243));
#10913 = CARTESIAN_POINT('',(3.8425,27.91));
#10914 = ( GEOMETRIC_REPRESENTATION_CONTEXT(2) 
PARAMETRIC_REPRESENTATION_CONTEXT() REPRESENTATION_CONTEXT('2D SPACE',''
  ) );
#10915 = PCURVE('',#6073,#10916);
#10916 = DEFINITIONAL_REPRESENTATION('',(#10917),#10921);
#10917 = LINE('',#10918,#10919);
#10918 = CARTESIAN_POINT('',(0.,1.61));
#10919 = VECTOR('',#10920,1.);
#10920 = DIRECTION('',(1.,0.));
#10921 = ( GEOMETRIC_REPRESENTATION_CONTEXT(2) 
PARAMETRIC_REPRESENTATION_CONTEXT() REPRESENTATION_CONTEXT('2D SPACE',''
  ) );
#10922 = FACE_BOUND('',#10923,.F.);
#10923 = EDGE_LOOP('',(#10924));
#10924 = ORIENTED_EDGE('',*,*,#10925,.T.);
#10925 = EDGE_CURVE('',#10926,#10926,#10928,.T.);
#10926 = VERTEX_POINT('',#10927);
#10927 = CARTESIAN_POINT('',(35.1825,-25.565,1.6));
#10928 = SURFACE_CURVE('',#10929,(#10934,#10945),.PCURVE_S1.);
#10929 = CIRCLE('',#10930,0.1);
#10930 = AXIS2_PLACEMENT_3D('',#10931,#10932,#10933);
#10931 = CARTESIAN_POINT('',(35.0825,-25.565,1.6));
#10932 = DIRECTION('',(0.,0.,1.));
#10933 = DIRECTION('',(1.,0.,-0.));
#10934 = PCURVE('',#90,#10935);
#10935 = DEFINITIONAL_REPRESENTATION('',(#10936),#10944);
#10936 = ( BOUNDED_CURVE() B_SPLINE_CURVE(2,(#10937,#10938,#10939,#10940
    ,#10941,#10942,#10943),.UNSPECIFIED.,.T.,.F.) 
B_SPLINE_CURVE_WITH_KNOTS((1,2,2,2,2,1),(-2.094395102393,0.,
    2.094395102393,4.188790204786,6.28318530718,8.377580409573),
.UNSPECIFIED.) CURVE() GEOMETRIC_REPRESENTATION_ITEM() 
RATIONAL_B_SPLINE_CURVE((1.,0.5,1.,0.5,1.,0.5,1.)) REPRESENTATION_ITEM(
  '') );
#10937 = CARTESIAN_POINT('',(2.3175,29.435));
#10938 = CARTESIAN_POINT('',(2.3175,29.608205080757));
#10939 = CARTESIAN_POINT('',(2.4675,29.521602540378));
#10940 = CARTESIAN_POINT('',(2.6175,29.435));
#10941 = CARTESIAN_POINT('',(2.4675,29.348397459622));
#10942 = CARTESIAN_POINT('',(2.3175,29.261794919243));
#10943 = CARTESIAN_POINT('',(2.3175,29.435));
#10944 = ( GEOMETRIC_REPRESENTATION_CONTEXT(2) 
PARAMETRIC_REPRESENTATION_CONTEXT() REPRESENTATION_CONTEXT('2D SPACE',''
  ) );
#10945 = PCURVE('',#6108,#10946);
#10946 = DEFINITIONAL_REPRESENTATION('',(#10947),#10951);
#10947 = LINE('',#10948,#10949);
#10948 = CARTESIAN_POINT('',(0.,1.61));
#10949 = VECTOR('',#10950,1.);
#10950 = DIRECTION('',(1.,0.));
#10951 = ( GEOMETRIC_REPRESENTATION_CONTEXT(2) 
PARAMETRIC_REPRESENTATION_CONTEXT() REPRESENTATION_CONTEXT('2D SPACE',''
  ) );
#10952 = FACE_BOUND('',#10953,.F.);
#10953 = EDGE_LOOP('',(#10954));
#10954 = ORIENTED_EDGE('',*,*,#10955,.T.);
#10955 = EDGE_CURVE('',#10956,#10956,#10958,.T.);
#10956 = VERTEX_POINT('',#10957);
#10957 = CARTESIAN_POINT('',(34.42,-26.3275,1.6));
#10958 = SURFACE_CURVE('',#10959,(#10964,#10975),.PCURVE_S1.);
#10959 = CIRCLE('',#10960,0.1);
#10960 = AXIS2_PLACEMENT_3D('',#10961,#10962,#10963);
#10961 = CARTESIAN_POINT('',(34.32,-26.3275,1.6));
#10962 = DIRECTION('',(0.,0.,1.));
#10963 = DIRECTION('',(1.,0.,-0.));
#10964 = PCURVE('',#90,#10965);
#10965 = DEFINITIONAL_REPRESENTATION('',(#10966),#10974);
#10966 = ( BOUNDED_CURVE() B_SPLINE_CURVE(2,(#10967,#10968,#10969,#10970
    ,#10971,#10972,#10973),.UNSPECIFIED.,.T.,.F.) 
B_SPLINE_CURVE_WITH_KNOTS((1,2,2,2,2,1),(-2.094395102393,0.,
    2.094395102393,4.188790204786,6.28318530718,8.377580409573),
.UNSPECIFIED.) CURVE() GEOMETRIC_REPRESENTATION_ITEM() 
RATIONAL_B_SPLINE_CURVE((1.,0.5,1.,0.5,1.,0.5,1.)) REPRESENTATION_ITEM(
  '') );
#10967 = CARTESIAN_POINT('',(3.08,28.6725));
#10968 = CARTESIAN_POINT('',(3.08,28.845705080757));
#10969 = CARTESIAN_POINT('',(3.23,28.759102540378));
#10970 = CARTESIAN_POINT('',(3.38,28.6725));
#10971 = CARTESIAN_POINT('',(3.23,28.585897459622));
#10972 = CARTESIAN_POINT('',(3.08,28.499294919243));
#10973 = CARTESIAN_POINT('',(3.08,28.6725));
#10974 = ( GEOMETRIC_REPRESENTATION_CONTEXT(2) 
PARAMETRIC_REPRESENTATION_CONTEXT() REPRESENTATION_CONTEXT('2D SPACE',''
  ) );
#10975 = PCURVE('',#6143,#10976);
#10976 = DEFINITIONAL_REPRESENTATION('',(#10977),#10981);
#10977 = LINE('',#10978,#10979);
#10978 = CARTESIAN_POINT('',(0.,1.61));
#10979 = VECTOR('',#10980,1.);
#10980 = DIRECTION('',(1.,0.));
#10981 = ( GEOMETRIC_REPRESENTATION_CONTEXT(2) 
PARAMETRIC_REPRESENTATION_CONTEXT() REPRESENTATION_CONTEXT('2D SPACE',''
  ) );
#10982 = FACE_BOUND('',#10983,.F.);
#10983 = EDGE_LOOP('',(#10984));
#10984 = ORIENTED_EDGE('',*,*,#10985,.T.);
#10985 = EDGE_CURVE('',#10986,#10986,#10988,.T.);
#10986 = VERTEX_POINT('',#10987);
#10987 = CARTESIAN_POINT('',(33.6575,-25.565,1.6));
#10988 = SURFACE_CURVE('',#10989,(#10994,#11005),.PCURVE_S1.);
#10989 = CIRCLE('',#10990,0.1);
#10990 = AXIS2_PLACEMENT_3D('',#10991,#10992,#10993);
#10991 = CARTESIAN_POINT('',(33.5575,-25.565,1.6));
#10992 = DIRECTION('',(0.,0.,1.));
#10993 = DIRECTION('',(1.,0.,-0.));
#10994 = PCURVE('',#90,#10995);
#10995 = DEFINITIONAL_REPRESENTATION('',(#10996),#11004);
#10996 = ( BOUNDED_CURVE() B_SPLINE_CURVE(2,(#10997,#10998,#10999,#11000
    ,#11001,#11002,#11003),.UNSPECIFIED.,.T.,.F.) 
B_SPLINE_CURVE_WITH_KNOTS((1,2,2,2,2,1),(-2.094395102393,0.,
    2.094395102393,4.188790204786,6.28318530718,8.377580409573),
.UNSPECIFIED.) CURVE() GEOMETRIC_REPRESENTATION_ITEM() 
RATIONAL_B_SPLINE_CURVE((1.,0.5,1.,0.5,1.,0.5,1.)) REPRESENTATION_ITEM(
  '') );
#10997 = CARTESIAN_POINT('',(3.8425,29.435));
#10998 = CARTESIAN_POINT('',(3.8425,29.608205080757));
#10999 = CARTESIAN_POINT('',(3.9925,29.521602540378));
#11000 = CARTESIAN_POINT('',(4.1425,29.435));
#11001 = CARTESIAN_POINT('',(3.9925,29.348397459622));
#11002 = CARTESIAN_POINT('',(3.8425,29.261794919243));
#11003 = CARTESIAN_POINT('',(3.8425,29.435));
#11004 = ( GEOMETRIC_REPRESENTATION_CONTEXT(2) 
PARAMETRIC_REPRESENTATION_CONTEXT() REPRESENTATION_CONTEXT('2D SPACE',''
  ) );
#11005 = PCURVE('',#6178,#11006);
#11006 = DEFINITIONAL_REPRESENTATION('',(#11007),#11011);
#11007 = LINE('',#11008,#11009);
#11008 = CARTESIAN_POINT('',(0.,1.61));
#11009 = VECTOR('',#11010,1.);
#11010 = DIRECTION('',(1.,0.));
#11011 = ( GEOMETRIC_REPRESENTATION_CONTEXT(2) 
PARAMETRIC_REPRESENTATION_CONTEXT() REPRESENTATION_CONTEXT('2D SPACE',''
  ) );
#11012 = FACE_BOUND('',#11013,.F.);
#11013 = EDGE_LOOP('',(#11014));
#11014 = ORIENTED_EDGE('',*,*,#11015,.T.);
#11015 = EDGE_CURVE('',#11016,#11016,#11018,.T.);
#11016 = VERTEX_POINT('',#11017);
#11017 = CARTESIAN_POINT('',(32.895,-27.8525,1.6));
#11018 = SURFACE_CURVE('',#11019,(#11024,#11035),.PCURVE_S1.);
#11019 = CIRCLE('',#11020,0.1);
#11020 = AXIS2_PLACEMENT_3D('',#11021,#11022,#11023);
#11021 = CARTESIAN_POINT('',(32.795,-27.8525,1.6));
#11022 = DIRECTION('',(0.,0.,1.));
#11023 = DIRECTION('',(1.,0.,-0.));
#11024 = PCURVE('',#90,#11025);
#11025 = DEFINITIONAL_REPRESENTATION('',(#11026),#11034);
#11026 = ( BOUNDED_CURVE() B_SPLINE_CURVE(2,(#11027,#11028,#11029,#11030
    ,#11031,#11032,#11033),.UNSPECIFIED.,.T.,.F.) 
B_SPLINE_CURVE_WITH_KNOTS((1,2,2,2,2,1),(-2.094395102393,0.,
    2.094395102393,4.188790204786,6.28318530718,8.377580409573),
.UNSPECIFIED.) CURVE() GEOMETRIC_REPRESENTATION_ITEM() 
RATIONAL_B_SPLINE_CURVE((1.,0.5,1.,0.5,1.,0.5,1.)) REPRESENTATION_ITEM(
  '') );
#11027 = CARTESIAN_POINT('',(4.605,27.1475));
#11028 = CARTESIAN_POINT('',(4.605,27.320705080757));
#11029 = CARTESIAN_POINT('',(4.755,27.234102540378));
#11030 = CARTESIAN_POINT('',(4.905,27.1475));
#11031 = CARTESIAN_POINT('',(4.755,27.060897459622));
#11032 = CARTESIAN_POINT('',(4.605,26.974294919243));
#11033 = CARTESIAN_POINT('',(4.605,27.1475));
#11034 = ( GEOMETRIC_REPRESENTATION_CONTEXT(2) 
PARAMETRIC_REPRESENTATION_CONTEXT() REPRESENTATION_CONTEXT('2D SPACE',''
  ) );
#11035 = PCURVE('',#6213,#11036);
#11036 = DEFINITIONAL_REPRESENTATION('',(#11037),#11041);
#11037 = LINE('',#11038,#11039);
#11038 = CARTESIAN_POINT('',(0.,1.61));
#11039 = VECTOR('',#11040,1.);
#11040 = DIRECTION('',(1.,0.));
#11041 = ( GEOMETRIC_REPRESENTATION_CONTEXT(2) 
PARAMETRIC_REPRESENTATION_CONTEXT() REPRESENTATION_CONTEXT('2D SPACE',''
  ) );
#11042 = FACE_BOUND('',#11043,.F.);
#11043 = EDGE_LOOP('',(#11044));
#11044 = ORIENTED_EDGE('',*,*,#11045,.T.);
#11045 = EDGE_CURVE('',#11046,#11046,#11048,.T.);
#11046 = VERTEX_POINT('',#11047);
#11047 = CARTESIAN_POINT('',(32.895,-26.3275,1.6));
#11048 = SURFACE_CURVE('',#11049,(#11054,#11065),.PCURVE_S1.);
#11049 = CIRCLE('',#11050,0.1);
#11050 = AXIS2_PLACEMENT_3D('',#11051,#11052,#11053);
#11051 = CARTESIAN_POINT('',(32.795,-26.3275,1.6));
#11052 = DIRECTION('',(0.,0.,1.));
#11053 = DIRECTION('',(1.,0.,-0.));
#11054 = PCURVE('',#90,#11055);
#11055 = DEFINITIONAL_REPRESENTATION('',(#11056),#11064);
#11056 = ( BOUNDED_CURVE() B_SPLINE_CURVE(2,(#11057,#11058,#11059,#11060
    ,#11061,#11062,#11063),.UNSPECIFIED.,.T.,.F.) 
B_SPLINE_CURVE_WITH_KNOTS((1,2,2,2,2,1),(-2.094395102393,0.,
    2.094395102393,4.188790204786,6.28318530718,8.377580409573),
.UNSPECIFIED.) CURVE() GEOMETRIC_REPRESENTATION_ITEM() 
RATIONAL_B_SPLINE_CURVE((1.,0.5,1.,0.5,1.,0.5,1.)) REPRESENTATION_ITEM(
  '') );
#11057 = CARTESIAN_POINT('',(4.605,28.6725));
#11058 = CARTESIAN_POINT('',(4.605,28.845705080757));
#11059 = CARTESIAN_POINT('',(4.755,28.759102540378));
#11060 = CARTESIAN_POINT('',(4.905,28.6725));
#11061 = CARTESIAN_POINT('',(4.755,28.585897459622));
#11062 = CARTESIAN_POINT('',(4.605,28.499294919243));
#11063 = CARTESIAN_POINT('',(4.605,28.6725));
#11064 = ( GEOMETRIC_REPRESENTATION_CONTEXT(2) 
PARAMETRIC_REPRESENTATION_CONTEXT() REPRESENTATION_CONTEXT('2D SPACE',''
  ) );
#11065 = PCURVE('',#6248,#11066);
#11066 = DEFINITIONAL_REPRESENTATION('',(#11067),#11071);
#11067 = LINE('',#11068,#11069);
#11068 = CARTESIAN_POINT('',(0.,1.61));
#11069 = VECTOR('',#11070,1.);
#11070 = DIRECTION('',(1.,0.));
#11071 = ( GEOMETRIC_REPRESENTATION_CONTEXT(2) 
PARAMETRIC_REPRESENTATION_CONTEXT() REPRESENTATION_CONTEXT('2D SPACE',''
  ) );
#11072 = FACE_BOUND('',#11073,.F.);
#11073 = EDGE_LOOP('',(#11074));
#11074 = ORIENTED_EDGE('',*,*,#11075,.T.);
#11075 = EDGE_CURVE('',#11076,#11076,#11078,.T.);
#11076 = VERTEX_POINT('',#11077);
#11077 = CARTESIAN_POINT('',(5.6,-4.,1.6));
#11078 = SURFACE_CURVE('',#11079,(#11084,#11095),.PCURVE_S1.);
#11079 = CIRCLE('',#11080,1.6);
#11080 = AXIS2_PLACEMENT_3D('',#11081,#11082,#11083);
#11081 = CARTESIAN_POINT('',(4.,-4.,1.6));
#11082 = DIRECTION('',(0.,0.,1.));
#11083 = DIRECTION('',(1.,0.,-0.));
#11084 = PCURVE('',#90,#11085);
#11085 = DEFINITIONAL_REPRESENTATION('',(#11086),#11094);
#11086 = ( BOUNDED_CURVE() B_SPLINE_CURVE(2,(#11087,#11088,#11089,#11090
    ,#11091,#11092,#11093),.UNSPECIFIED.,.T.,.F.) 
B_SPLINE_CURVE_WITH_KNOTS((1,2,2,2,2,1),(-2.094395102393,0.,
    2.094395102393,4.188790204786,6.28318530718,8.377580409573),
.UNSPECIFIED.) CURVE() GEOMETRIC_REPRESENTATION_ITEM() 
RATIONAL_B_SPLINE_CURVE((1.,0.5,1.,0.5,1.,0.5,1.)) REPRESENTATION_ITEM(
  '') );
#11087 = CARTESIAN_POINT('',(31.9,51.));
#11088 = CARTESIAN_POINT('',(31.9,53.77128129211));
#11089 = CARTESIAN_POINT('',(34.3,52.385640646055));
#11090 = CARTESIAN_POINT('',(36.7,51.));
#11091 = CARTESIAN_POINT('',(34.3,49.614359353945));
#11092 = CARTESIAN_POINT('',(31.9,48.22871870789));
#11093 = CARTESIAN_POINT('',(31.9,51.));
#11094 = ( GEOMETRIC_REPRESENTATION_CONTEXT(2) 
PARAMETRIC_REPRESENTATION_CONTEXT() REPRESENTATION_CONTEXT('2D SPACE',''
  ) );
#11095 = PCURVE('',#6283,#11096);
#11096 = DEFINITIONAL_REPRESENTATION('',(#11097),#11101);
#11097 = LINE('',#11098,#11099);
#11098 = CARTESIAN_POINT('',(0.,1.61));
#11099 = VECTOR('',#11100,1.);
#11100 = DIRECTION('',(1.,0.));
#11101 = ( GEOMETRIC_REPRESENTATION_CONTEXT(2) 
PARAMETRIC_REPRESENTATION_CONTEXT() REPRESENTATION_CONTEXT('2D SPACE',''
  ) );
#11102 = ADVANCED_FACE('',(#11103),#177,.T.);
#11103 = FACE_BOUND('',#11104,.T.);
#11104 = EDGE_LOOP('',(#11105,#11126,#11127,#11128));
#11105 = ORIENTED_EDGE('',*,*,#11106,.T.);
#11106 = EDGE_CURVE('',#1911,#7618,#11107,.T.);
#11107 = SURFACE_CURVE('',#11108,(#11112,#11119),.PCURVE_S1.);
#11108 = LINE('',#11109,#11110);
#11109 = CARTESIAN_POINT('',(3.,-0.,0.));
#11110 = VECTOR('',#11111,1.);
#11111 = DIRECTION('',(0.,0.,1.));
#11112 = PCURVE('',#177,#11113);
#11113 = DEFINITIONAL_REPRESENTATION('',(#11114),#11118);
#11114 = LINE('',#11115,#11116);
#11115 = CARTESIAN_POINT('',(0.,0.));
#11116 = VECTOR('',#11117,1.);
#11117 = DIRECTION('',(0.,-1.));
#11118 = ( GEOMETRIC_REPRESENTATION_CONTEXT(2) 
PARAMETRIC_REPRESENTATION_CONTEXT() REPRESENTATION_CONTEXT('2D SPACE',''
  ) );
#11119 = PCURVE('',#1926,#11120);
#11120 = DEFINITIONAL_REPRESENTATION('',(#11121),#11125);
#11121 = LINE('',#11122,#11123);
#11122 = CARTESIAN_POINT('',(0.336422235023,0.));
#11123 = VECTOR('',#11124,1.);
#11124 = DIRECTION('',(0.,-1.));
#11125 = ( GEOMETRIC_REPRESENTATION_CONTEXT(2) 
PARAMETRIC_REPRESENTATION_CONTEXT() REPRESENTATION_CONTEXT('2D SPACE',''
  ) );
#11126 = ORIENTED_EDGE('',*,*,#7640,.T.);
#11127 = ORIENTED_EDGE('',*,*,#159,.F.);
#11128 = ORIENTED_EDGE('',*,*,#1938,.F.);
#11129 = ADVANCED_FACE('',(#11130),#275,.T.);
#11130 = FACE_BOUND('',#11131,.T.);
#11131 = EDGE_LOOP('',(#11132,#11133,#11134,#11155));
#11132 = ORIENTED_EDGE('',*,*,#259,.T.);
#11133 = ORIENTED_EDGE('',*,*,#6301,.T.);
#11134 = ORIENTED_EDGE('',*,*,#11135,.F.);
#11135 = EDGE_CURVE('',#315,#6302,#11136,.T.);
#11136 = SURFACE_CURVE('',#11137,(#11141,#11148),.PCURVE_S1.);
#11137 = LINE('',#11138,#11139);
#11138 = CARTESIAN_POINT('',(73.301651,-0.297093,0.));
#11139 = VECTOR('',#11140,1.);
#11140 = DIRECTION('',(0.,0.,1.));
#11141 = PCURVE('',#275,#11142);
#11142 = DEFINITIONAL_REPRESENTATION('',(#11143),#11147);
#11143 = LINE('',#11144,#11145);
#11144 = CARTESIAN_POINT('',(0.336422506151,0.));
#11145 = VECTOR('',#11146,1.);
#11146 = DIRECTION('',(0.,-1.));
#11147 = ( GEOMETRIC_REPRESENTATION_CONTEXT(2) 
PARAMETRIC_REPRESENTATION_CONTEXT() REPRESENTATION_CONTEXT('2D SPACE',''
  ) );
#11148 = PCURVE('',#353,#11149);
#11149 = DEFINITIONAL_REPRESENTATION('',(#11150),#11154);
#11150 = LINE('',#11151,#11152);
#11151 = CARTESIAN_POINT('',(0.,0.));
#11152 = VECTOR('',#11153,1.);
#11153 = DIRECTION('',(0.,-1.));
#11154 = ( GEOMETRIC_REPRESENTATION_CONTEXT(2) 
PARAMETRIC_REPRESENTATION_CONTEXT() REPRESENTATION_CONTEXT('2D SPACE',''
  ) );
#11155 = ORIENTED_EDGE('',*,*,#314,.F.);
#11156 = ADVANCED_FACE('',(#11157),#1926,.T.);
#11157 = FACE_BOUND('',#11158,.T.);
#11158 = EDGE_LOOP('',(#11159,#11180,#11181,#11182));
#11159 = ORIENTED_EDGE('',*,*,#11160,.T.);
#11160 = EDGE_CURVE('',#1883,#7595,#11161,.T.);
#11161 = SURFACE_CURVE('',#11162,(#11166,#11173),.PCURVE_S1.);
#11162 = LINE('',#11163,#11164);
#11163 = CARTESIAN_POINT('',(2.664107,-1.8863E-02,0.));
#11164 = VECTOR('',#11165,1.);
#11165 = DIRECTION('',(0.,0.,1.));
#11166 = PCURVE('',#1926,#11167);
#11167 = DEFINITIONAL_REPRESENTATION('',(#11168),#11172);
#11168 = LINE('',#11169,#11170);
#11169 = CARTESIAN_POINT('',(0.,0.));
#11170 = VECTOR('',#11171,1.);
#11171 = DIRECTION('',(0.,-1.));
#11172 = ( GEOMETRIC_REPRESENTATION_CONTEXT(2) 
PARAMETRIC_REPRESENTATION_CONTEXT() REPRESENTATION_CONTEXT('2D SPACE',''
  ) );
#11173 = PCURVE('',#1898,#11174);
#11174 = DEFINITIONAL_REPRESENTATION('',(#11175),#11179);
#11175 = LINE('',#11176,#11177);
#11176 = CARTESIAN_POINT('',(0.336423318914,0.));
#11177 = VECTOR('',#11178,1.);
#11178 = DIRECTION('',(0.,-1.));
#11179 = ( GEOMETRIC_REPRESENTATION_CONTEXT(2) 
PARAMETRIC_REPRESENTATION_CONTEXT() REPRESENTATION_CONTEXT('2D SPACE',''
  ) );
#11180 = ORIENTED_EDGE('',*,*,#7617,.T.);
#11181 = ORIENTED_EDGE('',*,*,#11106,.F.);
#11182 = ORIENTED_EDGE('',*,*,#1910,.F.);
#11183 = ADVANCED_FACE('',(#11184),#1898,.T.);
#11184 = FACE_BOUND('',#11185,.T.);
#11185 = EDGE_LOOP('',(#11186,#11207,#11208,#11209));
#11186 = ORIENTED_EDGE('',*,*,#11187,.T.);
#11187 = EDGE_CURVE('',#1855,#7572,#11188,.T.);
#11188 = SURFACE_CURVE('',#11189,(#11193,#11200),.PCURVE_S1.);
#11189 = LINE('',#11190,#11191);
#11190 = CARTESIAN_POINT('',(2.332437,-7.5216E-02,0.));
#11191 = VECTOR('',#11192,1.);
#11192 = DIRECTION('',(0.,0.,1.));
#11193 = PCURVE('',#1898,#11194);
#11194 = DEFINITIONAL_REPRESENTATION('',(#11195),#11199);
#11195 = LINE('',#11196,#11197);
#11196 = CARTESIAN_POINT('',(0.,0.));
#11197 = VECTOR('',#11198,1.);
#11198 = DIRECTION('',(0.,-1.));
#11199 = ( GEOMETRIC_REPRESENTATION_CONTEXT(2) 
PARAMETRIC_REPRESENTATION_CONTEXT() REPRESENTATION_CONTEXT('2D SPACE',''
  ) );
#11200 = PCURVE('',#1870,#11201);
#11201 = DEFINITIONAL_REPRESENTATION('',(#11202),#11206);
#11202 = LINE('',#11203,#11204);
#11203 = CARTESIAN_POINT('',(0.336422384856,0.));
#11204 = VECTOR('',#11205,1.);
#11205 = DIRECTION('',(0.,-1.));
#11206 = ( GEOMETRIC_REPRESENTATION_CONTEXT(2) 
PARAMETRIC_REPRESENTATION_CONTEXT() REPRESENTATION_CONTEXT('2D SPACE',''
  ) );
#11207 = ORIENTED_EDGE('',*,*,#7594,.T.);
#11208 = ORIENTED_EDGE('',*,*,#11160,.F.);
#11209 = ORIENTED_EDGE('',*,*,#1882,.F.);
#11210 = ADVANCED_FACE('',(#11211),#1870,.T.);
#11211 = FACE_BOUND('',#11212,.T.);
#11212 = EDGE_LOOP('',(#11213,#11234,#11235,#11236));
#11213 = ORIENTED_EDGE('',*,*,#11214,.T.);
#11214 = EDGE_CURVE('',#1827,#7549,#11215,.T.);
#11215 = SURFACE_CURVE('',#11216,(#11220,#11227),.PCURVE_S1.);
#11216 = LINE('',#11217,#11218);
#11217 = CARTESIAN_POINT('',(2.009163,-0.16835,0.));
#11218 = VECTOR('',#11219,1.);
#11219 = DIRECTION('',(0.,0.,1.));
#11220 = PCURVE('',#1870,#11221);
#11221 = DEFINITIONAL_REPRESENTATION('',(#11222),#11226);
#11222 = LINE('',#11223,#11224);
#11223 = CARTESIAN_POINT('',(0.,0.));
#11224 = VECTOR('',#11225,1.);
#11225 = DIRECTION('',(0.,-1.));
#11226 = ( GEOMETRIC_REPRESENTATION_CONTEXT(2) 
PARAMETRIC_REPRESENTATION_CONTEXT() REPRESENTATION_CONTEXT('2D SPACE',''
  ) );
#11227 = PCURVE('',#1842,#11228);
#11228 = DEFINITIONAL_REPRESENTATION('',(#11229),#11233);
#11229 = LINE('',#11230,#11231);
#11230 = CARTESIAN_POINT('',(0.336422506151,0.));
#11231 = VECTOR('',#11232,1.);
#11232 = DIRECTION('',(0.,-1.));
#11233 = ( GEOMETRIC_REPRESENTATION_CONTEXT(2) 
PARAMETRIC_REPRESENTATION_CONTEXT() REPRESENTATION_CONTEXT('2D SPACE',''
  ) );
#11234 = ORIENTED_EDGE('',*,*,#7571,.T.);
#11235 = ORIENTED_EDGE('',*,*,#11187,.F.);
#11236 = ORIENTED_EDGE('',*,*,#1854,.F.);
#11237 = ADVANCED_FACE('',(#11238),#1842,.T.);
#11238 = FACE_BOUND('',#11239,.T.);
#11239 = EDGE_LOOP('',(#11240,#11261,#11262,#11263));
#11240 = ORIENTED_EDGE('',*,*,#11241,.T.);
#11241 = EDGE_CURVE('',#1799,#7526,#11242,.T.);
#11242 = SURFACE_CURVE('',#11243,(#11247,#11254),.PCURVE_S1.);
#11243 = LINE('',#11244,#11245);
#11244 = CARTESIAN_POINT('',(1.698349,-0.297093,0.));
#11245 = VECTOR('',#11246,1.);
#11246 = DIRECTION('',(0.,0.,1.));
#11247 = PCURVE('',#1842,#11248);
#11248 = DEFINITIONAL_REPRESENTATION('',(#11249),#11253);
#11249 = LINE('',#11250,#11251);
#11250 = CARTESIAN_POINT('',(0.,0.));
#11251 = VECTOR('',#11252,1.);
#11252 = DIRECTION('',(0.,-1.));
#11253 = ( GEOMETRIC_REPRESENTATION_CONTEXT(2) 
PARAMETRIC_REPRESENTATION_CONTEXT() REPRESENTATION_CONTEXT('2D SPACE',''
  ) );
#11254 = PCURVE('',#1814,#11255);
#11255 = DEFINITIONAL_REPRESENTATION('',(#11256),#11260);
#11256 = LINE('',#11257,#11258);
#11257 = CARTESIAN_POINT('',(0.336422669838,0.));
#11258 = VECTOR('',#11259,1.);
#11259 = DIRECTION('',(0.,-1.));
#11260 = ( GEOMETRIC_REPRESENTATION_CONTEXT(2) 
PARAMETRIC_REPRESENTATION_CONTEXT() REPRESENTATION_CONTEXT('2D SPACE',''
  ) );
#11261 = ORIENTED_EDGE('',*,*,#7548,.T.);
#11262 = ORIENTED_EDGE('',*,*,#11214,.F.);
#11263 = ORIENTED_EDGE('',*,*,#1826,.F.);
#11264 = ADVANCED_FACE('',(#11265),#1814,.T.);
#11265 = FACE_BOUND('',#11266,.T.);
#11266 = EDGE_LOOP('',(#11267,#11288,#11289,#11290));
#11267 = ORIENTED_EDGE('',*,*,#11268,.T.);
#11268 = EDGE_CURVE('',#1771,#7503,#11269,.T.);
#11269 = SURFACE_CURVE('',#11270,(#11274,#11281),.PCURVE_S1.);
#11270 = LINE('',#11271,#11272);
#11271 = CARTESIAN_POINT('',(1.403904,-0.459827,0.));
#11272 = VECTOR('',#11273,1.);
#11273 = DIRECTION('',(0.,0.,1.));
#11274 = PCURVE('',#1814,#11275);
#11275 = DEFINITIONAL_REPRESENTATION('',(#11276),#11280);
#11276 = LINE('',#11277,#11278);
#11277 = CARTESIAN_POINT('',(0.,0.));
#11278 = VECTOR('',#11279,1.);
#11279 = DIRECTION('',(0.,-1.));
#11280 = ( GEOMETRIC_REPRESENTATION_CONTEXT(2) 
PARAMETRIC_REPRESENTATION_CONTEXT() REPRESENTATION_CONTEXT('2D SPACE',''
  ) );
#11281 = PCURVE('',#1786,#11282);
#11282 = DEFINITIONAL_REPRESENTATION('',(#11283),#11287);
#11283 = LINE('',#11284,#11285);
#11284 = CARTESIAN_POINT('',(0.336423031569,0.));
#11285 = VECTOR('',#11286,1.);
#11286 = DIRECTION('',(0.,-1.));
#11287 = ( GEOMETRIC_REPRESENTATION_CONTEXT(2) 
PARAMETRIC_REPRESENTATION_CONTEXT() REPRESENTATION_CONTEXT('2D SPACE',''
  ) );
#11288 = ORIENTED_EDGE('',*,*,#7525,.T.);
#11289 = ORIENTED_EDGE('',*,*,#11241,.F.);
#11290 = ORIENTED_EDGE('',*,*,#1798,.F.);
#11291 = ADVANCED_FACE('',(#11292),#1786,.T.);
#11292 = FACE_BOUND('',#11293,.T.);
#11293 = EDGE_LOOP('',(#11294,#11315,#11316,#11317));
#11294 = ORIENTED_EDGE('',*,*,#11295,.T.);
#11295 = EDGE_CURVE('',#1743,#7480,#11296,.T.);
#11296 = SURFACE_CURVE('',#11297,(#11301,#11308),.PCURVE_S1.);
#11297 = LINE('',#11298,#11299);
#11298 = CARTESIAN_POINT('',(1.129531,-0.654506,0.));
#11299 = VECTOR('',#11300,1.);
#11300 = DIRECTION('',(0.,0.,1.));
#11301 = PCURVE('',#1786,#11302);
#11302 = DEFINITIONAL_REPRESENTATION('',(#11303),#11307);
#11303 = LINE('',#11304,#11305);
#11304 = CARTESIAN_POINT('',(0.,0.));
#11305 = VECTOR('',#11306,1.);
#11306 = DIRECTION('',(0.,-1.));
#11307 = ( GEOMETRIC_REPRESENTATION_CONTEXT(2) 
PARAMETRIC_REPRESENTATION_CONTEXT() REPRESENTATION_CONTEXT('2D SPACE',''
  ) );
#11308 = PCURVE('',#1758,#11309);
#11309 = DEFINITIONAL_REPRESENTATION('',(#11310),#11314);
#11310 = LINE('',#11311,#11312);
#11311 = CARTESIAN_POINT('',(0.336422660469,0.));
#11312 = VECTOR('',#11313,1.);
#11313 = DIRECTION('',(0.,-1.));
#11314 = ( GEOMETRIC_REPRESENTATION_CONTEXT(2) 
PARAMETRIC_REPRESENTATION_CONTEXT() REPRESENTATION_CONTEXT('2D SPACE',''
  ) );
#11315 = ORIENTED_EDGE('',*,*,#7502,.T.);
#11316 = ORIENTED_EDGE('',*,*,#11268,.F.);
#11317 = ORIENTED_EDGE('',*,*,#1770,.F.);
#11318 = ADVANCED_FACE('',(#11319),#1758,.T.);
#11319 = FACE_BOUND('',#11320,.T.);
#11320 = EDGE_LOOP('',(#11321,#11342,#11343,#11344));
#11321 = ORIENTED_EDGE('',*,*,#11322,.T.);
#11322 = EDGE_CURVE('',#1715,#7457,#11323,.T.);
#11323 = SURFACE_CURVE('',#11324,(#11328,#11335),.PCURVE_S1.);
#11324 = LINE('',#11325,#11326);
#11325 = CARTESIAN_POINT('',(0.87868,-0.87868,0.));
#11326 = VECTOR('',#11327,1.);
#11327 = DIRECTION('',(0.,0.,1.));
#11328 = PCURVE('',#1758,#11329);
#11329 = DEFINITIONAL_REPRESENTATION('',(#11330),#11334);
#11330 = LINE('',#11331,#11332);
#11331 = CARTESIAN_POINT('',(0.,0.));
#11332 = VECTOR('',#11333,1.);
#11333 = DIRECTION('',(0.,-1.));
#11334 = ( GEOMETRIC_REPRESENTATION_CONTEXT(2) 
PARAMETRIC_REPRESENTATION_CONTEXT() REPRESENTATION_CONTEXT('2D SPACE',''
  ) );
#11335 = PCURVE('',#1730,#11336);
#11336 = DEFINITIONAL_REPRESENTATION('',(#11337),#11341);
#11337 = LINE('',#11338,#11339);
#11338 = CARTESIAN_POINT('',(0.336422660469,0.));
#11339 = VECTOR('',#11340,1.);
#11340 = DIRECTION('',(0.,-1.));
#11341 = ( GEOMETRIC_REPRESENTATION_CONTEXT(2) 
PARAMETRIC_REPRESENTATION_CONTEXT() REPRESENTATION_CONTEXT('2D SPACE',''
  ) );
#11342 = ORIENTED_EDGE('',*,*,#7479,.T.);
#11343 = ORIENTED_EDGE('',*,*,#11295,.F.);
#11344 = ORIENTED_EDGE('',*,*,#1742,.F.);
#11345 = ADVANCED_FACE('',(#11346),#1730,.T.);
#11346 = FACE_BOUND('',#11347,.T.);
#11347 = EDGE_LOOP('',(#11348,#11369,#11370,#11371));
#11348 = ORIENTED_EDGE('',*,*,#11349,.T.);
#11349 = EDGE_CURVE('',#1687,#7434,#11350,.T.);
#11350 = SURFACE_CURVE('',#11351,(#11355,#11362),.PCURVE_S1.);
#11351 = LINE('',#11352,#11353);
#11352 = CARTESIAN_POINT('',(0.654506,-1.129531,0.));
#11353 = VECTOR('',#11354,1.);
#11354 = DIRECTION('',(0.,0.,1.));
#11355 = PCURVE('',#1730,#11356);
#11356 = DEFINITIONAL_REPRESENTATION('',(#11357),#11361);
#11357 = LINE('',#11358,#11359);
#11358 = CARTESIAN_POINT('',(0.,0.));
#11359 = VECTOR('',#11360,1.);
#11360 = DIRECTION('',(0.,-1.));
#11361 = ( GEOMETRIC_REPRESENTATION_CONTEXT(2) 
PARAMETRIC_REPRESENTATION_CONTEXT() REPRESENTATION_CONTEXT('2D SPACE',''
  ) );
#11362 = PCURVE('',#1702,#11363);
#11363 = DEFINITIONAL_REPRESENTATION('',(#11364),#11368);
#11364 = LINE('',#11365,#11366);
#11365 = CARTESIAN_POINT('',(0.336423031569,0.));
#11366 = VECTOR('',#11367,1.);
#11367 = DIRECTION('',(0.,-1.));
#11368 = ( GEOMETRIC_REPRESENTATION_CONTEXT(2) 
PARAMETRIC_REPRESENTATION_CONTEXT() REPRESENTATION_CONTEXT('2D SPACE',''
  ) );
#11369 = ORIENTED_EDGE('',*,*,#7456,.T.);
#11370 = ORIENTED_EDGE('',*,*,#11322,.F.);
#11371 = ORIENTED_EDGE('',*,*,#1714,.F.);
#11372 = ADVANCED_FACE('',(#11373),#1702,.T.);
#11373 = FACE_BOUND('',#11374,.T.);
#11374 = EDGE_LOOP('',(#11375,#11396,#11397,#11398));
#11375 = ORIENTED_EDGE('',*,*,#11376,.T.);
#11376 = EDGE_CURVE('',#1659,#7411,#11377,.T.);
#11377 = SURFACE_CURVE('',#11378,(#11382,#11389),.PCURVE_S1.);
#11378 = LINE('',#11379,#11380);
#11379 = CARTESIAN_POINT('',(0.459827,-1.403904,0.));
#11380 = VECTOR('',#11381,1.);
#11381 = DIRECTION('',(0.,0.,1.));
#11382 = PCURVE('',#1702,#11383);
#11383 = DEFINITIONAL_REPRESENTATION('',(#11384),#11388);
#11384 = LINE('',#11385,#11386);
#11385 = CARTESIAN_POINT('',(0.,0.));
#11386 = VECTOR('',#11387,1.);
#11387 = DIRECTION('',(0.,-1.));
#11388 = ( GEOMETRIC_REPRESENTATION_CONTEXT(2) 
PARAMETRIC_REPRESENTATION_CONTEXT() REPRESENTATION_CONTEXT('2D SPACE',''
  ) );
#11389 = PCURVE('',#1674,#11390);
#11390 = DEFINITIONAL_REPRESENTATION('',(#11391),#11395);
#11391 = LINE('',#11392,#11393);
#11392 = CARTESIAN_POINT('',(0.336422669838,0.));
#11393 = VECTOR('',#11394,1.);
#11394 = DIRECTION('',(0.,-1.));
#11395 = ( GEOMETRIC_REPRESENTATION_CONTEXT(2) 
PARAMETRIC_REPRESENTATION_CONTEXT() REPRESENTATION_CONTEXT('2D SPACE',''
  ) );
#11396 = ORIENTED_EDGE('',*,*,#7433,.T.);
#11397 = ORIENTED_EDGE('',*,*,#11349,.F.);
#11398 = ORIENTED_EDGE('',*,*,#1686,.F.);
#11399 = ADVANCED_FACE('',(#11400),#1674,.T.);
#11400 = FACE_BOUND('',#11401,.T.);
#11401 = EDGE_LOOP('',(#11402,#11423,#11424,#11425));
#11402 = ORIENTED_EDGE('',*,*,#11403,.T.);
#11403 = EDGE_CURVE('',#1631,#7388,#11404,.T.);
#11404 = SURFACE_CURVE('',#11405,(#11409,#11416),.PCURVE_S1.);
#11405 = LINE('',#11406,#11407);
#11406 = CARTESIAN_POINT('',(0.297093,-1.698349,0.));
#11407 = VECTOR('',#11408,1.);
#11408 = DIRECTION('',(0.,0.,1.));
#11409 = PCURVE('',#1674,#11410);
#11410 = DEFINITIONAL_REPRESENTATION('',(#11411),#11415);
#11411 = LINE('',#11412,#11413);
#11412 = CARTESIAN_POINT('',(0.,0.));
#11413 = VECTOR('',#11414,1.);
#11414 = DIRECTION('',(0.,-1.));
#11415 = ( GEOMETRIC_REPRESENTATION_CONTEXT(2) 
PARAMETRIC_REPRESENTATION_CONTEXT() REPRESENTATION_CONTEXT('2D SPACE',''
  ) );
#11416 = PCURVE('',#1646,#11417);
#11417 = DEFINITIONAL_REPRESENTATION('',(#11418),#11422);
#11418 = LINE('',#11419,#11420);
#11419 = CARTESIAN_POINT('',(0.336422506151,0.));
#11420 = VECTOR('',#11421,1.);
#11421 = DIRECTION('',(0.,-1.));
#11422 = ( GEOMETRIC_REPRESENTATION_CONTEXT(2) 
PARAMETRIC_REPRESENTATION_CONTEXT() REPRESENTATION_CONTEXT('2D SPACE',''
  ) );
#11423 = ORIENTED_EDGE('',*,*,#7410,.T.);
#11424 = ORIENTED_EDGE('',*,*,#11376,.F.);
#11425 = ORIENTED_EDGE('',*,*,#1658,.F.);
#11426 = ADVANCED_FACE('',(#11427),#1646,.T.);
#11427 = FACE_BOUND('',#11428,.T.);
#11428 = EDGE_LOOP('',(#11429,#11450,#11451,#11452));
#11429 = ORIENTED_EDGE('',*,*,#11430,.T.);
#11430 = EDGE_CURVE('',#1603,#7365,#11431,.T.);
#11431 = SURFACE_CURVE('',#11432,(#11436,#11443),.PCURVE_S1.);
#11432 = LINE('',#11433,#11434);
#11433 = CARTESIAN_POINT('',(0.16835,-2.009163,0.));
#11434 = VECTOR('',#11435,1.);
#11435 = DIRECTION('',(0.,0.,1.));
#11436 = PCURVE('',#1646,#11437);
#11437 = DEFINITIONAL_REPRESENTATION('',(#11438),#11442);
#11438 = LINE('',#11439,#11440);
#11439 = CARTESIAN_POINT('',(0.,0.));
#11440 = VECTOR('',#11441,1.);
#11441 = DIRECTION('',(0.,-1.));
#11442 = ( GEOMETRIC_REPRESENTATION_CONTEXT(2) 
PARAMETRIC_REPRESENTATION_CONTEXT() REPRESENTATION_CONTEXT('2D SPACE',''
  ) );
#11443 = PCURVE('',#1618,#11444);
#11444 = DEFINITIONAL_REPRESENTATION('',(#11445),#11449);
#11445 = LINE('',#11446,#11447);
#11446 = CARTESIAN_POINT('',(0.336422384856,0.));
#11447 = VECTOR('',#11448,1.);
#11448 = DIRECTION('',(0.,-1.));
#11449 = ( GEOMETRIC_REPRESENTATION_CONTEXT(2) 
PARAMETRIC_REPRESENTATION_CONTEXT() REPRESENTATION_CONTEXT('2D SPACE',''
  ) );
#11450 = ORIENTED_EDGE('',*,*,#7387,.T.);
#11451 = ORIENTED_EDGE('',*,*,#11403,.F.);
#11452 = ORIENTED_EDGE('',*,*,#1630,.F.);
#11453 = ADVANCED_FACE('',(#11454),#1618,.T.);
#11454 = FACE_BOUND('',#11455,.T.);
#11455 = EDGE_LOOP('',(#11456,#11477,#11478,#11479));
#11456 = ORIENTED_EDGE('',*,*,#11457,.T.);
#11457 = EDGE_CURVE('',#1575,#7342,#11458,.T.);
#11458 = SURFACE_CURVE('',#11459,(#11463,#11470),.PCURVE_S1.);
#11459 = LINE('',#11460,#11461);
#11460 = CARTESIAN_POINT('',(7.5216E-02,-2.332437,0.));
#11461 = VECTOR('',#11462,1.);
#11462 = DIRECTION('',(0.,0.,1.));
#11463 = PCURVE('',#1618,#11464);
#11464 = DEFINITIONAL_REPRESENTATION('',(#11465),#11469);
#11465 = LINE('',#11466,#11467);
#11466 = CARTESIAN_POINT('',(0.,0.));
#11467 = VECTOR('',#11468,1.);
#11468 = DIRECTION('',(0.,-1.));
#11469 = ( GEOMETRIC_REPRESENTATION_CONTEXT(2) 
PARAMETRIC_REPRESENTATION_CONTEXT() REPRESENTATION_CONTEXT('2D SPACE',''
  ) );
#11470 = PCURVE('',#1590,#11471);
#11471 = DEFINITIONAL_REPRESENTATION('',(#11472),#11476);
#11472 = LINE('',#11473,#11474);
#11473 = CARTESIAN_POINT('',(0.336423318914,0.));
#11474 = VECTOR('',#11475,1.);
#11475 = DIRECTION('',(0.,-1.));
#11476 = ( GEOMETRIC_REPRESENTATION_CONTEXT(2) 
PARAMETRIC_REPRESENTATION_CONTEXT() REPRESENTATION_CONTEXT('2D SPACE',''
  ) );
#11477 = ORIENTED_EDGE('',*,*,#7364,.T.);
#11478 = ORIENTED_EDGE('',*,*,#11430,.F.);
#11479 = ORIENTED_EDGE('',*,*,#1602,.F.);
#11480 = ADVANCED_FACE('',(#11481),#1590,.T.);
#11481 = FACE_BOUND('',#11482,.T.);
#11482 = EDGE_LOOP('',(#11483,#11504,#11505,#11506));
#11483 = ORIENTED_EDGE('',*,*,#11484,.T.);
#11484 = EDGE_CURVE('',#1547,#7319,#11485,.T.);
#11485 = SURFACE_CURVE('',#11486,(#11490,#11497),.PCURVE_S1.);
#11486 = LINE('',#11487,#11488);
#11487 = CARTESIAN_POINT('',(1.8863E-02,-2.664107,0.));
#11488 = VECTOR('',#11489,1.);
#11489 = DIRECTION('',(0.,0.,1.));
#11490 = PCURVE('',#1590,#11491);
#11491 = DEFINITIONAL_REPRESENTATION('',(#11492),#11496);
#11492 = LINE('',#11493,#11494);
#11493 = CARTESIAN_POINT('',(0.,0.));
#11494 = VECTOR('',#11495,1.);
#11495 = DIRECTION('',(0.,-1.));
#11496 = ( GEOMETRIC_REPRESENTATION_CONTEXT(2) 
PARAMETRIC_REPRESENTATION_CONTEXT() REPRESENTATION_CONTEXT('2D SPACE',''
  ) );
#11497 = PCURVE('',#1562,#11498);
#11498 = DEFINITIONAL_REPRESENTATION('',(#11499),#11503);
#11499 = LINE('',#11500,#11501);
#11500 = CARTESIAN_POINT('',(0.336422235023,0.));
#11501 = VECTOR('',#11502,1.);
#11502 = DIRECTION('',(0.,-1.));
#11503 = ( GEOMETRIC_REPRESENTATION_CONTEXT(2) 
PARAMETRIC_REPRESENTATION_CONTEXT() REPRESENTATION_CONTEXT('2D SPACE',''
  ) );
#11504 = ORIENTED_EDGE('',*,*,#7341,.T.);
#11505 = ORIENTED_EDGE('',*,*,#11457,.F.);
#11506 = ORIENTED_EDGE('',*,*,#1574,.F.);
#11507 = ADVANCED_FACE('',(#11508),#1562,.T.);
#11508 = FACE_BOUND('',#11509,.T.);
#11509 = EDGE_LOOP('',(#11510,#11531,#11532,#11533));
#11510 = ORIENTED_EDGE('',*,*,#11511,.T.);
#11511 = EDGE_CURVE('',#1519,#7296,#11512,.T.);
#11512 = SURFACE_CURVE('',#11513,(#11517,#11524),.PCURVE_S1.);
#11513 = LINE('',#11514,#11515);
#11514 = CARTESIAN_POINT('',(0.,-3.,0.));
#11515 = VECTOR('',#11516,1.);
#11516 = DIRECTION('',(0.,0.,1.));
#11517 = PCURVE('',#1562,#11518);
#11518 = DEFINITIONAL_REPRESENTATION('',(#11519),#11523);
#11519 = LINE('',#11520,#11521);
#11520 = CARTESIAN_POINT('',(0.,0.));
#11521 = VECTOR('',#11522,1.);
#11522 = DIRECTION('',(0.,-1.));
#11523 = ( GEOMETRIC_REPRESENTATION_CONTEXT(2) 
PARAMETRIC_REPRESENTATION_CONTEXT() REPRESENTATION_CONTEXT('2D SPACE',''
  ) );
#11524 = PCURVE('',#1534,#11525);
#11525 = DEFINITIONAL_REPRESENTATION('',(#11526),#11530);
#11526 = LINE('',#11527,#11528);
#11527 = CARTESIAN_POINT('',(104.,0.));
#11528 = VECTOR('',#11529,1.);
#11529 = DIRECTION('',(0.,-1.));
#11530 = ( GEOMETRIC_REPRESENTATION_CONTEXT(2) 
PARAMETRIC_REPRESENTATION_CONTEXT() REPRESENTATION_CONTEXT('2D SPACE',''
  ) );
#11531 = ORIENTED_EDGE('',*,*,#7318,.T.);
#11532 = ORIENTED_EDGE('',*,*,#11484,.F.);
#11533 = ORIENTED_EDGE('',*,*,#1546,.F.);
#11534 = ADVANCED_FACE('',(#11535),#1534,.T.);
#11535 = FACE_BOUND('',#11536,.T.);
#11536 = EDGE_LOOP('',(#11537,#11558,#11559,#11560));
#11537 = ORIENTED_EDGE('',*,*,#11538,.T.);
#11538 = EDGE_CURVE('',#1491,#7273,#11539,.T.);
#11539 = SURFACE_CURVE('',#11540,(#11544,#11551),.PCURVE_S1.);
#11540 = LINE('',#11541,#11542);
#11541 = CARTESIAN_POINT('',(0.,-107.,0.));
#11542 = VECTOR('',#11543,1.);
#11543 = DIRECTION('',(0.,0.,1.));
#11544 = PCURVE('',#1534,#11545);
#11545 = DEFINITIONAL_REPRESENTATION('',(#11546),#11550);
#11546 = LINE('',#11547,#11548);
#11547 = CARTESIAN_POINT('',(0.,0.));
#11548 = VECTOR('',#11549,1.);
#11549 = DIRECTION('',(0.,-1.));
#11550 = ( GEOMETRIC_REPRESENTATION_CONTEXT(2) 
PARAMETRIC_REPRESENTATION_CONTEXT() REPRESENTATION_CONTEXT('2D SPACE',''
  ) );
#11551 = PCURVE('',#1506,#11552);
#11552 = DEFINITIONAL_REPRESENTATION('',(#11553),#11557);
#11553 = LINE('',#11554,#11555);
#11554 = CARTESIAN_POINT('',(0.336422235023,0.));
#11555 = VECTOR('',#11556,1.);
#11556 = DIRECTION('',(0.,-1.));
#11557 = ( GEOMETRIC_REPRESENTATION_CONTEXT(2) 
PARAMETRIC_REPRESENTATION_CONTEXT() REPRESENTATION_CONTEXT('2D SPACE',''
  ) );
#11558 = ORIENTED_EDGE('',*,*,#7295,.T.);
#11559 = ORIENTED_EDGE('',*,*,#11511,.F.);
#11560 = ORIENTED_EDGE('',*,*,#1518,.F.);
#11561 = ADVANCED_FACE('',(#11562),#1506,.T.);
#11562 = FACE_BOUND('',#11563,.T.);
#11563 = EDGE_LOOP('',(#11564,#11585,#11586,#11587));
#11564 = ORIENTED_EDGE('',*,*,#11565,.T.);
#11565 = EDGE_CURVE('',#1463,#7250,#11566,.T.);
#11566 = SURFACE_CURVE('',#11567,(#11571,#11578),.PCURVE_S1.);
#11567 = LINE('',#11568,#11569);
#11568 = CARTESIAN_POINT('',(1.8863E-02,-107.335893,0.));
#11569 = VECTOR('',#11570,1.);
#11570 = DIRECTION('',(0.,0.,1.));
#11571 = PCURVE('',#1506,#11572);
#11572 = DEFINITIONAL_REPRESENTATION('',(#11573),#11577);
#11573 = LINE('',#11574,#11575);
#11574 = CARTESIAN_POINT('',(0.,0.));
#11575 = VECTOR('',#11576,1.);
#11576 = DIRECTION('',(0.,-1.));
#11577 = ( GEOMETRIC_REPRESENTATION_CONTEXT(2) 
PARAMETRIC_REPRESENTATION_CONTEXT() REPRESENTATION_CONTEXT('2D SPACE',''
  ) );
#11578 = PCURVE('',#1478,#11579);
#11579 = DEFINITIONAL_REPRESENTATION('',(#11580),#11584);
#11580 = LINE('',#11581,#11582);
#11581 = CARTESIAN_POINT('',(0.336423318914,0.));
#11582 = VECTOR('',#11583,1.);
#11583 = DIRECTION('',(0.,-1.));
#11584 = ( GEOMETRIC_REPRESENTATION_CONTEXT(2) 
PARAMETRIC_REPRESENTATION_CONTEXT() REPRESENTATION_CONTEXT('2D SPACE',''
  ) );
#11585 = ORIENTED_EDGE('',*,*,#7272,.T.);
#11586 = ORIENTED_EDGE('',*,*,#11538,.F.);
#11587 = ORIENTED_EDGE('',*,*,#1490,.F.);
#11588 = ADVANCED_FACE('',(#11589),#1478,.T.);
#11589 = FACE_BOUND('',#11590,.T.);
#11590 = EDGE_LOOP('',(#11591,#11612,#11613,#11614));
#11591 = ORIENTED_EDGE('',*,*,#11592,.T.);
#11592 = EDGE_CURVE('',#1435,#7227,#11593,.T.);
#11593 = SURFACE_CURVE('',#11594,(#11598,#11605),.PCURVE_S1.);
#11594 = LINE('',#11595,#11596);
#11595 = CARTESIAN_POINT('',(7.5216E-02,-107.667563,0.));
#11596 = VECTOR('',#11597,1.);
#11597 = DIRECTION('',(0.,0.,1.));
#11598 = PCURVE('',#1478,#11599);
#11599 = DEFINITIONAL_REPRESENTATION('',(#11600),#11604);
#11600 = LINE('',#11601,#11602);
#11601 = CARTESIAN_POINT('',(0.,0.));
#11602 = VECTOR('',#11603,1.);
#11603 = DIRECTION('',(0.,-1.));
#11604 = ( GEOMETRIC_REPRESENTATION_CONTEXT(2) 
PARAMETRIC_REPRESENTATION_CONTEXT() REPRESENTATION_CONTEXT('2D SPACE',''
  ) );
#11605 = PCURVE('',#1450,#11606);
#11606 = DEFINITIONAL_REPRESENTATION('',(#11607),#11611);
#11607 = LINE('',#11608,#11609);
#11608 = CARTESIAN_POINT('',(0.336422384856,0.));
#11609 = VECTOR('',#11610,1.);
#11610 = DIRECTION('',(0.,-1.));
#11611 = ( GEOMETRIC_REPRESENTATION_CONTEXT(2) 
PARAMETRIC_REPRESENTATION_CONTEXT() REPRESENTATION_CONTEXT('2D SPACE',''
  ) );
#11612 = ORIENTED_EDGE('',*,*,#7249,.T.);
#11613 = ORIENTED_EDGE('',*,*,#11565,.F.);
#11614 = ORIENTED_EDGE('',*,*,#1462,.F.);
#11615 = ADVANCED_FACE('',(#11616),#1450,.T.);
#11616 = FACE_BOUND('',#11617,.T.);
#11617 = EDGE_LOOP('',(#11618,#11639,#11640,#11641));
#11618 = ORIENTED_EDGE('',*,*,#11619,.T.);
#11619 = EDGE_CURVE('',#1407,#7204,#11620,.T.);
#11620 = SURFACE_CURVE('',#11621,(#11625,#11632),.PCURVE_S1.);
#11621 = LINE('',#11622,#11623);
#11622 = CARTESIAN_POINT('',(0.16835,-107.990837,0.));
#11623 = VECTOR('',#11624,1.);
#11624 = DIRECTION('',(0.,0.,1.));
#11625 = PCURVE('',#1450,#11626);
#11626 = DEFINITIONAL_REPRESENTATION('',(#11627),#11631);
#11627 = LINE('',#11628,#11629);
#11628 = CARTESIAN_POINT('',(0.,0.));
#11629 = VECTOR('',#11630,1.);
#11630 = DIRECTION('',(0.,-1.));
#11631 = ( GEOMETRIC_REPRESENTATION_CONTEXT(2) 
PARAMETRIC_REPRESENTATION_CONTEXT() REPRESENTATION_CONTEXT('2D SPACE',''
  ) );
#11632 = PCURVE('',#1422,#11633);
#11633 = DEFINITIONAL_REPRESENTATION('',(#11634),#11638);
#11634 = LINE('',#11635,#11636);
#11635 = CARTESIAN_POINT('',(0.336422506151,0.));
#11636 = VECTOR('',#11637,1.);
#11637 = DIRECTION('',(0.,-1.));
#11638 = ( GEOMETRIC_REPRESENTATION_CONTEXT(2) 
PARAMETRIC_REPRESENTATION_CONTEXT() REPRESENTATION_CONTEXT('2D SPACE',''
  ) );
#11639 = ORIENTED_EDGE('',*,*,#7226,.T.);
#11640 = ORIENTED_EDGE('',*,*,#11592,.F.);
#11641 = ORIENTED_EDGE('',*,*,#1434,.F.);
#11642 = ADVANCED_FACE('',(#11643),#1422,.T.);
#11643 = FACE_BOUND('',#11644,.T.);
#11644 = EDGE_LOOP('',(#11645,#11666,#11667,#11668));
#11645 = ORIENTED_EDGE('',*,*,#11646,.T.);
#11646 = EDGE_CURVE('',#1379,#7181,#11647,.T.);
#11647 = SURFACE_CURVE('',#11648,(#11652,#11659),.PCURVE_S1.);
#11648 = LINE('',#11649,#11650);
#11649 = CARTESIAN_POINT('',(0.297093,-108.301651,0.));
#11650 = VECTOR('',#11651,1.);
#11651 = DIRECTION('',(0.,0.,1.));
#11652 = PCURVE('',#1422,#11653);
#11653 = DEFINITIONAL_REPRESENTATION('',(#11654),#11658);
#11654 = LINE('',#11655,#11656);
#11655 = CARTESIAN_POINT('',(0.,0.));
#11656 = VECTOR('',#11657,1.);
#11657 = DIRECTION('',(0.,-1.));
#11658 = ( GEOMETRIC_REPRESENTATION_CONTEXT(2) 
PARAMETRIC_REPRESENTATION_CONTEXT() REPRESENTATION_CONTEXT('2D SPACE',''
  ) );
#11659 = PCURVE('',#1394,#11660);
#11660 = DEFINITIONAL_REPRESENTATION('',(#11661),#11665);
#11661 = LINE('',#11662,#11663);
#11662 = CARTESIAN_POINT('',(0.336422669838,0.));
#11663 = VECTOR('',#11664,1.);
#11664 = DIRECTION('',(0.,-1.));
#11665 = ( GEOMETRIC_REPRESENTATION_CONTEXT(2) 
PARAMETRIC_REPRESENTATION_CONTEXT() REPRESENTATION_CONTEXT('2D SPACE',''
  ) );
#11666 = ORIENTED_EDGE('',*,*,#7203,.T.);
#11667 = ORIENTED_EDGE('',*,*,#11619,.F.);
#11668 = ORIENTED_EDGE('',*,*,#1406,.F.);
#11669 = ADVANCED_FACE('',(#11670),#1394,.T.);
#11670 = FACE_BOUND('',#11671,.T.);
#11671 = EDGE_LOOP('',(#11672,#11693,#11694,#11695));
#11672 = ORIENTED_EDGE('',*,*,#11673,.T.);
#11673 = EDGE_CURVE('',#1351,#7158,#11674,.T.);
#11674 = SURFACE_CURVE('',#11675,(#11679,#11686),.PCURVE_S1.);
#11675 = LINE('',#11676,#11677);
#11676 = CARTESIAN_POINT('',(0.459827,-108.596096,0.));
#11677 = VECTOR('',#11678,1.);
#11678 = DIRECTION('',(0.,0.,1.));
#11679 = PCURVE('',#1394,#11680);
#11680 = DEFINITIONAL_REPRESENTATION('',(#11681),#11685);
#11681 = LINE('',#11682,#11683);
#11682 = CARTESIAN_POINT('',(0.,0.));
#11683 = VECTOR('',#11684,1.);
#11684 = DIRECTION('',(0.,-1.));
#11685 = ( GEOMETRIC_REPRESENTATION_CONTEXT(2) 
PARAMETRIC_REPRESENTATION_CONTEXT() REPRESENTATION_CONTEXT('2D SPACE',''
  ) );
#11686 = PCURVE('',#1366,#11687);
#11687 = DEFINITIONAL_REPRESENTATION('',(#11688),#11692);
#11688 = LINE('',#11689,#11690);
#11689 = CARTESIAN_POINT('',(0.336423031569,0.));
#11690 = VECTOR('',#11691,1.);
#11691 = DIRECTION('',(0.,-1.));
#11692 = ( GEOMETRIC_REPRESENTATION_CONTEXT(2) 
PARAMETRIC_REPRESENTATION_CONTEXT() REPRESENTATION_CONTEXT('2D SPACE',''
  ) );
#11693 = ORIENTED_EDGE('',*,*,#7180,.T.);
#11694 = ORIENTED_EDGE('',*,*,#11646,.F.);
#11695 = ORIENTED_EDGE('',*,*,#1378,.F.);
#11696 = ADVANCED_FACE('',(#11697),#1366,.T.);
#11697 = FACE_BOUND('',#11698,.T.);
#11698 = EDGE_LOOP('',(#11699,#11720,#11721,#11722));
#11699 = ORIENTED_EDGE('',*,*,#11700,.T.);
#11700 = EDGE_CURVE('',#1323,#7135,#11701,.T.);
#11701 = SURFACE_CURVE('',#11702,(#11706,#11713),.PCURVE_S1.);
#11702 = LINE('',#11703,#11704);
#11703 = CARTESIAN_POINT('',(0.654506,-108.870469,0.));
#11704 = VECTOR('',#11705,1.);
#11705 = DIRECTION('',(0.,0.,1.));
#11706 = PCURVE('',#1366,#11707);
#11707 = DEFINITIONAL_REPRESENTATION('',(#11708),#11712);
#11708 = LINE('',#11709,#11710);
#11709 = CARTESIAN_POINT('',(0.,0.));
#11710 = VECTOR('',#11711,1.);
#11711 = DIRECTION('',(0.,-1.));
#11712 = ( GEOMETRIC_REPRESENTATION_CONTEXT(2) 
PARAMETRIC_REPRESENTATION_CONTEXT() REPRESENTATION_CONTEXT('2D SPACE',''
  ) );
#11713 = PCURVE('',#1338,#11714);
#11714 = DEFINITIONAL_REPRESENTATION('',(#11715),#11719);
#11715 = LINE('',#11716,#11717);
#11716 = CARTESIAN_POINT('',(0.336422660469,0.));
#11717 = VECTOR('',#11718,1.);
#11718 = DIRECTION('',(0.,-1.));
#11719 = ( GEOMETRIC_REPRESENTATION_CONTEXT(2) 
PARAMETRIC_REPRESENTATION_CONTEXT() REPRESENTATION_CONTEXT('2D SPACE',''
  ) );
#11720 = ORIENTED_EDGE('',*,*,#7157,.T.);
#11721 = ORIENTED_EDGE('',*,*,#11673,.F.);
#11722 = ORIENTED_EDGE('',*,*,#1350,.F.);
#11723 = ADVANCED_FACE('',(#11724),#1338,.T.);
#11724 = FACE_BOUND('',#11725,.T.);
#11725 = EDGE_LOOP('',(#11726,#11747,#11748,#11749));
#11726 = ORIENTED_EDGE('',*,*,#11727,.T.);
#11727 = EDGE_CURVE('',#1295,#7112,#11728,.T.);
#11728 = SURFACE_CURVE('',#11729,(#11733,#11740),.PCURVE_S1.);
#11729 = LINE('',#11730,#11731);
#11730 = CARTESIAN_POINT('',(0.87868,-109.12132,0.));
#11731 = VECTOR('',#11732,1.);
#11732 = DIRECTION('',(0.,0.,1.));
#11733 = PCURVE('',#1338,#11734);
#11734 = DEFINITIONAL_REPRESENTATION('',(#11735),#11739);
#11735 = LINE('',#11736,#11737);
#11736 = CARTESIAN_POINT('',(0.,0.));
#11737 = VECTOR('',#11738,1.);
#11738 = DIRECTION('',(0.,-1.));
#11739 = ( GEOMETRIC_REPRESENTATION_CONTEXT(2) 
PARAMETRIC_REPRESENTATION_CONTEXT() REPRESENTATION_CONTEXT('2D SPACE',''
  ) );
#11740 = PCURVE('',#1310,#11741);
#11741 = DEFINITIONAL_REPRESENTATION('',(#11742),#11746);
#11742 = LINE('',#11743,#11744);
#11743 = CARTESIAN_POINT('',(0.336422660469,0.));
#11744 = VECTOR('',#11745,1.);
#11745 = DIRECTION('',(0.,-1.));
#11746 = ( GEOMETRIC_REPRESENTATION_CONTEXT(2) 
PARAMETRIC_REPRESENTATION_CONTEXT() REPRESENTATION_CONTEXT('2D SPACE',''
  ) );
#11747 = ORIENTED_EDGE('',*,*,#7134,.T.);
#11748 = ORIENTED_EDGE('',*,*,#11700,.F.);
#11749 = ORIENTED_EDGE('',*,*,#1322,.F.);
#11750 = ADVANCED_FACE('',(#11751),#1310,.T.);
#11751 = FACE_BOUND('',#11752,.T.);
#11752 = EDGE_LOOP('',(#11753,#11774,#11775,#11776));
#11753 = ORIENTED_EDGE('',*,*,#11754,.T.);
#11754 = EDGE_CURVE('',#1267,#7089,#11755,.T.);
#11755 = SURFACE_CURVE('',#11756,(#11760,#11767),.PCURVE_S1.);
#11756 = LINE('',#11757,#11758);
#11757 = CARTESIAN_POINT('',(1.129531,-109.345494,0.));
#11758 = VECTOR('',#11759,1.);
#11759 = DIRECTION('',(0.,0.,1.));
#11760 = PCURVE('',#1310,#11761);
#11761 = DEFINITIONAL_REPRESENTATION('',(#11762),#11766);
#11762 = LINE('',#11763,#11764);
#11763 = CARTESIAN_POINT('',(0.,0.));
#11764 = VECTOR('',#11765,1.);
#11765 = DIRECTION('',(0.,-1.));
#11766 = ( GEOMETRIC_REPRESENTATION_CONTEXT(2) 
PARAMETRIC_REPRESENTATION_CONTEXT() REPRESENTATION_CONTEXT('2D SPACE',''
  ) );
#11767 = PCURVE('',#1282,#11768);
#11768 = DEFINITIONAL_REPRESENTATION('',(#11769),#11773);
#11769 = LINE('',#11770,#11771);
#11770 = CARTESIAN_POINT('',(0.336423031569,0.));
#11771 = VECTOR('',#11772,1.);
#11772 = DIRECTION('',(0.,-1.));
#11773 = ( GEOMETRIC_REPRESENTATION_CONTEXT(2) 
PARAMETRIC_REPRESENTATION_CONTEXT() REPRESENTATION_CONTEXT('2D SPACE',''
  ) );
#11774 = ORIENTED_EDGE('',*,*,#7111,.T.);
#11775 = ORIENTED_EDGE('',*,*,#11727,.F.);
#11776 = ORIENTED_EDGE('',*,*,#1294,.F.);
#11777 = ADVANCED_FACE('',(#11778),#1282,.T.);
#11778 = FACE_BOUND('',#11779,.T.);
#11779 = EDGE_LOOP('',(#11780,#11801,#11802,#11803));
#11780 = ORIENTED_EDGE('',*,*,#11781,.T.);
#11781 = EDGE_CURVE('',#1239,#7066,#11782,.T.);
#11782 = SURFACE_CURVE('',#11783,(#11787,#11794),.PCURVE_S1.);
#11783 = LINE('',#11784,#11785);
#11784 = CARTESIAN_POINT('',(1.403904,-109.540173,0.));
#11785 = VECTOR('',#11786,1.);
#11786 = DIRECTION('',(0.,0.,1.));
#11787 = PCURVE('',#1282,#11788);
#11788 = DEFINITIONAL_REPRESENTATION('',(#11789),#11793);
#11789 = LINE('',#11790,#11791);
#11790 = CARTESIAN_POINT('',(0.,0.));
#11791 = VECTOR('',#11792,1.);
#11792 = DIRECTION('',(0.,-1.));
#11793 = ( GEOMETRIC_REPRESENTATION_CONTEXT(2) 
PARAMETRIC_REPRESENTATION_CONTEXT() REPRESENTATION_CONTEXT('2D SPACE',''
  ) );
#11794 = PCURVE('',#1254,#11795);
#11795 = DEFINITIONAL_REPRESENTATION('',(#11796),#11800);
#11796 = LINE('',#11797,#11798);
#11797 = CARTESIAN_POINT('',(0.336422669838,0.));
#11798 = VECTOR('',#11799,1.);
#11799 = DIRECTION('',(0.,-1.));
#11800 = ( GEOMETRIC_REPRESENTATION_CONTEXT(2) 
PARAMETRIC_REPRESENTATION_CONTEXT() REPRESENTATION_CONTEXT('2D SPACE',''
  ) );
#11801 = ORIENTED_EDGE('',*,*,#7088,.T.);
#11802 = ORIENTED_EDGE('',*,*,#11754,.F.);
#11803 = ORIENTED_EDGE('',*,*,#1266,.F.);
#11804 = ADVANCED_FACE('',(#11805),#1254,.T.);
#11805 = FACE_BOUND('',#11806,.T.);
#11806 = EDGE_LOOP('',(#11807,#11828,#11829,#11830));
#11807 = ORIENTED_EDGE('',*,*,#11808,.T.);
#11808 = EDGE_CURVE('',#1211,#7043,#11809,.T.);
#11809 = SURFACE_CURVE('',#11810,(#11814,#11821),.PCURVE_S1.);
#11810 = LINE('',#11811,#11812);
#11811 = CARTESIAN_POINT('',(1.698349,-109.702907,0.));
#11812 = VECTOR('',#11813,1.);
#11813 = DIRECTION('',(0.,0.,1.));
#11814 = PCURVE('',#1254,#11815);
#11815 = DEFINITIONAL_REPRESENTATION('',(#11816),#11820);
#11816 = LINE('',#11817,#11818);
#11817 = CARTESIAN_POINT('',(0.,0.));
#11818 = VECTOR('',#11819,1.);
#11819 = DIRECTION('',(0.,-1.));
#11820 = ( GEOMETRIC_REPRESENTATION_CONTEXT(2) 
PARAMETRIC_REPRESENTATION_CONTEXT() REPRESENTATION_CONTEXT('2D SPACE',''
  ) );
#11821 = PCURVE('',#1226,#11822);
#11822 = DEFINITIONAL_REPRESENTATION('',(#11823),#11827);
#11823 = LINE('',#11824,#11825);
#11824 = CARTESIAN_POINT('',(0.336422506151,0.));
#11825 = VECTOR('',#11826,1.);
#11826 = DIRECTION('',(0.,-1.));
#11827 = ( GEOMETRIC_REPRESENTATION_CONTEXT(2) 
PARAMETRIC_REPRESENTATION_CONTEXT() REPRESENTATION_CONTEXT('2D SPACE',''
  ) );
#11828 = ORIENTED_EDGE('',*,*,#7065,.T.);
#11829 = ORIENTED_EDGE('',*,*,#11781,.F.);
#11830 = ORIENTED_EDGE('',*,*,#1238,.F.);
#11831 = ADVANCED_FACE('',(#11832),#1226,.T.);
#11832 = FACE_BOUND('',#11833,.T.);
#11833 = EDGE_LOOP('',(#11834,#11855,#11856,#11857));
#11834 = ORIENTED_EDGE('',*,*,#11835,.T.);
#11835 = EDGE_CURVE('',#1183,#7020,#11836,.T.);
#11836 = SURFACE_CURVE('',#11837,(#11841,#11848),.PCURVE_S1.);
#11837 = LINE('',#11838,#11839);
#11838 = CARTESIAN_POINT('',(2.009163,-109.83165,0.));
#11839 = VECTOR('',#11840,1.);
#11840 = DIRECTION('',(0.,0.,1.));
#11841 = PCURVE('',#1226,#11842);
#11842 = DEFINITIONAL_REPRESENTATION('',(#11843),#11847);
#11843 = LINE('',#11844,#11845);
#11844 = CARTESIAN_POINT('',(0.,0.));
#11845 = VECTOR('',#11846,1.);
#11846 = DIRECTION('',(0.,-1.));
#11847 = ( GEOMETRIC_REPRESENTATION_CONTEXT(2) 
PARAMETRIC_REPRESENTATION_CONTEXT() REPRESENTATION_CONTEXT('2D SPACE',''
  ) );
#11848 = PCURVE('',#1198,#11849);
#11849 = DEFINITIONAL_REPRESENTATION('',(#11850),#11854);
#11850 = LINE('',#11851,#11852);
#11851 = CARTESIAN_POINT('',(0.336422384856,0.));
#11852 = VECTOR('',#11853,1.);
#11853 = DIRECTION('',(0.,-1.));
#11854 = ( GEOMETRIC_REPRESENTATION_CONTEXT(2) 
PARAMETRIC_REPRESENTATION_CONTEXT() REPRESENTATION_CONTEXT('2D SPACE',''
  ) );
#11855 = ORIENTED_EDGE('',*,*,#7042,.T.);
#11856 = ORIENTED_EDGE('',*,*,#11808,.F.);
#11857 = ORIENTED_EDGE('',*,*,#1210,.F.);
#11858 = ADVANCED_FACE('',(#11859),#1198,.T.);
#11859 = FACE_BOUND('',#11860,.T.);
#11860 = EDGE_LOOP('',(#11861,#11882,#11883,#11884));
#11861 = ORIENTED_EDGE('',*,*,#11862,.T.);
#11862 = EDGE_CURVE('',#1155,#6997,#11863,.T.);
#11863 = SURFACE_CURVE('',#11864,(#11868,#11875),.PCURVE_S1.);
#11864 = LINE('',#11865,#11866);
#11865 = CARTESIAN_POINT('',(2.332437,-109.924784,0.));
#11866 = VECTOR('',#11867,1.);
#11867 = DIRECTION('',(0.,0.,1.));
#11868 = PCURVE('',#1198,#11869);
#11869 = DEFINITIONAL_REPRESENTATION('',(#11870),#11874);
#11870 = LINE('',#11871,#11872);
#11871 = CARTESIAN_POINT('',(0.,0.));
#11872 = VECTOR('',#11873,1.);
#11873 = DIRECTION('',(0.,-1.));
#11874 = ( GEOMETRIC_REPRESENTATION_CONTEXT(2) 
PARAMETRIC_REPRESENTATION_CONTEXT() REPRESENTATION_CONTEXT('2D SPACE',''
  ) );
#11875 = PCURVE('',#1170,#11876);
#11876 = DEFINITIONAL_REPRESENTATION('',(#11877),#11881);
#11877 = LINE('',#11878,#11879);
#11878 = CARTESIAN_POINT('',(0.336423318914,0.));
#11879 = VECTOR('',#11880,1.);
#11880 = DIRECTION('',(0.,-1.));
#11881 = ( GEOMETRIC_REPRESENTATION_CONTEXT(2) 
PARAMETRIC_REPRESENTATION_CONTEXT() REPRESENTATION_CONTEXT('2D SPACE',''
  ) );
#11882 = ORIENTED_EDGE('',*,*,#7019,.T.);
#11883 = ORIENTED_EDGE('',*,*,#11835,.F.);
#11884 = ORIENTED_EDGE('',*,*,#1182,.F.);
#11885 = ADVANCED_FACE('',(#11886),#1170,.T.);
#11886 = FACE_BOUND('',#11887,.T.);
#11887 = EDGE_LOOP('',(#11888,#11909,#11910,#11911));
#11888 = ORIENTED_EDGE('',*,*,#11889,.T.);
#11889 = EDGE_CURVE('',#1127,#6974,#11890,.T.);
#11890 = SURFACE_CURVE('',#11891,(#11895,#11902),.PCURVE_S1.);
#11891 = LINE('',#11892,#11893);
#11892 = CARTESIAN_POINT('',(2.664107,-109.981137,0.));
#11893 = VECTOR('',#11894,1.);
#11894 = DIRECTION('',(0.,0.,1.));
#11895 = PCURVE('',#1170,#11896);
#11896 = DEFINITIONAL_REPRESENTATION('',(#11897),#11901);
#11897 = LINE('',#11898,#11899);
#11898 = CARTESIAN_POINT('',(0.,0.));
#11899 = VECTOR('',#11900,1.);
#11900 = DIRECTION('',(0.,-1.));
#11901 = ( GEOMETRIC_REPRESENTATION_CONTEXT(2) 
PARAMETRIC_REPRESENTATION_CONTEXT() REPRESENTATION_CONTEXT('2D SPACE',''
  ) );
#11902 = PCURVE('',#1142,#11903);
#11903 = DEFINITIONAL_REPRESENTATION('',(#11904),#11908);
#11904 = LINE('',#11905,#11906);
#11905 = CARTESIAN_POINT('',(0.336422235023,0.));
#11906 = VECTOR('',#11907,1.);
#11907 = DIRECTION('',(0.,-1.));
#11908 = ( GEOMETRIC_REPRESENTATION_CONTEXT(2) 
PARAMETRIC_REPRESENTATION_CONTEXT() REPRESENTATION_CONTEXT('2D SPACE',''
  ) );
#11909 = ORIENTED_EDGE('',*,*,#6996,.T.);
#11910 = ORIENTED_EDGE('',*,*,#11862,.F.);
#11911 = ORIENTED_EDGE('',*,*,#1154,.F.);
#11912 = ADVANCED_FACE('',(#11913),#1142,.T.);
#11913 = FACE_BOUND('',#11914,.T.);
#11914 = EDGE_LOOP('',(#11915,#11936,#11937,#11938));
#11915 = ORIENTED_EDGE('',*,*,#11916,.T.);
#11916 = EDGE_CURVE('',#1099,#6951,#11917,.T.);
#11917 = SURFACE_CURVE('',#11918,(#11922,#11929),.PCURVE_S1.);
#11918 = LINE('',#11919,#11920);
#11919 = CARTESIAN_POINT('',(3.,-110.,0.));
#11920 = VECTOR('',#11921,1.);
#11921 = DIRECTION('',(0.,0.,1.));
#11922 = PCURVE('',#1142,#11923);
#11923 = DEFINITIONAL_REPRESENTATION('',(#11924),#11928);
#11924 = LINE('',#11925,#11926);
#11925 = CARTESIAN_POINT('',(0.,0.));
#11926 = VECTOR('',#11927,1.);
#11927 = DIRECTION('',(0.,-1.));
#11928 = ( GEOMETRIC_REPRESENTATION_CONTEXT(2) 
PARAMETRIC_REPRESENTATION_CONTEXT() REPRESENTATION_CONTEXT('2D SPACE',''
  ) );
#11929 = PCURVE('',#1114,#11930);
#11930 = DEFINITIONAL_REPRESENTATION('',(#11931),#11935);
#11931 = LINE('',#11932,#11933);
#11932 = CARTESIAN_POINT('',(69.,0.));
#11933 = VECTOR('',#11934,1.);
#11934 = DIRECTION('',(0.,-1.));
#11935 = ( GEOMETRIC_REPRESENTATION_CONTEXT(2) 
PARAMETRIC_REPRESENTATION_CONTEXT() REPRESENTATION_CONTEXT('2D SPACE',''
  ) );
#11936 = ORIENTED_EDGE('',*,*,#6973,.T.);
#11937 = ORIENTED_EDGE('',*,*,#11889,.F.);
#11938 = ORIENTED_EDGE('',*,*,#1126,.F.);
#11939 = ADVANCED_FACE('',(#11940),#1114,.T.);
#11940 = FACE_BOUND('',#11941,.T.);
#11941 = EDGE_LOOP('',(#11942,#11963,#11964,#11965));
#11942 = ORIENTED_EDGE('',*,*,#11943,.T.);
#11943 = EDGE_CURVE('',#1071,#6928,#11944,.T.);
#11944 = SURFACE_CURVE('',#11945,(#11949,#11956),.PCURVE_S1.);
#11945 = LINE('',#11946,#11947);
#11946 = CARTESIAN_POINT('',(72.,-110.,0.));
#11947 = VECTOR('',#11948,1.);
#11948 = DIRECTION('',(0.,0.,1.));
#11949 = PCURVE('',#1114,#11950);
#11950 = DEFINITIONAL_REPRESENTATION('',(#11951),#11955);
#11951 = LINE('',#11952,#11953);
#11952 = CARTESIAN_POINT('',(0.,-0.));
#11953 = VECTOR('',#11954,1.);
#11954 = DIRECTION('',(0.,-1.));
#11955 = ( GEOMETRIC_REPRESENTATION_CONTEXT(2) 
PARAMETRIC_REPRESENTATION_CONTEXT() REPRESENTATION_CONTEXT('2D SPACE',''
  ) );
#11956 = PCURVE('',#1086,#11957);
#11957 = DEFINITIONAL_REPRESENTATION('',(#11958),#11962);
#11958 = LINE('',#11959,#11960);
#11959 = CARTESIAN_POINT('',(0.336422235023,0.));
#11960 = VECTOR('',#11961,1.);
#11961 = DIRECTION('',(0.,-1.));
#11962 = ( GEOMETRIC_REPRESENTATION_CONTEXT(2) 
PARAMETRIC_REPRESENTATION_CONTEXT() REPRESENTATION_CONTEXT('2D SPACE',''
  ) );
#11963 = ORIENTED_EDGE('',*,*,#6950,.T.);
#11964 = ORIENTED_EDGE('',*,*,#11916,.F.);
#11965 = ORIENTED_EDGE('',*,*,#1098,.F.);
#11966 = ADVANCED_FACE('',(#11967),#1086,.T.);
#11967 = FACE_BOUND('',#11968,.T.);
#11968 = EDGE_LOOP('',(#11969,#11990,#11991,#11992));
#11969 = ORIENTED_EDGE('',*,*,#11970,.T.);
#11970 = EDGE_CURVE('',#1043,#6905,#11971,.T.);
#11971 = SURFACE_CURVE('',#11972,(#11976,#11983),.PCURVE_S1.);
#11972 = LINE('',#11973,#11974);
#11973 = CARTESIAN_POINT('',(72.335893,-109.981137,0.));
#11974 = VECTOR('',#11975,1.);
#11975 = DIRECTION('',(0.,0.,1.));
#11976 = PCURVE('',#1086,#11977);
#11977 = DEFINITIONAL_REPRESENTATION('',(#11978),#11982);
#11978 = LINE('',#11979,#11980);
#11979 = CARTESIAN_POINT('',(0.,0.));
#11980 = VECTOR('',#11981,1.);
#11981 = DIRECTION('',(0.,-1.));
#11982 = ( GEOMETRIC_REPRESENTATION_CONTEXT(2) 
PARAMETRIC_REPRESENTATION_CONTEXT() REPRESENTATION_CONTEXT('2D SPACE',''
  ) );
#11983 = PCURVE('',#1058,#11984);
#11984 = DEFINITIONAL_REPRESENTATION('',(#11985),#11989);
#11985 = LINE('',#11986,#11987);
#11986 = CARTESIAN_POINT('',(0.336423318914,0.));
#11987 = VECTOR('',#11988,1.);
#11988 = DIRECTION('',(0.,-1.));
#11989 = ( GEOMETRIC_REPRESENTATION_CONTEXT(2) 
PARAMETRIC_REPRESENTATION_CONTEXT() REPRESENTATION_CONTEXT('2D SPACE',''
  ) );
#11990 = ORIENTED_EDGE('',*,*,#6927,.T.);
#11991 = ORIENTED_EDGE('',*,*,#11943,.F.);
#11992 = ORIENTED_EDGE('',*,*,#1070,.F.);
#11993 = ADVANCED_FACE('',(#11994),#1058,.T.);
#11994 = FACE_BOUND('',#11995,.T.);
#11995 = EDGE_LOOP('',(#11996,#12017,#12018,#12019));
#11996 = ORIENTED_EDGE('',*,*,#11997,.T.);
#11997 = EDGE_CURVE('',#1015,#6882,#11998,.T.);
#11998 = SURFACE_CURVE('',#11999,(#12003,#12010),.PCURVE_S1.);
#11999 = LINE('',#12000,#12001);
#12000 = CARTESIAN_POINT('',(72.667563,-109.924784,0.));
#12001 = VECTOR('',#12002,1.);
#12002 = DIRECTION('',(0.,0.,1.));
#12003 = PCURVE('',#1058,#12004);
#12004 = DEFINITIONAL_REPRESENTATION('',(#12005),#12009);
#12005 = LINE('',#12006,#12007);
#12006 = CARTESIAN_POINT('',(0.,0.));
#12007 = VECTOR('',#12008,1.);
#12008 = DIRECTION('',(0.,-1.));
#12009 = ( GEOMETRIC_REPRESENTATION_CONTEXT(2) 
PARAMETRIC_REPRESENTATION_CONTEXT() REPRESENTATION_CONTEXT('2D SPACE',''
  ) );
#12010 = PCURVE('',#1030,#12011);
#12011 = DEFINITIONAL_REPRESENTATION('',(#12012),#12016);
#12012 = LINE('',#12013,#12014);
#12013 = CARTESIAN_POINT('',(0.336422384856,0.));
#12014 = VECTOR('',#12015,1.);
#12015 = DIRECTION('',(0.,-1.));
#12016 = ( GEOMETRIC_REPRESENTATION_CONTEXT(2) 
PARAMETRIC_REPRESENTATION_CONTEXT() REPRESENTATION_CONTEXT('2D SPACE',''
  ) );
#12017 = ORIENTED_EDGE('',*,*,#6904,.T.);
#12018 = ORIENTED_EDGE('',*,*,#11970,.F.);
#12019 = ORIENTED_EDGE('',*,*,#1042,.F.);
#12020 = ADVANCED_FACE('',(#12021),#1030,.T.);
#12021 = FACE_BOUND('',#12022,.T.);
#12022 = EDGE_LOOP('',(#12023,#12044,#12045,#12046));
#12023 = ORIENTED_EDGE('',*,*,#12024,.T.);
#12024 = EDGE_CURVE('',#987,#6859,#12025,.T.);
#12025 = SURFACE_CURVE('',#12026,(#12030,#12037),.PCURVE_S1.);
#12026 = LINE('',#12027,#12028);
#12027 = CARTESIAN_POINT('',(72.990837,-109.83165,0.));
#12028 = VECTOR('',#12029,1.);
#12029 = DIRECTION('',(0.,0.,1.));
#12030 = PCURVE('',#1030,#12031);
#12031 = DEFINITIONAL_REPRESENTATION('',(#12032),#12036);
#12032 = LINE('',#12033,#12034);
#12033 = CARTESIAN_POINT('',(0.,0.));
#12034 = VECTOR('',#12035,1.);
#12035 = DIRECTION('',(0.,-1.));
#12036 = ( GEOMETRIC_REPRESENTATION_CONTEXT(2) 
PARAMETRIC_REPRESENTATION_CONTEXT() REPRESENTATION_CONTEXT('2D SPACE',''
  ) );
#12037 = PCURVE('',#1002,#12038);
#12038 = DEFINITIONAL_REPRESENTATION('',(#12039),#12043);
#12039 = LINE('',#12040,#12041);
#12040 = CARTESIAN_POINT('',(0.336422506151,0.));
#12041 = VECTOR('',#12042,1.);
#12042 = DIRECTION('',(0.,-1.));
#12043 = ( GEOMETRIC_REPRESENTATION_CONTEXT(2) 
PARAMETRIC_REPRESENTATION_CONTEXT() REPRESENTATION_CONTEXT('2D SPACE',''
  ) );
#12044 = ORIENTED_EDGE('',*,*,#6881,.T.);
#12045 = ORIENTED_EDGE('',*,*,#11997,.F.);
#12046 = ORIENTED_EDGE('',*,*,#1014,.F.);
#12047 = ADVANCED_FACE('',(#12048),#1002,.T.);
#12048 = FACE_BOUND('',#12049,.T.);
#12049 = EDGE_LOOP('',(#12050,#12071,#12072,#12073));
#12050 = ORIENTED_EDGE('',*,*,#12051,.T.);
#12051 = EDGE_CURVE('',#959,#6836,#12052,.T.);
#12052 = SURFACE_CURVE('',#12053,(#12057,#12064),.PCURVE_S1.);
#12053 = LINE('',#12054,#12055);
#12054 = CARTESIAN_POINT('',(73.301651,-109.702907,0.));
#12055 = VECTOR('',#12056,1.);
#12056 = DIRECTION('',(0.,0.,1.));
#12057 = PCURVE('',#1002,#12058);
#12058 = DEFINITIONAL_REPRESENTATION('',(#12059),#12063);
#12059 = LINE('',#12060,#12061);
#12060 = CARTESIAN_POINT('',(0.,0.));
#12061 = VECTOR('',#12062,1.);
#12062 = DIRECTION('',(0.,-1.));
#12063 = ( GEOMETRIC_REPRESENTATION_CONTEXT(2) 
PARAMETRIC_REPRESENTATION_CONTEXT() REPRESENTATION_CONTEXT('2D SPACE',''
  ) );
#12064 = PCURVE('',#974,#12065);
#12065 = DEFINITIONAL_REPRESENTATION('',(#12066),#12070);
#12066 = LINE('',#12067,#12068);
#12067 = CARTESIAN_POINT('',(0.336422669838,0.));
#12068 = VECTOR('',#12069,1.);
#12069 = DIRECTION('',(0.,-1.));
#12070 = ( GEOMETRIC_REPRESENTATION_CONTEXT(2) 
PARAMETRIC_REPRESENTATION_CONTEXT() REPRESENTATION_CONTEXT('2D SPACE',''
  ) );
#12071 = ORIENTED_EDGE('',*,*,#6858,.T.);
#12072 = ORIENTED_EDGE('',*,*,#12024,.F.);
#12073 = ORIENTED_EDGE('',*,*,#986,.F.);
#12074 = ADVANCED_FACE('',(#12075),#974,.T.);
#12075 = FACE_BOUND('',#12076,.T.);
#12076 = EDGE_LOOP('',(#12077,#12098,#12099,#12100));
#12077 = ORIENTED_EDGE('',*,*,#12078,.T.);
#12078 = EDGE_CURVE('',#931,#6813,#12079,.T.);
#12079 = SURFACE_CURVE('',#12080,(#12084,#12091),.PCURVE_S1.);
#12080 = LINE('',#12081,#12082);
#12081 = CARTESIAN_POINT('',(73.596096,-109.540173,0.));
#12082 = VECTOR('',#12083,1.);
#12083 = DIRECTION('',(0.,0.,1.));
#12084 = PCURVE('',#974,#12085);
#12085 = DEFINITIONAL_REPRESENTATION('',(#12086),#12090);
#12086 = LINE('',#12087,#12088);
#12087 = CARTESIAN_POINT('',(0.,0.));
#12088 = VECTOR('',#12089,1.);
#12089 = DIRECTION('',(0.,-1.));
#12090 = ( GEOMETRIC_REPRESENTATION_CONTEXT(2) 
PARAMETRIC_REPRESENTATION_CONTEXT() REPRESENTATION_CONTEXT('2D SPACE',''
  ) );
#12091 = PCURVE('',#946,#12092);
#12092 = DEFINITIONAL_REPRESENTATION('',(#12093),#12097);
#12093 = LINE('',#12094,#12095);
#12094 = CARTESIAN_POINT('',(0.336423031569,0.));
#12095 = VECTOR('',#12096,1.);
#12096 = DIRECTION('',(0.,-1.));
#12097 = ( GEOMETRIC_REPRESENTATION_CONTEXT(2) 
PARAMETRIC_REPRESENTATION_CONTEXT() REPRESENTATION_CONTEXT('2D SPACE',''
  ) );
#12098 = ORIENTED_EDGE('',*,*,#6835,.T.);
#12099 = ORIENTED_EDGE('',*,*,#12051,.F.);
#12100 = ORIENTED_EDGE('',*,*,#958,.F.);
#12101 = ADVANCED_FACE('',(#12102),#946,.T.);
#12102 = FACE_BOUND('',#12103,.T.);
#12103 = EDGE_LOOP('',(#12104,#12125,#12126,#12127));
#12104 = ORIENTED_EDGE('',*,*,#12105,.T.);
#12105 = EDGE_CURVE('',#903,#6790,#12106,.T.);
#12106 = SURFACE_CURVE('',#12107,(#12111,#12118),.PCURVE_S1.);
#12107 = LINE('',#12108,#12109);
#12108 = CARTESIAN_POINT('',(73.870469,-109.345494,0.));
#12109 = VECTOR('',#12110,1.);
#12110 = DIRECTION('',(0.,0.,1.));
#12111 = PCURVE('',#946,#12112);
#12112 = DEFINITIONAL_REPRESENTATION('',(#12113),#12117);
#12113 = LINE('',#12114,#12115);
#12114 = CARTESIAN_POINT('',(0.,0.));
#12115 = VECTOR('',#12116,1.);
#12116 = DIRECTION('',(0.,-1.));
#12117 = ( GEOMETRIC_REPRESENTATION_CONTEXT(2) 
PARAMETRIC_REPRESENTATION_CONTEXT() REPRESENTATION_CONTEXT('2D SPACE',''
  ) );
#12118 = PCURVE('',#918,#12119);
#12119 = DEFINITIONAL_REPRESENTATION('',(#12120),#12124);
#12120 = LINE('',#12121,#12122);
#12121 = CARTESIAN_POINT('',(0.336422660469,0.));
#12122 = VECTOR('',#12123,1.);
#12123 = DIRECTION('',(0.,-1.));
#12124 = ( GEOMETRIC_REPRESENTATION_CONTEXT(2) 
PARAMETRIC_REPRESENTATION_CONTEXT() REPRESENTATION_CONTEXT('2D SPACE',''
  ) );
#12125 = ORIENTED_EDGE('',*,*,#6812,.T.);
#12126 = ORIENTED_EDGE('',*,*,#12078,.F.);
#12127 = ORIENTED_EDGE('',*,*,#930,.F.);
#12128 = ADVANCED_FACE('',(#12129),#918,.T.);
#12129 = FACE_BOUND('',#12130,.T.);
#12130 = EDGE_LOOP('',(#12131,#12152,#12153,#12154));
#12131 = ORIENTED_EDGE('',*,*,#12132,.T.);
#12132 = EDGE_CURVE('',#875,#6767,#12133,.T.);
#12133 = SURFACE_CURVE('',#12134,(#12138,#12145),.PCURVE_S1.);
#12134 = LINE('',#12135,#12136);
#12135 = CARTESIAN_POINT('',(74.12132,-109.12132,0.));
#12136 = VECTOR('',#12137,1.);
#12137 = DIRECTION('',(0.,0.,1.));
#12138 = PCURVE('',#918,#12139);
#12139 = DEFINITIONAL_REPRESENTATION('',(#12140),#12144);
#12140 = LINE('',#12141,#12142);
#12141 = CARTESIAN_POINT('',(0.,0.));
#12142 = VECTOR('',#12143,1.);
#12143 = DIRECTION('',(0.,-1.));
#12144 = ( GEOMETRIC_REPRESENTATION_CONTEXT(2) 
PARAMETRIC_REPRESENTATION_CONTEXT() REPRESENTATION_CONTEXT('2D SPACE',''
  ) );
#12145 = PCURVE('',#890,#12146);
#12146 = DEFINITIONAL_REPRESENTATION('',(#12147),#12151);
#12147 = LINE('',#12148,#12149);
#12148 = CARTESIAN_POINT('',(0.336422660469,0.));
#12149 = VECTOR('',#12150,1.);
#12150 = DIRECTION('',(0.,-1.));
#12151 = ( GEOMETRIC_REPRESENTATION_CONTEXT(2) 
PARAMETRIC_REPRESENTATION_CONTEXT() REPRESENTATION_CONTEXT('2D SPACE',''
  ) );
#12152 = ORIENTED_EDGE('',*,*,#6789,.T.);
#12153 = ORIENTED_EDGE('',*,*,#12105,.F.);
#12154 = ORIENTED_EDGE('',*,*,#902,.F.);
#12155 = ADVANCED_FACE('',(#12156),#890,.T.);
#12156 = FACE_BOUND('',#12157,.T.);
#12157 = EDGE_LOOP('',(#12158,#12179,#12180,#12181));
#12158 = ORIENTED_EDGE('',*,*,#12159,.T.);
#12159 = EDGE_CURVE('',#847,#6744,#12160,.T.);
#12160 = SURFACE_CURVE('',#12161,(#12165,#12172),.PCURVE_S1.);
#12161 = LINE('',#12162,#12163);
#12162 = CARTESIAN_POINT('',(74.345494,-108.870469,0.));
#12163 = VECTOR('',#12164,1.);
#12164 = DIRECTION('',(0.,0.,1.));
#12165 = PCURVE('',#890,#12166);
#12166 = DEFINITIONAL_REPRESENTATION('',(#12167),#12171);
#12167 = LINE('',#12168,#12169);
#12168 = CARTESIAN_POINT('',(0.,0.));
#12169 = VECTOR('',#12170,1.);
#12170 = DIRECTION('',(0.,-1.));
#12171 = ( GEOMETRIC_REPRESENTATION_CONTEXT(2) 
PARAMETRIC_REPRESENTATION_CONTEXT() REPRESENTATION_CONTEXT('2D SPACE',''
  ) );
#12172 = PCURVE('',#862,#12173);
#12173 = DEFINITIONAL_REPRESENTATION('',(#12174),#12178);
#12174 = LINE('',#12175,#12176);
#12175 = CARTESIAN_POINT('',(0.336423031569,0.));
#12176 = VECTOR('',#12177,1.);
#12177 = DIRECTION('',(0.,-1.));
#12178 = ( GEOMETRIC_REPRESENTATION_CONTEXT(2) 
PARAMETRIC_REPRESENTATION_CONTEXT() REPRESENTATION_CONTEXT('2D SPACE',''
  ) );
#12179 = ORIENTED_EDGE('',*,*,#6766,.T.);
#12180 = ORIENTED_EDGE('',*,*,#12132,.F.);
#12181 = ORIENTED_EDGE('',*,*,#874,.F.);
#12182 = ADVANCED_FACE('',(#12183),#862,.T.);
#12183 = FACE_BOUND('',#12184,.T.);
#12184 = EDGE_LOOP('',(#12185,#12206,#12207,#12208));
#12185 = ORIENTED_EDGE('',*,*,#12186,.T.);
#12186 = EDGE_CURVE('',#819,#6721,#12187,.T.);
#12187 = SURFACE_CURVE('',#12188,(#12192,#12199),.PCURVE_S1.);
#12188 = LINE('',#12189,#12190);
#12189 = CARTESIAN_POINT('',(74.540173,-108.596096,0.));
#12190 = VECTOR('',#12191,1.);
#12191 = DIRECTION('',(0.,0.,1.));
#12192 = PCURVE('',#862,#12193);
#12193 = DEFINITIONAL_REPRESENTATION('',(#12194),#12198);
#12194 = LINE('',#12195,#12196);
#12195 = CARTESIAN_POINT('',(0.,0.));
#12196 = VECTOR('',#12197,1.);
#12197 = DIRECTION('',(0.,-1.));
#12198 = ( GEOMETRIC_REPRESENTATION_CONTEXT(2) 
PARAMETRIC_REPRESENTATION_CONTEXT() REPRESENTATION_CONTEXT('2D SPACE',''
  ) );
#12199 = PCURVE('',#834,#12200);
#12200 = DEFINITIONAL_REPRESENTATION('',(#12201),#12205);
#12201 = LINE('',#12202,#12203);
#12202 = CARTESIAN_POINT('',(0.336422669838,0.));
#12203 = VECTOR('',#12204,1.);
#12204 = DIRECTION('',(0.,-1.));
#12205 = ( GEOMETRIC_REPRESENTATION_CONTEXT(2) 
PARAMETRIC_REPRESENTATION_CONTEXT() REPRESENTATION_CONTEXT('2D SPACE',''
  ) );
#12206 = ORIENTED_EDGE('',*,*,#6743,.T.);
#12207 = ORIENTED_EDGE('',*,*,#12159,.F.);
#12208 = ORIENTED_EDGE('',*,*,#846,.F.);
#12209 = ADVANCED_FACE('',(#12210),#834,.T.);
#12210 = FACE_BOUND('',#12211,.T.);
#12211 = EDGE_LOOP('',(#12212,#12233,#12234,#12235));
#12212 = ORIENTED_EDGE('',*,*,#12213,.T.);
#12213 = EDGE_CURVE('',#791,#6698,#12214,.T.);
#12214 = SURFACE_CURVE('',#12215,(#12219,#12226),.PCURVE_S1.);
#12215 = LINE('',#12216,#12217);
#12216 = CARTESIAN_POINT('',(74.702907,-108.301651,0.));
#12217 = VECTOR('',#12218,1.);
#12218 = DIRECTION('',(0.,0.,1.));
#12219 = PCURVE('',#834,#12220);
#12220 = DEFINITIONAL_REPRESENTATION('',(#12221),#12225);
#12221 = LINE('',#12222,#12223);
#12222 = CARTESIAN_POINT('',(0.,0.));
#12223 = VECTOR('',#12224,1.);
#12224 = DIRECTION('',(0.,-1.));
#12225 = ( GEOMETRIC_REPRESENTATION_CONTEXT(2) 
PARAMETRIC_REPRESENTATION_CONTEXT() REPRESENTATION_CONTEXT('2D SPACE',''
  ) );
#12226 = PCURVE('',#806,#12227);
#12227 = DEFINITIONAL_REPRESENTATION('',(#12228),#12232);
#12228 = LINE('',#12229,#12230);
#12229 = CARTESIAN_POINT('',(0.336422506151,0.));
#12230 = VECTOR('',#12231,1.);
#12231 = DIRECTION('',(0.,-1.));
#12232 = ( GEOMETRIC_REPRESENTATION_CONTEXT(2) 
PARAMETRIC_REPRESENTATION_CONTEXT() REPRESENTATION_CONTEXT('2D SPACE',''
  ) );
#12233 = ORIENTED_EDGE('',*,*,#6720,.T.);
#12234 = ORIENTED_EDGE('',*,*,#12186,.F.);
#12235 = ORIENTED_EDGE('',*,*,#818,.F.);
#12236 = ADVANCED_FACE('',(#12237),#806,.T.);
#12237 = FACE_BOUND('',#12238,.T.);
#12238 = EDGE_LOOP('',(#12239,#12260,#12261,#12262));
#12239 = ORIENTED_EDGE('',*,*,#12240,.T.);
#12240 = EDGE_CURVE('',#763,#6675,#12241,.T.);
#12241 = SURFACE_CURVE('',#12242,(#12246,#12253),.PCURVE_S1.);
#12242 = LINE('',#12243,#12244);
#12243 = CARTESIAN_POINT('',(74.83165,-107.990837,0.));
#12244 = VECTOR('',#12245,1.);
#12245 = DIRECTION('',(0.,0.,1.));
#12246 = PCURVE('',#806,#12247);
#12247 = DEFINITIONAL_REPRESENTATION('',(#12248),#12252);
#12248 = LINE('',#12249,#12250);
#12249 = CARTESIAN_POINT('',(0.,0.));
#12250 = VECTOR('',#12251,1.);
#12251 = DIRECTION('',(0.,-1.));
#12252 = ( GEOMETRIC_REPRESENTATION_CONTEXT(2) 
PARAMETRIC_REPRESENTATION_CONTEXT() REPRESENTATION_CONTEXT('2D SPACE',''
  ) );
#12253 = PCURVE('',#778,#12254);
#12254 = DEFINITIONAL_REPRESENTATION('',(#12255),#12259);
#12255 = LINE('',#12256,#12257);
#12256 = CARTESIAN_POINT('',(0.336422384856,0.));
#12257 = VECTOR('',#12258,1.);
#12258 = DIRECTION('',(0.,-1.));
#12259 = ( GEOMETRIC_REPRESENTATION_CONTEXT(2) 
PARAMETRIC_REPRESENTATION_CONTEXT() REPRESENTATION_CONTEXT('2D SPACE',''
  ) );
#12260 = ORIENTED_EDGE('',*,*,#6697,.T.);
#12261 = ORIENTED_EDGE('',*,*,#12213,.F.);
#12262 = ORIENTED_EDGE('',*,*,#790,.F.);
#12263 = ADVANCED_FACE('',(#12264),#778,.T.);
#12264 = FACE_BOUND('',#12265,.T.);
#12265 = EDGE_LOOP('',(#12266,#12287,#12288,#12289));
#12266 = ORIENTED_EDGE('',*,*,#12267,.T.);
#12267 = EDGE_CURVE('',#735,#6652,#12268,.T.);
#12268 = SURFACE_CURVE('',#12269,(#12273,#12280),.PCURVE_S1.);
#12269 = LINE('',#12270,#12271);
#12270 = CARTESIAN_POINT('',(74.924784,-107.667563,0.));
#12271 = VECTOR('',#12272,1.);
#12272 = DIRECTION('',(0.,0.,1.));
#12273 = PCURVE('',#778,#12274);
#12274 = DEFINITIONAL_REPRESENTATION('',(#12275),#12279);
#12275 = LINE('',#12276,#12277);
#12276 = CARTESIAN_POINT('',(0.,0.));
#12277 = VECTOR('',#12278,1.);
#12278 = DIRECTION('',(0.,-1.));
#12279 = ( GEOMETRIC_REPRESENTATION_CONTEXT(2) 
PARAMETRIC_REPRESENTATION_CONTEXT() REPRESENTATION_CONTEXT('2D SPACE',''
  ) );
#12280 = PCURVE('',#750,#12281);
#12281 = DEFINITIONAL_REPRESENTATION('',(#12282),#12286);
#12282 = LINE('',#12283,#12284);
#12283 = CARTESIAN_POINT('',(0.336423318914,0.));
#12284 = VECTOR('',#12285,1.);
#12285 = DIRECTION('',(0.,-1.));
#12286 = ( GEOMETRIC_REPRESENTATION_CONTEXT(2) 
PARAMETRIC_REPRESENTATION_CONTEXT() REPRESENTATION_CONTEXT('2D SPACE',''
  ) );
#12287 = ORIENTED_EDGE('',*,*,#6674,.T.);
#12288 = ORIENTED_EDGE('',*,*,#12240,.F.);
#12289 = ORIENTED_EDGE('',*,*,#762,.F.);
#12290 = ADVANCED_FACE('',(#12291),#750,.T.);
#12291 = FACE_BOUND('',#12292,.T.);
#12292 = EDGE_LOOP('',(#12293,#12314,#12315,#12316));
#12293 = ORIENTED_EDGE('',*,*,#12294,.T.);
#12294 = EDGE_CURVE('',#707,#6629,#12295,.T.);
#12295 = SURFACE_CURVE('',#12296,(#12300,#12307),.PCURVE_S1.);
#12296 = LINE('',#12297,#12298);
#12297 = CARTESIAN_POINT('',(74.981137,-107.335893,0.));
#12298 = VECTOR('',#12299,1.);
#12299 = DIRECTION('',(0.,0.,1.));
#12300 = PCURVE('',#750,#12301);
#12301 = DEFINITIONAL_REPRESENTATION('',(#12302),#12306);
#12302 = LINE('',#12303,#12304);
#12303 = CARTESIAN_POINT('',(0.,0.));
#12304 = VECTOR('',#12305,1.);
#12305 = DIRECTION('',(0.,-1.));
#12306 = ( GEOMETRIC_REPRESENTATION_CONTEXT(2) 
PARAMETRIC_REPRESENTATION_CONTEXT() REPRESENTATION_CONTEXT('2D SPACE',''
  ) );
#12307 = PCURVE('',#722,#12308);
#12308 = DEFINITIONAL_REPRESENTATION('',(#12309),#12313);
#12309 = LINE('',#12310,#12311);
#12310 = CARTESIAN_POINT('',(0.336422235023,0.));
#12311 = VECTOR('',#12312,1.);
#12312 = DIRECTION('',(0.,-1.));
#12313 = ( GEOMETRIC_REPRESENTATION_CONTEXT(2) 
PARAMETRIC_REPRESENTATION_CONTEXT() REPRESENTATION_CONTEXT('2D SPACE',''
  ) );
#12314 = ORIENTED_EDGE('',*,*,#6651,.T.);
#12315 = ORIENTED_EDGE('',*,*,#12267,.F.);
#12316 = ORIENTED_EDGE('',*,*,#734,.F.);
#12317 = ADVANCED_FACE('',(#12318),#722,.T.);
#12318 = FACE_BOUND('',#12319,.T.);
#12319 = EDGE_LOOP('',(#12320,#12341,#12342,#12343));
#12320 = ORIENTED_EDGE('',*,*,#12321,.T.);
#12321 = EDGE_CURVE('',#679,#6606,#12322,.T.);
#12322 = SURFACE_CURVE('',#12323,(#12327,#12334),.PCURVE_S1.);
#12323 = LINE('',#12324,#12325);
#12324 = CARTESIAN_POINT('',(75.,-107.,0.));
#12325 = VECTOR('',#12326,1.);
#12326 = DIRECTION('',(0.,0.,1.));
#12327 = PCURVE('',#722,#12328);
#12328 = DEFINITIONAL_REPRESENTATION('',(#12329),#12333);
#12329 = LINE('',#12330,#12331);
#12330 = CARTESIAN_POINT('',(0.,0.));
#12331 = VECTOR('',#12332,1.);
#12332 = DIRECTION('',(0.,-1.));
#12333 = ( GEOMETRIC_REPRESENTATION_CONTEXT(2) 
PARAMETRIC_REPRESENTATION_CONTEXT() REPRESENTATION_CONTEXT('2D SPACE',''
  ) );
#12334 = PCURVE('',#694,#12335);
#12335 = DEFINITIONAL_REPRESENTATION('',(#12336),#12340);
#12336 = LINE('',#12337,#12338);
#12337 = CARTESIAN_POINT('',(104.,0.));
#12338 = VECTOR('',#12339,1.);
#12339 = DIRECTION('',(0.,-1.));
#12340 = ( GEOMETRIC_REPRESENTATION_CONTEXT(2) 
PARAMETRIC_REPRESENTATION_CONTEXT() REPRESENTATION_CONTEXT('2D SPACE',''
  ) );
#12341 = ORIENTED_EDGE('',*,*,#6628,.T.);
#12342 = ORIENTED_EDGE('',*,*,#12294,.F.);
#12343 = ORIENTED_EDGE('',*,*,#706,.F.);
#12344 = ADVANCED_FACE('',(#12345),#694,.T.);
#12345 = FACE_BOUND('',#12346,.T.);
#12346 = EDGE_LOOP('',(#12347,#12348,#12367,#12368));
#12347 = ORIENTED_EDGE('',*,*,#678,.F.);
#12348 = ORIENTED_EDGE('',*,*,#12349,.T.);
#12349 = EDGE_CURVE('',#646,#6578,#12350,.T.);
#12350 = SURFACE_CURVE('',#12351,(#12355,#12361),.PCURVE_S1.);
#12351 = LINE('',#12352,#12353);
#12352 = CARTESIAN_POINT('',(75.,-105.5957348403,-1.E-02));
#12353 = VECTOR('',#12354,1.);
#12354 = DIRECTION('',(0.,0.,1.));
#12355 = PCURVE('',#694,#12356);
#12356 = DEFINITIONAL_REPRESENTATION('',(#12357),#12360);
#12357 = B_SPLINE_CURVE_WITH_KNOTS('',1,(#12358,#12359),.UNSPECIFIED.,
  .F.,.F.,(2,2),(-5.999999999999E-07,1.6200006),
  .PIECEWISE_BEZIER_KNOTS.);
#12358 = CARTESIAN_POINT('',(102.59573484034,1.00006E-02));
#12359 = CARTESIAN_POINT('',(102.59573484034,-1.6100006));
#12360 = ( GEOMETRIC_REPRESENTATION_CONTEXT(2) 
PARAMETRIC_REPRESENTATION_CONTEXT() REPRESENTATION_CONTEXT('2D SPACE',''
  ) );
#12361 = PCURVE('',#666,#12362);
#12362 = DEFINITIONAL_REPRESENTATION('',(#12363),#12366);
#12363 = B_SPLINE_CURVE_WITH_KNOTS('',1,(#12364,#12365),.UNSPECIFIED.,
  .F.,.F.,(2,2),(-5.999999999999E-07,1.6200006),
  .PIECEWISE_BEZIER_KNOTS.);
#12364 = CARTESIAN_POINT('',(4.300872134317,-5.999999999999E-07));
#12365 = CARTESIAN_POINT('',(4.300872134317,1.6200006));
#12366 = ( GEOMETRIC_REPRESENTATION_CONTEXT(2) 
PARAMETRIC_REPRESENTATION_CONTEXT() REPRESENTATION_CONTEXT('2D SPACE',''
  ) );
#12367 = ORIENTED_EDGE('',*,*,#6605,.T.);
#12368 = ORIENTED_EDGE('',*,*,#12321,.F.);
#12369 = ADVANCED_FACE('',(#12370),#666,.F.);
#12370 = FACE_BOUND('',#12371,.F.);
#12371 = EDGE_LOOP('',(#12372,#12373,#12374,#12375));
#12372 = ORIENTED_EDGE('',*,*,#645,.T.);
#12373 = ORIENTED_EDGE('',*,*,#12349,.T.);
#12374 = ORIENTED_EDGE('',*,*,#6577,.F.);
#12375 = ORIENTED_EDGE('',*,*,#12376,.F.);
#12376 = EDGE_CURVE('',#618,#6555,#12377,.T.);
#12377 = SURFACE_CURVE('',#12378,(#12382,#12388),.PCURVE_S1.);
#12378 = LINE('',#12379,#12380);
#12379 = CARTESIAN_POINT('',(75.,-104.4042651596,-1.E-02));
#12380 = VECTOR('',#12381,1.);
#12381 = DIRECTION('',(0.,0.,1.));
#12382 = PCURVE('',#666,#12383);
#12383 = DEFINITIONAL_REPRESENTATION('',(#12384),#12387);
#12384 = B_SPLINE_CURVE_WITH_KNOTS('',1,(#12385,#12386),.UNSPECIFIED.,
  .F.,.F.,(2,2),(-5.999999999999E-07,1.6200006),
  .PIECEWISE_BEZIER_KNOTS.);
#12385 = CARTESIAN_POINT('',(1.982313172862,-5.999999999999E-07));
#12386 = CARTESIAN_POINT('',(1.982313172862,1.6200006));
#12387 = ( GEOMETRIC_REPRESENTATION_CONTEXT(2) 
PARAMETRIC_REPRESENTATION_CONTEXT() REPRESENTATION_CONTEXT('2D SPACE',''
  ) );
#12388 = PCURVE('',#633,#12389);
#12389 = DEFINITIONAL_REPRESENTATION('',(#12390),#12393);
#12390 = B_SPLINE_CURVE_WITH_KNOTS('',1,(#12391,#12392),.UNSPECIFIED.,
  .F.,.F.,(2,2),(-5.999999999999E-07,1.6200006),
  .PIECEWISE_BEZIER_KNOTS.);
#12391 = CARTESIAN_POINT('',(101.40426515965,1.00006E-02));
#12392 = CARTESIAN_POINT('',(101.40426515965,-1.6100006));
#12393 = ( GEOMETRIC_REPRESENTATION_CONTEXT(2) 
PARAMETRIC_REPRESENTATION_CONTEXT() REPRESENTATION_CONTEXT('2D SPACE',''
  ) );
#12394 = ADVANCED_FACE('',(#12395),#633,.T.);
#12395 = FACE_BOUND('',#12396,.T.);
#12396 = EDGE_LOOP('',(#12397,#12398,#12419,#12420));
#12397 = ORIENTED_EDGE('',*,*,#617,.F.);
#12398 = ORIENTED_EDGE('',*,*,#12399,.T.);
#12399 = EDGE_CURVE('',#590,#6532,#12400,.T.);
#12400 = SURFACE_CURVE('',#12401,(#12405,#12412),.PCURVE_S1.);
#12401 = LINE('',#12402,#12403);
#12402 = CARTESIAN_POINT('',(75.,-3.,0.));
#12403 = VECTOR('',#12404,1.);
#12404 = DIRECTION('',(0.,0.,1.));
#12405 = PCURVE('',#633,#12406);
#12406 = DEFINITIONAL_REPRESENTATION('',(#12407),#12411);
#12407 = LINE('',#12408,#12409);
#12408 = CARTESIAN_POINT('',(0.,0.));
#12409 = VECTOR('',#12410,1.);
#12410 = DIRECTION('',(0.,-1.));
#12411 = ( GEOMETRIC_REPRESENTATION_CONTEXT(2) 
PARAMETRIC_REPRESENTATION_CONTEXT() REPRESENTATION_CONTEXT('2D SPACE',''
  ) );
#12412 = PCURVE('',#605,#12413);
#12413 = DEFINITIONAL_REPRESENTATION('',(#12414),#12418);
#12414 = LINE('',#12415,#12416);
#12415 = CARTESIAN_POINT('',(0.336422235023,0.));
#12416 = VECTOR('',#12417,1.);
#12417 = DIRECTION('',(0.,-1.));
#12418 = ( GEOMETRIC_REPRESENTATION_CONTEXT(2) 
PARAMETRIC_REPRESENTATION_CONTEXT() REPRESENTATION_CONTEXT('2D SPACE',''
  ) );
#12419 = ORIENTED_EDGE('',*,*,#6554,.T.);
#12420 = ORIENTED_EDGE('',*,*,#12376,.F.);
#12421 = ADVANCED_FACE('',(#12422),#605,.T.);
#12422 = FACE_BOUND('',#12423,.T.);
#12423 = EDGE_LOOP('',(#12424,#12445,#12446,#12447));
#12424 = ORIENTED_EDGE('',*,*,#12425,.T.);
#12425 = EDGE_CURVE('',#562,#6509,#12426,.T.);
#12426 = SURFACE_CURVE('',#12427,(#12431,#12438),.PCURVE_S1.);
#12427 = LINE('',#12428,#12429);
#12428 = CARTESIAN_POINT('',(74.981137,-2.664107,0.));
#12429 = VECTOR('',#12430,1.);
#12430 = DIRECTION('',(0.,0.,1.));
#12431 = PCURVE('',#605,#12432);
#12432 = DEFINITIONAL_REPRESENTATION('',(#12433),#12437);
#12433 = LINE('',#12434,#12435);
#12434 = CARTESIAN_POINT('',(0.,0.));
#12435 = VECTOR('',#12436,1.);
#12436 = DIRECTION('',(0.,-1.));
#12437 = ( GEOMETRIC_REPRESENTATION_CONTEXT(2) 
PARAMETRIC_REPRESENTATION_CONTEXT() REPRESENTATION_CONTEXT('2D SPACE',''
  ) );
#12438 = PCURVE('',#577,#12439);
#12439 = DEFINITIONAL_REPRESENTATION('',(#12440),#12444);
#12440 = LINE('',#12441,#12442);
#12441 = CARTESIAN_POINT('',(0.336423318914,0.));
#12442 = VECTOR('',#12443,1.);
#12443 = DIRECTION('',(0.,-1.));
#12444 = ( GEOMETRIC_REPRESENTATION_CONTEXT(2) 
PARAMETRIC_REPRESENTATION_CONTEXT() REPRESENTATION_CONTEXT('2D SPACE',''
  ) );
#12445 = ORIENTED_EDGE('',*,*,#6531,.T.);
#12446 = ORIENTED_EDGE('',*,*,#12399,.F.);
#12447 = ORIENTED_EDGE('',*,*,#589,.F.);
#12448 = ADVANCED_FACE('',(#12449),#577,.T.);
#12449 = FACE_BOUND('',#12450,.T.);
#12450 = EDGE_LOOP('',(#12451,#12472,#12473,#12474));
#12451 = ORIENTED_EDGE('',*,*,#12452,.T.);
#12452 = EDGE_CURVE('',#534,#6486,#12453,.T.);
#12453 = SURFACE_CURVE('',#12454,(#12458,#12465),.PCURVE_S1.);
#12454 = LINE('',#12455,#12456);
#12455 = CARTESIAN_POINT('',(74.924784,-2.332437,0.));
#12456 = VECTOR('',#12457,1.);
#12457 = DIRECTION('',(0.,0.,1.));
#12458 = PCURVE('',#577,#12459);
#12459 = DEFINITIONAL_REPRESENTATION('',(#12460),#12464);
#12460 = LINE('',#12461,#12462);
#12461 = CARTESIAN_POINT('',(0.,0.));
#12462 = VECTOR('',#12463,1.);
#12463 = DIRECTION('',(0.,-1.));
#12464 = ( GEOMETRIC_REPRESENTATION_CONTEXT(2) 
PARAMETRIC_REPRESENTATION_CONTEXT() REPRESENTATION_CONTEXT('2D SPACE',''
  ) );
#12465 = PCURVE('',#549,#12466);
#12466 = DEFINITIONAL_REPRESENTATION('',(#12467),#12471);
#12467 = LINE('',#12468,#12469);
#12468 = CARTESIAN_POINT('',(0.336422384856,0.));
#12469 = VECTOR('',#12470,1.);
#12470 = DIRECTION('',(0.,-1.));
#12471 = ( GEOMETRIC_REPRESENTATION_CONTEXT(2) 
PARAMETRIC_REPRESENTATION_CONTEXT() REPRESENTATION_CONTEXT('2D SPACE',''
  ) );
#12472 = ORIENTED_EDGE('',*,*,#6508,.T.);
#12473 = ORIENTED_EDGE('',*,*,#12425,.F.);
#12474 = ORIENTED_EDGE('',*,*,#561,.F.);
#12475 = ADVANCED_FACE('',(#12476),#549,.T.);
#12476 = FACE_BOUND('',#12477,.T.);
#12477 = EDGE_LOOP('',(#12478,#12499,#12500,#12501));
#12478 = ORIENTED_EDGE('',*,*,#12479,.T.);
#12479 = EDGE_CURVE('',#506,#6463,#12480,.T.);
#12480 = SURFACE_CURVE('',#12481,(#12485,#12492),.PCURVE_S1.);
#12481 = LINE('',#12482,#12483);
#12482 = CARTESIAN_POINT('',(74.83165,-2.009163,0.));
#12483 = VECTOR('',#12484,1.);
#12484 = DIRECTION('',(0.,0.,1.));
#12485 = PCURVE('',#549,#12486);
#12486 = DEFINITIONAL_REPRESENTATION('',(#12487),#12491);
#12487 = LINE('',#12488,#12489);
#12488 = CARTESIAN_POINT('',(0.,0.));
#12489 = VECTOR('',#12490,1.);
#12490 = DIRECTION('',(0.,-1.));
#12491 = ( GEOMETRIC_REPRESENTATION_CONTEXT(2) 
PARAMETRIC_REPRESENTATION_CONTEXT() REPRESENTATION_CONTEXT('2D SPACE',''
  ) );
#12492 = PCURVE('',#521,#12493);
#12493 = DEFINITIONAL_REPRESENTATION('',(#12494),#12498);
#12494 = LINE('',#12495,#12496);
#12495 = CARTESIAN_POINT('',(0.336422506151,0.));
#12496 = VECTOR('',#12497,1.);
#12497 = DIRECTION('',(0.,-1.));
#12498 = ( GEOMETRIC_REPRESENTATION_CONTEXT(2) 
PARAMETRIC_REPRESENTATION_CONTEXT() REPRESENTATION_CONTEXT('2D SPACE',''
  ) );
#12499 = ORIENTED_EDGE('',*,*,#6485,.T.);
#12500 = ORIENTED_EDGE('',*,*,#12452,.F.);
#12501 = ORIENTED_EDGE('',*,*,#533,.F.);
#12502 = ADVANCED_FACE('',(#12503),#521,.T.);
#12503 = FACE_BOUND('',#12504,.T.);
#12504 = EDGE_LOOP('',(#12505,#12526,#12527,#12528));
#12505 = ORIENTED_EDGE('',*,*,#12506,.T.);
#12506 = EDGE_CURVE('',#478,#6440,#12507,.T.);
#12507 = SURFACE_CURVE('',#12508,(#12512,#12519),.PCURVE_S1.);
#12508 = LINE('',#12509,#12510);
#12509 = CARTESIAN_POINT('',(74.702907,-1.698349,0.));
#12510 = VECTOR('',#12511,1.);
#12511 = DIRECTION('',(0.,0.,1.));
#12512 = PCURVE('',#521,#12513);
#12513 = DEFINITIONAL_REPRESENTATION('',(#12514),#12518);
#12514 = LINE('',#12515,#12516);
#12515 = CARTESIAN_POINT('',(0.,0.));
#12516 = VECTOR('',#12517,1.);
#12517 = DIRECTION('',(0.,-1.));
#12518 = ( GEOMETRIC_REPRESENTATION_CONTEXT(2) 
PARAMETRIC_REPRESENTATION_CONTEXT() REPRESENTATION_CONTEXT('2D SPACE',''
  ) );
#12519 = PCURVE('',#493,#12520);
#12520 = DEFINITIONAL_REPRESENTATION('',(#12521),#12525);
#12521 = LINE('',#12522,#12523);
#12522 = CARTESIAN_POINT('',(0.336422669838,0.));
#12523 = VECTOR('',#12524,1.);
#12524 = DIRECTION('',(0.,-1.));
#12525 = ( GEOMETRIC_REPRESENTATION_CONTEXT(2) 
PARAMETRIC_REPRESENTATION_CONTEXT() REPRESENTATION_CONTEXT('2D SPACE',''
  ) );
#12526 = ORIENTED_EDGE('',*,*,#6462,.T.);
#12527 = ORIENTED_EDGE('',*,*,#12479,.F.);
#12528 = ORIENTED_EDGE('',*,*,#505,.F.);
#12529 = ADVANCED_FACE('',(#12530),#493,.T.);
#12530 = FACE_BOUND('',#12531,.T.);
#12531 = EDGE_LOOP('',(#12532,#12553,#12554,#12555));
#12532 = ORIENTED_EDGE('',*,*,#12533,.T.);
#12533 = EDGE_CURVE('',#450,#6417,#12534,.T.);
#12534 = SURFACE_CURVE('',#12535,(#12539,#12546),.PCURVE_S1.);
#12535 = LINE('',#12536,#12537);
#12536 = CARTESIAN_POINT('',(74.540173,-1.403904,0.));
#12537 = VECTOR('',#12538,1.);
#12538 = DIRECTION('',(0.,0.,1.));
#12539 = PCURVE('',#493,#12540);
#12540 = DEFINITIONAL_REPRESENTATION('',(#12541),#12545);
#12541 = LINE('',#12542,#12543);
#12542 = CARTESIAN_POINT('',(0.,0.));
#12543 = VECTOR('',#12544,1.);
#12544 = DIRECTION('',(0.,-1.));
#12545 = ( GEOMETRIC_REPRESENTATION_CONTEXT(2) 
PARAMETRIC_REPRESENTATION_CONTEXT() REPRESENTATION_CONTEXT('2D SPACE',''
  ) );
#12546 = PCURVE('',#465,#12547);
#12547 = DEFINITIONAL_REPRESENTATION('',(#12548),#12552);
#12548 = LINE('',#12549,#12550);
#12549 = CARTESIAN_POINT('',(0.336423031569,0.));
#12550 = VECTOR('',#12551,1.);
#12551 = DIRECTION('',(0.,-1.));
#12552 = ( GEOMETRIC_REPRESENTATION_CONTEXT(2) 
PARAMETRIC_REPRESENTATION_CONTEXT() REPRESENTATION_CONTEXT('2D SPACE',''
  ) );
#12553 = ORIENTED_EDGE('',*,*,#6439,.T.);
#12554 = ORIENTED_EDGE('',*,*,#12506,.F.);
#12555 = ORIENTED_EDGE('',*,*,#477,.F.);
#12556 = ADVANCED_FACE('',(#12557),#465,.T.);
#12557 = FACE_BOUND('',#12558,.T.);
#12558 = EDGE_LOOP('',(#12559,#12580,#12581,#12582));
#12559 = ORIENTED_EDGE('',*,*,#12560,.T.);
#12560 = EDGE_CURVE('',#422,#6394,#12561,.T.);
#12561 = SURFACE_CURVE('',#12562,(#12566,#12573),.PCURVE_S1.);
#12562 = LINE('',#12563,#12564);
#12563 = CARTESIAN_POINT('',(74.345494,-1.129531,0.));
#12564 = VECTOR('',#12565,1.);
#12565 = DIRECTION('',(0.,0.,1.));
#12566 = PCURVE('',#465,#12567);
#12567 = DEFINITIONAL_REPRESENTATION('',(#12568),#12572);
#12568 = LINE('',#12569,#12570);
#12569 = CARTESIAN_POINT('',(0.,0.));
#12570 = VECTOR('',#12571,1.);
#12571 = DIRECTION('',(0.,-1.));
#12572 = ( GEOMETRIC_REPRESENTATION_CONTEXT(2) 
PARAMETRIC_REPRESENTATION_CONTEXT() REPRESENTATION_CONTEXT('2D SPACE',''
  ) );
#12573 = PCURVE('',#437,#12574);
#12574 = DEFINITIONAL_REPRESENTATION('',(#12575),#12579);
#12575 = LINE('',#12576,#12577);
#12576 = CARTESIAN_POINT('',(0.336422660469,0.));
#12577 = VECTOR('',#12578,1.);
#12578 = DIRECTION('',(0.,-1.));
#12579 = ( GEOMETRIC_REPRESENTATION_CONTEXT(2) 
PARAMETRIC_REPRESENTATION_CONTEXT() REPRESENTATION_CONTEXT('2D SPACE',''
  ) );
#12580 = ORIENTED_EDGE('',*,*,#6416,.T.);
#12581 = ORIENTED_EDGE('',*,*,#12533,.F.);
#12582 = ORIENTED_EDGE('',*,*,#449,.F.);
#12583 = ADVANCED_FACE('',(#12584),#437,.T.);
#12584 = FACE_BOUND('',#12585,.T.);
#12585 = EDGE_LOOP('',(#12586,#12607,#12608,#12609));
#12586 = ORIENTED_EDGE('',*,*,#12587,.T.);
#12587 = EDGE_CURVE('',#394,#6371,#12588,.T.);
#12588 = SURFACE_CURVE('',#12589,(#12593,#12600),.PCURVE_S1.);
#12589 = LINE('',#12590,#12591);
#12590 = CARTESIAN_POINT('',(74.12132,-0.87868,0.));
#12591 = VECTOR('',#12592,1.);
#12592 = DIRECTION('',(0.,0.,1.));
#12593 = PCURVE('',#437,#12594);
#12594 = DEFINITIONAL_REPRESENTATION('',(#12595),#12599);
#12595 = LINE('',#12596,#12597);
#12596 = CARTESIAN_POINT('',(0.,0.));
#12597 = VECTOR('',#12598,1.);
#12598 = DIRECTION('',(0.,-1.));
#12599 = ( GEOMETRIC_REPRESENTATION_CONTEXT(2) 
PARAMETRIC_REPRESENTATION_CONTEXT() REPRESENTATION_CONTEXT('2D SPACE',''
  ) );
#12600 = PCURVE('',#409,#12601);
#12601 = DEFINITIONAL_REPRESENTATION('',(#12602),#12606);
#12602 = LINE('',#12603,#12604);
#12603 = CARTESIAN_POINT('',(0.336422660469,0.));
#12604 = VECTOR('',#12605,1.);
#12605 = DIRECTION('',(0.,-1.));
#12606 = ( GEOMETRIC_REPRESENTATION_CONTEXT(2) 
PARAMETRIC_REPRESENTATION_CONTEXT() REPRESENTATION_CONTEXT('2D SPACE',''
  ) );
#12607 = ORIENTED_EDGE('',*,*,#6393,.T.);
#12608 = ORIENTED_EDGE('',*,*,#12560,.F.);
#12609 = ORIENTED_EDGE('',*,*,#421,.F.);
#12610 = ADVANCED_FACE('',(#12611),#409,.T.);
#12611 = FACE_BOUND('',#12612,.T.);
#12612 = EDGE_LOOP('',(#12613,#12634,#12635,#12636));
#12613 = ORIENTED_EDGE('',*,*,#12614,.T.);
#12614 = EDGE_CURVE('',#366,#6348,#12615,.T.);
#12615 = SURFACE_CURVE('',#12616,(#12620,#12627),.PCURVE_S1.);
#12616 = LINE('',#12617,#12618);
#12617 = CARTESIAN_POINT('',(73.870469,-0.654506,0.));
#12618 = VECTOR('',#12619,1.);
#12619 = DIRECTION('',(0.,0.,1.));
#12620 = PCURVE('',#409,#12621);
#12621 = DEFINITIONAL_REPRESENTATION('',(#12622),#12626);
#12622 = LINE('',#12623,#12624);
#12623 = CARTESIAN_POINT('',(0.,0.));
#12624 = VECTOR('',#12625,1.);
#12625 = DIRECTION('',(0.,-1.));
#12626 = ( GEOMETRIC_REPRESENTATION_CONTEXT(2) 
PARAMETRIC_REPRESENTATION_CONTEXT() REPRESENTATION_CONTEXT('2D SPACE',''
  ) );
#12627 = PCURVE('',#381,#12628);
#12628 = DEFINITIONAL_REPRESENTATION('',(#12629),#12633);
#12629 = LINE('',#12630,#12631);
#12630 = CARTESIAN_POINT('',(0.336423031569,0.));
#12631 = VECTOR('',#12632,1.);
#12632 = DIRECTION('',(0.,-1.));
#12633 = ( GEOMETRIC_REPRESENTATION_CONTEXT(2) 
PARAMETRIC_REPRESENTATION_CONTEXT() REPRESENTATION_CONTEXT('2D SPACE',''
  ) );
#12634 = ORIENTED_EDGE('',*,*,#6370,.T.);
#12635 = ORIENTED_EDGE('',*,*,#12587,.F.);
#12636 = ORIENTED_EDGE('',*,*,#393,.F.);
#12637 = ADVANCED_FACE('',(#12638),#381,.T.);
#12638 = FACE_BOUND('',#12639,.T.);
#12639 = EDGE_LOOP('',(#12640,#12661,#12662,#12663));
#12640 = ORIENTED_EDGE('',*,*,#12641,.T.);
#12641 = EDGE_CURVE('',#338,#6325,#12642,.T.);
#12642 = SURFACE_CURVE('',#12643,(#12647,#12654),.PCURVE_S1.);
#12643 = LINE('',#12644,#12645);
#12644 = CARTESIAN_POINT('',(73.596096,-0.459827,0.));
#12645 = VECTOR('',#12646,1.);
#12646 = DIRECTION('',(0.,0.,1.));
#12647 = PCURVE('',#381,#12648);
#12648 = DEFINITIONAL_REPRESENTATION('',(#12649),#12653);
#12649 = LINE('',#12650,#12651);
#12650 = CARTESIAN_POINT('',(0.,0.));
#12651 = VECTOR('',#12652,1.);
#12652 = DIRECTION('',(0.,-1.));
#12653 = ( GEOMETRIC_REPRESENTATION_CONTEXT(2) 
PARAMETRIC_REPRESENTATION_CONTEXT() REPRESENTATION_CONTEXT('2D SPACE',''
  ) );
#12654 = PCURVE('',#353,#12655);
#12655 = DEFINITIONAL_REPRESENTATION('',(#12656),#12660);
#12656 = LINE('',#12657,#12658);
#12657 = CARTESIAN_POINT('',(0.336422669838,0.));
#12658 = VECTOR('',#12659,1.);
#12659 = DIRECTION('',(0.,-1.));
#12660 = ( GEOMETRIC_REPRESENTATION_CONTEXT(2) 
PARAMETRIC_REPRESENTATION_CONTEXT() REPRESENTATION_CONTEXT('2D SPACE',''
  ) );
#12661 = ORIENTED_EDGE('',*,*,#6347,.T.);
#12662 = ORIENTED_EDGE('',*,*,#12614,.F.);
#12663 = ORIENTED_EDGE('',*,*,#365,.F.);
#12664 = ADVANCED_FACE('',(#12665),#353,.T.);
#12665 = FACE_BOUND('',#12666,.T.);
#12666 = EDGE_LOOP('',(#12667,#12668,#12669,#12670));
#12667 = ORIENTED_EDGE('',*,*,#11135,.T.);
#12668 = ORIENTED_EDGE('',*,*,#6324,.T.);
#12669 = ORIENTED_EDGE('',*,*,#12641,.F.);
#12670 = ORIENTED_EDGE('',*,*,#337,.F.);
#12671 = ADVANCED_FACE('',(#12672),#1982,.F.);
#12672 = FACE_BOUND('',#12673,.F.);
#12673 = EDGE_LOOP('',(#12674,#12675,#12696,#12697));
#12674 = ORIENTED_EDGE('',*,*,#7663,.F.);
#12675 = ORIENTED_EDGE('',*,*,#12676,.F.);
#12676 = EDGE_CURVE('',#1962,#7664,#12677,.T.);
#12677 = SEAM_CURVE('',#12678,(#12682,#12689),.PCURVE_S1.);
#12678 = LINE('',#12679,#12680);
#12679 = CARTESIAN_POINT('',(72.6,-106.,-1.E-02));
#12680 = VECTOR('',#12681,1.);
#12681 = DIRECTION('',(0.,0.,1.));
#12682 = PCURVE('',#1982,#12683);
#12683 = DEFINITIONAL_REPRESENTATION('',(#12684),#12688);
#12684 = LINE('',#12685,#12686);
#12685 = CARTESIAN_POINT('',(6.28318530718,-0.));
#12686 = VECTOR('',#12687,1.);
#12687 = DIRECTION('',(0.,1.));
#12688 = ( GEOMETRIC_REPRESENTATION_CONTEXT(2) 
PARAMETRIC_REPRESENTATION_CONTEXT() REPRESENTATION_CONTEXT('2D SPACE',''
  ) );
#12689 = PCURVE('',#1982,#12690);
#12690 = DEFINITIONAL_REPRESENTATION('',(#12691),#12695);
#12691 = LINE('',#12692,#12693);
#12692 = CARTESIAN_POINT('',(0.,-0.));
#12693 = VECTOR('',#12694,1.);
#12694 = DIRECTION('',(0.,1.));
#12695 = ( GEOMETRIC_REPRESENTATION_CONTEXT(2) 
PARAMETRIC_REPRESENTATION_CONTEXT() REPRESENTATION_CONTEXT('2D SPACE',''
  ) );
#12696 = ORIENTED_EDGE('',*,*,#1961,.T.);
#12697 = ORIENTED_EDGE('',*,*,#12676,.T.);
#12698 = ADVANCED_FACE('',(#12699),#2017,.F.);
#12699 = FACE_BOUND('',#12700,.F.);
#12700 = EDGE_LOOP('',(#12701,#12702,#12723,#12724));
#12701 = ORIENTED_EDGE('',*,*,#7693,.F.);
#12702 = ORIENTED_EDGE('',*,*,#12703,.F.);
#12703 = EDGE_CURVE('',#1997,#7694,#12704,.T.);
#12704 = SEAM_CURVE('',#12705,(#12709,#12716),.PCURVE_S1.);
#12705 = LINE('',#12706,#12707);
#12706 = CARTESIAN_POINT('',(68.66,-101.025,-1.E-02));
#12707 = VECTOR('',#12708,1.);
#12708 = DIRECTION('',(0.,0.,1.));
#12709 = PCURVE('',#2017,#12710);
#12710 = DEFINITIONAL_REPRESENTATION('',(#12711),#12715);
#12711 = LINE('',#12712,#12713);
#12712 = CARTESIAN_POINT('',(6.28318530718,-0.));
#12713 = VECTOR('',#12714,1.);
#12714 = DIRECTION('',(0.,1.));
#12715 = ( GEOMETRIC_REPRESENTATION_CONTEXT(2) 
PARAMETRIC_REPRESENTATION_CONTEXT() REPRESENTATION_CONTEXT('2D SPACE',''
  ) );
#12716 = PCURVE('',#2017,#12717);
#12717 = DEFINITIONAL_REPRESENTATION('',(#12718),#12722);
#12718 = LINE('',#12719,#12720);
#12719 = CARTESIAN_POINT('',(0.,-0.));
#12720 = VECTOR('',#12721,1.);
#12721 = DIRECTION('',(0.,1.));
#12722 = ( GEOMETRIC_REPRESENTATION_CONTEXT(2) 
PARAMETRIC_REPRESENTATION_CONTEXT() REPRESENTATION_CONTEXT('2D SPACE',''
  ) );
#12723 = ORIENTED_EDGE('',*,*,#1996,.T.);
#12724 = ORIENTED_EDGE('',*,*,#12703,.T.);
#12725 = ADVANCED_FACE('',(#12726),#2052,.F.);
#12726 = FACE_BOUND('',#12727,.F.);
#12727 = EDGE_LOOP('',(#12728,#12729,#12750,#12751));
#12728 = ORIENTED_EDGE('',*,*,#7723,.F.);
#12729 = ORIENTED_EDGE('',*,*,#12730,.F.);
#12730 = EDGE_CURVE('',#2032,#7724,#12731,.T.);
#12731 = SEAM_CURVE('',#12732,(#12736,#12743),.PCURVE_S1.);
#12732 = LINE('',#12733,#12734);
#12733 = CARTESIAN_POINT('',(68.66,-96.025,-1.E-02));
#12734 = VECTOR('',#12735,1.);
#12735 = DIRECTION('',(0.,0.,1.));
#12736 = PCURVE('',#2052,#12737);
#12737 = DEFINITIONAL_REPRESENTATION('',(#12738),#12742);
#12738 = LINE('',#12739,#12740);
#12739 = CARTESIAN_POINT('',(6.28318530718,-0.));
#12740 = VECTOR('',#12741,1.);
#12741 = DIRECTION('',(0.,1.));
#12742 = ( GEOMETRIC_REPRESENTATION_CONTEXT(2) 
PARAMETRIC_REPRESENTATION_CONTEXT() REPRESENTATION_CONTEXT('2D SPACE',''
  ) );
#12743 = PCURVE('',#2052,#12744);
#12744 = DEFINITIONAL_REPRESENTATION('',(#12745),#12749);
#12745 = LINE('',#12746,#12747);
#12746 = CARTESIAN_POINT('',(0.,-0.));
#12747 = VECTOR('',#12748,1.);
#12748 = DIRECTION('',(0.,1.));
#12749 = ( GEOMETRIC_REPRESENTATION_CONTEXT(2) 
PARAMETRIC_REPRESENTATION_CONTEXT() REPRESENTATION_CONTEXT('2D SPACE',''
  ) );
#12750 = ORIENTED_EDGE('',*,*,#2031,.T.);
#12751 = ORIENTED_EDGE('',*,*,#12730,.T.);
#12752 = ADVANCED_FACE('',(#12753),#2087,.F.);
#12753 = FACE_BOUND('',#12754,.F.);
#12754 = EDGE_LOOP('',(#12755,#12756,#12777,#12778));
#12755 = ORIENTED_EDGE('',*,*,#7753,.F.);
#12756 = ORIENTED_EDGE('',*,*,#12757,.F.);
#12757 = EDGE_CURVE('',#2067,#7754,#12758,.T.);
#12758 = SEAM_CURVE('',#12759,(#12763,#12770),.PCURVE_S1.);
#12759 = LINE('',#12760,#12761);
#12760 = CARTESIAN_POINT('',(60.65,-105.,-1.E-02));
#12761 = VECTOR('',#12762,1.);
#12762 = DIRECTION('',(0.,0.,1.));
#12763 = PCURVE('',#2087,#12764);
#12764 = DEFINITIONAL_REPRESENTATION('',(#12765),#12769);
#12765 = LINE('',#12766,#12767);
#12766 = CARTESIAN_POINT('',(6.28318530718,-0.));
#12767 = VECTOR('',#12768,1.);
#12768 = DIRECTION('',(0.,1.));
#12769 = ( GEOMETRIC_REPRESENTATION_CONTEXT(2) 
PARAMETRIC_REPRESENTATION_CONTEXT() REPRESENTATION_CONTEXT('2D SPACE',''
  ) );
#12770 = PCURVE('',#2087,#12771);
#12771 = DEFINITIONAL_REPRESENTATION('',(#12772),#12776);
#12772 = LINE('',#12773,#12774);
#12773 = CARTESIAN_POINT('',(0.,-0.));
#12774 = VECTOR('',#12775,1.);
#12775 = DIRECTION('',(0.,1.));
#12776 = ( GEOMETRIC_REPRESENTATION_CONTEXT(2) 
PARAMETRIC_REPRESENTATION_CONTEXT() REPRESENTATION_CONTEXT('2D SPACE',''
  ) );
#12777 = ORIENTED_EDGE('',*,*,#2066,.T.);
#12778 = ORIENTED_EDGE('',*,*,#12757,.T.);
#12779 = ADVANCED_FACE('',(#12780),#2122,.F.);
#12780 = FACE_BOUND('',#12781,.F.);
#12781 = EDGE_LOOP('',(#12782,#12783,#12804,#12805));
#12782 = ORIENTED_EDGE('',*,*,#7783,.F.);
#12783 = ORIENTED_EDGE('',*,*,#12784,.F.);
#12784 = EDGE_CURVE('',#2102,#7784,#12785,.T.);
#12785 = SEAM_CURVE('',#12786,(#12790,#12797),.PCURVE_S1.);
#12786 = LINE('',#12787,#12788);
#12787 = CARTESIAN_POINT('',(58.02,-102.54,-1.E-02));
#12788 = VECTOR('',#12789,1.);
#12789 = DIRECTION('',(0.,0.,1.));
#12790 = PCURVE('',#2122,#12791);
#12791 = DEFINITIONAL_REPRESENTATION('',(#12792),#12796);
#12792 = LINE('',#12793,#12794);
#12793 = CARTESIAN_POINT('',(6.28318530718,-0.));
#12794 = VECTOR('',#12795,1.);
#12795 = DIRECTION('',(0.,1.));
#12796 = ( GEOMETRIC_REPRESENTATION_CONTEXT(2) 
PARAMETRIC_REPRESENTATION_CONTEXT() REPRESENTATION_CONTEXT('2D SPACE',''
  ) );
#12797 = PCURVE('',#2122,#12798);
#12798 = DEFINITIONAL_REPRESENTATION('',(#12799),#12803);
#12799 = LINE('',#12800,#12801);
#12800 = CARTESIAN_POINT('',(0.,-0.));
#12801 = VECTOR('',#12802,1.);
#12802 = DIRECTION('',(0.,1.));
#12803 = ( GEOMETRIC_REPRESENTATION_CONTEXT(2) 
PARAMETRIC_REPRESENTATION_CONTEXT() REPRESENTATION_CONTEXT('2D SPACE',''
  ) );
#12804 = ORIENTED_EDGE('',*,*,#2101,.T.);
#12805 = ORIENTED_EDGE('',*,*,#12784,.T.);
#12806 = ADVANCED_FACE('',(#12807),#2157,.F.);
#12807 = FACE_BOUND('',#12808,.F.);
#12808 = EDGE_LOOP('',(#12809,#12810,#12831,#12832));
#12809 = ORIENTED_EDGE('',*,*,#7813,.F.);
#12810 = ORIENTED_EDGE('',*,*,#12811,.F.);
#12811 = EDGE_CURVE('',#2137,#7814,#12812,.T.);
#12812 = SEAM_CURVE('',#12813,(#12817,#12824),.PCURVE_S1.);
#12813 = LINE('',#12814,#12815);
#12814 = CARTESIAN_POINT('',(60.65,-97.5,-1.E-02));
#12815 = VECTOR('',#12816,1.);
#12816 = DIRECTION('',(0.,0.,1.));
#12817 = PCURVE('',#2157,#12818);
#12818 = DEFINITIONAL_REPRESENTATION('',(#12819),#12823);
#12819 = LINE('',#12820,#12821);
#12820 = CARTESIAN_POINT('',(6.28318530718,-0.));
#12821 = VECTOR('',#12822,1.);
#12822 = DIRECTION('',(0.,1.));
#12823 = ( GEOMETRIC_REPRESENTATION_CONTEXT(2) 
PARAMETRIC_REPRESENTATION_CONTEXT() REPRESENTATION_CONTEXT('2D SPACE',''
  ) );
#12824 = PCURVE('',#2157,#12825);
#12825 = DEFINITIONAL_REPRESENTATION('',(#12826),#12830);
#12826 = LINE('',#12827,#12828);
#12827 = CARTESIAN_POINT('',(0.,-0.));
#12828 = VECTOR('',#12829,1.);
#12829 = DIRECTION('',(0.,1.));
#12830 = ( GEOMETRIC_REPRESENTATION_CONTEXT(2) 
PARAMETRIC_REPRESENTATION_CONTEXT() REPRESENTATION_CONTEXT('2D SPACE',''
  ) );
#12831 = ORIENTED_EDGE('',*,*,#2136,.T.);
#12832 = ORIENTED_EDGE('',*,*,#12811,.T.);
#12833 = ADVANCED_FACE('',(#12834),#2192,.F.);
#12834 = FACE_BOUND('',#12835,.F.);
#12835 = EDGE_LOOP('',(#12836,#12837,#12858,#12859));
#12836 = ORIENTED_EDGE('',*,*,#7843,.F.);
#12837 = ORIENTED_EDGE('',*,*,#12838,.F.);
#12838 = EDGE_CURVE('',#2172,#7844,#12839,.T.);
#12839 = SEAM_CURVE('',#12840,(#12844,#12851),.PCURVE_S1.);
#12840 = LINE('',#12841,#12842);
#12841 = CARTESIAN_POINT('',(58.02,-100.,-1.E-02));
#12842 = VECTOR('',#12843,1.);
#12843 = DIRECTION('',(0.,0.,1.));
#12844 = PCURVE('',#2192,#12845);
#12845 = DEFINITIONAL_REPRESENTATION('',(#12846),#12850);
#12846 = LINE('',#12847,#12848);
#12847 = CARTESIAN_POINT('',(6.28318530718,-0.));
#12848 = VECTOR('',#12849,1.);
#12849 = DIRECTION('',(0.,1.));
#12850 = ( GEOMETRIC_REPRESENTATION_CONTEXT(2) 
PARAMETRIC_REPRESENTATION_CONTEXT() REPRESENTATION_CONTEXT('2D SPACE',''
  ) );
#12851 = PCURVE('',#2192,#12852);
#12852 = DEFINITIONAL_REPRESENTATION('',(#12853),#12857);
#12853 = LINE('',#12854,#12855);
#12854 = CARTESIAN_POINT('',(0.,-0.));
#12855 = VECTOR('',#12856,1.);
#12856 = DIRECTION('',(0.,1.));
#12857 = ( GEOMETRIC_REPRESENTATION_CONTEXT(2) 
PARAMETRIC_REPRESENTATION_CONTEXT() REPRESENTATION_CONTEXT('2D SPACE',''
  ) );
#12858 = ORIENTED_EDGE('',*,*,#2171,.T.);
#12859 = ORIENTED_EDGE('',*,*,#12838,.T.);
#12860 = ADVANCED_FACE('',(#12861),#2227,.F.);
#12861 = FACE_BOUND('',#12862,.F.);
#12862 = EDGE_LOOP('',(#12863,#12864,#12885,#12886));
#12863 = ORIENTED_EDGE('',*,*,#7873,.F.);
#12864 = ORIENTED_EDGE('',*,*,#12865,.F.);
#12865 = EDGE_CURVE('',#2207,#7874,#12866,.T.);
#12866 = SEAM_CURVE('',#12867,(#12871,#12878),.PCURVE_S1.);
#12867 = LINE('',#12868,#12869);
#12868 = CARTESIAN_POINT('',(73.2,-87.895,-1.E-02));
#12869 = VECTOR('',#12870,1.);
#12870 = DIRECTION('',(0.,0.,1.));
#12871 = PCURVE('',#2227,#12872);
#12872 = DEFINITIONAL_REPRESENTATION('',(#12873),#12877);
#12873 = LINE('',#12874,#12875);
#12874 = CARTESIAN_POINT('',(6.28318530718,-0.));
#12875 = VECTOR('',#12876,1.);
#12876 = DIRECTION('',(0.,1.));
#12877 = ( GEOMETRIC_REPRESENTATION_CONTEXT(2) 
PARAMETRIC_REPRESENTATION_CONTEXT() REPRESENTATION_CONTEXT('2D SPACE',''
  ) );
#12878 = PCURVE('',#2227,#12879);
#12879 = DEFINITIONAL_REPRESENTATION('',(#12880),#12884);
#12880 = LINE('',#12881,#12882);
#12881 = CARTESIAN_POINT('',(0.,-0.));
#12882 = VECTOR('',#12883,1.);
#12883 = DIRECTION('',(0.,1.));
#12884 = ( GEOMETRIC_REPRESENTATION_CONTEXT(2) 
PARAMETRIC_REPRESENTATION_CONTEXT() REPRESENTATION_CONTEXT('2D SPACE',''
  ) );
#12885 = ORIENTED_EDGE('',*,*,#2206,.T.);
#12886 = ORIENTED_EDGE('',*,*,#12865,.T.);
#12887 = ADVANCED_FACE('',(#12888),#2262,.F.);
#12888 = FACE_BOUND('',#12889,.F.);
#12889 = EDGE_LOOP('',(#12890,#12891,#12912,#12913));
#12890 = ORIENTED_EDGE('',*,*,#7903,.F.);
#12891 = ORIENTED_EDGE('',*,*,#12892,.F.);
#12892 = EDGE_CURVE('',#2242,#7904,#12893,.T.);
#12893 = SEAM_CURVE('',#12894,(#12898,#12905),.PCURVE_S1.);
#12894 = LINE('',#12895,#12896);
#12895 = CARTESIAN_POINT('',(70.66,-87.895,-1.E-02));
#12896 = VECTOR('',#12897,1.);
#12897 = DIRECTION('',(0.,0.,1.));
#12898 = PCURVE('',#2262,#12899);
#12899 = DEFINITIONAL_REPRESENTATION('',(#12900),#12904);
#12900 = LINE('',#12901,#12902);
#12901 = CARTESIAN_POINT('',(6.28318530718,-0.));
#12902 = VECTOR('',#12903,1.);
#12903 = DIRECTION('',(0.,1.));
#12904 = ( GEOMETRIC_REPRESENTATION_CONTEXT(2) 
PARAMETRIC_REPRESENTATION_CONTEXT() REPRESENTATION_CONTEXT('2D SPACE',''
  ) );
#12905 = PCURVE('',#2262,#12906);
#12906 = DEFINITIONAL_REPRESENTATION('',(#12907),#12911);
#12907 = LINE('',#12908,#12909);
#12908 = CARTESIAN_POINT('',(0.,-0.));
#12909 = VECTOR('',#12910,1.);
#12910 = DIRECTION('',(0.,1.));
#12911 = ( GEOMETRIC_REPRESENTATION_CONTEXT(2) 
PARAMETRIC_REPRESENTATION_CONTEXT() REPRESENTATION_CONTEXT('2D SPACE',''
  ) );
#12912 = ORIENTED_EDGE('',*,*,#2241,.T.);
#12913 = ORIENTED_EDGE('',*,*,#12892,.T.);
#12914 = ADVANCED_FACE('',(#12915),#2297,.F.);
#12915 = FACE_BOUND('',#12916,.F.);
#12916 = EDGE_LOOP('',(#12917,#12918,#12939,#12940));
#12917 = ORIENTED_EDGE('',*,*,#7933,.F.);
#12918 = ORIENTED_EDGE('',*,*,#12919,.F.);
#12919 = EDGE_CURVE('',#2277,#7934,#12920,.T.);
#12920 = SEAM_CURVE('',#12921,(#12925,#12932),.PCURVE_S1.);
#12921 = LINE('',#12922,#12923);
#12922 = CARTESIAN_POINT('',(68.66,-91.025,-1.E-02));
#12923 = VECTOR('',#12924,1.);
#12924 = DIRECTION('',(0.,0.,1.));
#12925 = PCURVE('',#2297,#12926);
#12926 = DEFINITIONAL_REPRESENTATION('',(#12927),#12931);
#12927 = LINE('',#12928,#12929);
#12928 = CARTESIAN_POINT('',(6.28318530718,-0.));
#12929 = VECTOR('',#12930,1.);
#12930 = DIRECTION('',(0.,1.));
#12931 = ( GEOMETRIC_REPRESENTATION_CONTEXT(2) 
PARAMETRIC_REPRESENTATION_CONTEXT() REPRESENTATION_CONTEXT('2D SPACE',''
  ) );
#12932 = PCURVE('',#2297,#12933);
#12933 = DEFINITIONAL_REPRESENTATION('',(#12934),#12938);
#12934 = LINE('',#12935,#12936);
#12935 = CARTESIAN_POINT('',(0.,-0.));
#12936 = VECTOR('',#12937,1.);
#12937 = DIRECTION('',(0.,1.));
#12938 = ( GEOMETRIC_REPRESENTATION_CONTEXT(2) 
PARAMETRIC_REPRESENTATION_CONTEXT() REPRESENTATION_CONTEXT('2D SPACE',''
  ) );
#12939 = ORIENTED_EDGE('',*,*,#2276,.T.);
#12940 = ORIENTED_EDGE('',*,*,#12919,.T.);
#12941 = ADVANCED_FACE('',(#12942),#2332,.F.);
#12942 = FACE_BOUND('',#12943,.F.);
#12943 = EDGE_LOOP('',(#12944,#12945,#12966,#12967));
#12944 = ORIENTED_EDGE('',*,*,#7963,.F.);
#12945 = ORIENTED_EDGE('',*,*,#12946,.F.);
#12946 = EDGE_CURVE('',#2312,#7964,#12947,.T.);
#12947 = SEAM_CURVE('',#12948,(#12952,#12959),.PCURVE_S1.);
#12948 = LINE('',#12949,#12950);
#12949 = CARTESIAN_POINT('',(68.12,-87.895,-1.E-02));
#12950 = VECTOR('',#12951,1.);
#12951 = DIRECTION('',(0.,0.,1.));
#12952 = PCURVE('',#2332,#12953);
#12953 = DEFINITIONAL_REPRESENTATION('',(#12954),#12958);
#12954 = LINE('',#12955,#12956);
#12955 = CARTESIAN_POINT('',(6.28318530718,-0.));
#12956 = VECTOR('',#12957,1.);
#12957 = DIRECTION('',(0.,1.));
#12958 = ( GEOMETRIC_REPRESENTATION_CONTEXT(2) 
PARAMETRIC_REPRESENTATION_CONTEXT() REPRESENTATION_CONTEXT('2D SPACE',''
  ) );
#12959 = PCURVE('',#2332,#12960);
#12960 = DEFINITIONAL_REPRESENTATION('',(#12961),#12965);
#12961 = LINE('',#12962,#12963);
#12962 = CARTESIAN_POINT('',(0.,-0.));
#12963 = VECTOR('',#12964,1.);
#12964 = DIRECTION('',(0.,1.));
#12965 = ( GEOMETRIC_REPRESENTATION_CONTEXT(2) 
PARAMETRIC_REPRESENTATION_CONTEXT() REPRESENTATION_CONTEXT('2D SPACE',''
  ) );
#12966 = ORIENTED_EDGE('',*,*,#2311,.T.);
#12967 = ORIENTED_EDGE('',*,*,#12946,.T.);
#12968 = ADVANCED_FACE('',(#12969),#2367,.F.);
#12969 = FACE_BOUND('',#12970,.F.);
#12970 = EDGE_LOOP('',(#12971,#12972,#12993,#12994));
#12971 = ORIENTED_EDGE('',*,*,#7993,.F.);
#12972 = ORIENTED_EDGE('',*,*,#12973,.F.);
#12973 = EDGE_CURVE('',#2347,#7994,#12974,.T.);
#12974 = SEAM_CURVE('',#12975,(#12979,#12986),.PCURVE_S1.);
#12975 = LINE('',#12976,#12977);
#12976 = CARTESIAN_POINT('',(65.58,-87.895,-1.E-02));
#12977 = VECTOR('',#12978,1.);
#12978 = DIRECTION('',(0.,0.,1.));
#12979 = PCURVE('',#2367,#12980);
#12980 = DEFINITIONAL_REPRESENTATION('',(#12981),#12985);
#12981 = LINE('',#12982,#12983);
#12982 = CARTESIAN_POINT('',(6.28318530718,-0.));
#12983 = VECTOR('',#12984,1.);
#12984 = DIRECTION('',(0.,1.));
#12985 = ( GEOMETRIC_REPRESENTATION_CONTEXT(2) 
PARAMETRIC_REPRESENTATION_CONTEXT() REPRESENTATION_CONTEXT('2D SPACE',''
  ) );
#12986 = PCURVE('',#2367,#12987);
#12987 = DEFINITIONAL_REPRESENTATION('',(#12988),#12992);
#12988 = LINE('',#12989,#12990);
#12989 = CARTESIAN_POINT('',(0.,-0.));
#12990 = VECTOR('',#12991,1.);
#12991 = DIRECTION('',(0.,1.));
#12992 = ( GEOMETRIC_REPRESENTATION_CONTEXT(2) 
PARAMETRIC_REPRESENTATION_CONTEXT() REPRESENTATION_CONTEXT('2D SPACE',''
  ) );
#12993 = ORIENTED_EDGE('',*,*,#2346,.T.);
#12994 = ORIENTED_EDGE('',*,*,#12973,.T.);
#12995 = ADVANCED_FACE('',(#12996),#2402,.F.);
#12996 = FACE_BOUND('',#12997,.F.);
#12997 = EDGE_LOOP('',(#12998,#12999,#13020,#13021));
#12998 = ORIENTED_EDGE('',*,*,#8023,.F.);
#12999 = ORIENTED_EDGE('',*,*,#13000,.F.);
#13000 = EDGE_CURVE('',#2382,#8024,#13001,.T.);
#13001 = SEAM_CURVE('',#13002,(#13006,#13013),.PCURVE_S1.);
#13002 = LINE('',#13003,#13004);
#13003 = CARTESIAN_POINT('',(63.04,-87.895,-1.E-02));
#13004 = VECTOR('',#13005,1.);
#13005 = DIRECTION('',(0.,0.,1.));
#13006 = PCURVE('',#2402,#13007);
#13007 = DEFINITIONAL_REPRESENTATION('',(#13008),#13012);
#13008 = LINE('',#13009,#13010);
#13009 = CARTESIAN_POINT('',(6.28318530718,-0.));
#13010 = VECTOR('',#13011,1.);
#13011 = DIRECTION('',(0.,1.));
#13012 = ( GEOMETRIC_REPRESENTATION_CONTEXT(2) 
PARAMETRIC_REPRESENTATION_CONTEXT() REPRESENTATION_CONTEXT('2D SPACE',''
  ) );
#13013 = PCURVE('',#2402,#13014);
#13014 = DEFINITIONAL_REPRESENTATION('',(#13015),#13019);
#13015 = LINE('',#13016,#13017);
#13016 = CARTESIAN_POINT('',(0.,-0.));
#13017 = VECTOR('',#13018,1.);
#13018 = DIRECTION('',(0.,1.));
#13019 = ( GEOMETRIC_REPRESENTATION_CONTEXT(2) 
PARAMETRIC_REPRESENTATION_CONTEXT() REPRESENTATION_CONTEXT('2D SPACE',''
  ) );
#13020 = ORIENTED_EDGE('',*,*,#2381,.T.);
#13021 = ORIENTED_EDGE('',*,*,#13000,.T.);
#13022 = ADVANCED_FACE('',(#13023),#2437,.F.);
#13023 = FACE_BOUND('',#13024,.F.);
#13024 = EDGE_LOOP('',(#13025,#13026,#13047,#13048));
#13025 = ORIENTED_EDGE('',*,*,#8053,.F.);
#13026 = ORIENTED_EDGE('',*,*,#13027,.F.);
#13027 = EDGE_CURVE('',#2417,#8054,#13028,.T.);
#13028 = SEAM_CURVE('',#13029,(#13033,#13040),.PCURVE_S1.);
#13029 = LINE('',#13030,#13031);
#13030 = CARTESIAN_POINT('',(60.5,-87.895,-1.E-02));
#13031 = VECTOR('',#13032,1.);
#13032 = DIRECTION('',(0.,0.,1.));
#13033 = PCURVE('',#2437,#13034);
#13034 = DEFINITIONAL_REPRESENTATION('',(#13035),#13039);
#13035 = LINE('',#13036,#13037);
#13036 = CARTESIAN_POINT('',(6.28318530718,-0.));
#13037 = VECTOR('',#13038,1.);
#13038 = DIRECTION('',(0.,1.));
#13039 = ( GEOMETRIC_REPRESENTATION_CONTEXT(2) 
PARAMETRIC_REPRESENTATION_CONTEXT() REPRESENTATION_CONTEXT('2D SPACE',''
  ) );
#13040 = PCURVE('',#2437,#13041);
#13041 = DEFINITIONAL_REPRESENTATION('',(#13042),#13046);
#13042 = LINE('',#13043,#13044);
#13043 = CARTESIAN_POINT('',(0.,-0.));
#13044 = VECTOR('',#13045,1.);
#13045 = DIRECTION('',(0.,1.));
#13046 = ( GEOMETRIC_REPRESENTATION_CONTEXT(2) 
PARAMETRIC_REPRESENTATION_CONTEXT() REPRESENTATION_CONTEXT('2D SPACE',''
  ) );
#13047 = ORIENTED_EDGE('',*,*,#2416,.T.);
#13048 = ORIENTED_EDGE('',*,*,#13027,.T.);
#13049 = ADVANCED_FACE('',(#13050),#2472,.F.);
#13050 = FACE_BOUND('',#13051,.F.);
#13051 = EDGE_LOOP('',(#13052,#13053,#13074,#13075));
#13052 = ORIENTED_EDGE('',*,*,#8083,.F.);
#13053 = ORIENTED_EDGE('',*,*,#13054,.F.);
#13054 = EDGE_CURVE('',#2452,#8084,#13055,.T.);
#13055 = SEAM_CURVE('',#13056,(#13060,#13067),.PCURVE_S1.);
#13056 = LINE('',#13057,#13058);
#13057 = CARTESIAN_POINT('',(63.12,-84.,-1.E-02));
#13058 = VECTOR('',#13059,1.);
#13059 = DIRECTION('',(0.,0.,1.));
#13060 = PCURVE('',#2472,#13061);
#13061 = DEFINITIONAL_REPRESENTATION('',(#13062),#13066);
#13062 = LINE('',#13063,#13064);
#13063 = CARTESIAN_POINT('',(6.28318530718,-0.));
#13064 = VECTOR('',#13065,1.);
#13065 = DIRECTION('',(0.,1.));
#13066 = ( GEOMETRIC_REPRESENTATION_CONTEXT(2) 
PARAMETRIC_REPRESENTATION_CONTEXT() REPRESENTATION_CONTEXT('2D SPACE',''
  ) );
#13067 = PCURVE('',#2472,#13068);
#13068 = DEFINITIONAL_REPRESENTATION('',(#13069),#13073);
#13069 = LINE('',#13070,#13071);
#13070 = CARTESIAN_POINT('',(0.,-0.));
#13071 = VECTOR('',#13072,1.);
#13072 = DIRECTION('',(0.,1.));
#13073 = ( GEOMETRIC_REPRESENTATION_CONTEXT(2) 
PARAMETRIC_REPRESENTATION_CONTEXT() REPRESENTATION_CONTEXT('2D SPACE',''
  ) );
#13074 = ORIENTED_EDGE('',*,*,#2451,.T.);
#13075 = ORIENTED_EDGE('',*,*,#13054,.T.);
#13076 = ADVANCED_FACE('',(#13077),#2507,.F.);
#13077 = FACE_BOUND('',#13078,.F.);
#13078 = EDGE_LOOP('',(#13079,#13080,#13101,#13102));
#13079 = ORIENTED_EDGE('',*,*,#8113,.F.);
#13080 = ORIENTED_EDGE('',*,*,#13081,.F.);
#13081 = EDGE_CURVE('',#2487,#8114,#13082,.T.);
#13082 = SEAM_CURVE('',#13083,(#13087,#13094),.PCURVE_S1.);
#13083 = LINE('',#13084,#13085);
#13084 = CARTESIAN_POINT('',(60.58,-84.,-1.E-02));
#13085 = VECTOR('',#13086,1.);
#13086 = DIRECTION('',(0.,0.,1.));
#13087 = PCURVE('',#2507,#13088);
#13088 = DEFINITIONAL_REPRESENTATION('',(#13089),#13093);
#13089 = LINE('',#13090,#13091);
#13090 = CARTESIAN_POINT('',(6.28318530718,-0.));
#13091 = VECTOR('',#13092,1.);
#13092 = DIRECTION('',(0.,1.));
#13093 = ( GEOMETRIC_REPRESENTATION_CONTEXT(2) 
PARAMETRIC_REPRESENTATION_CONTEXT() REPRESENTATION_CONTEXT('2D SPACE',''
  ) );
#13094 = PCURVE('',#2507,#13095);
#13095 = DEFINITIONAL_REPRESENTATION('',(#13096),#13100);
#13096 = LINE('',#13097,#13098);
#13097 = CARTESIAN_POINT('',(0.,-0.));
#13098 = VECTOR('',#13099,1.);
#13099 = DIRECTION('',(0.,1.));
#13100 = ( GEOMETRIC_REPRESENTATION_CONTEXT(2) 
PARAMETRIC_REPRESENTATION_CONTEXT() REPRESENTATION_CONTEXT('2D SPACE',''
  ) );
#13101 = ORIENTED_EDGE('',*,*,#2486,.T.);
#13102 = ORIENTED_EDGE('',*,*,#13081,.T.);
#13103 = ADVANCED_FACE('',(#13104),#2542,.F.);
#13104 = FACE_BOUND('',#13105,.F.);
#13105 = EDGE_LOOP('',(#13106,#13107,#13128,#13129));
#13106 = ORIENTED_EDGE('',*,*,#8143,.F.);
#13107 = ORIENTED_EDGE('',*,*,#13108,.F.);
#13108 = EDGE_CURVE('',#2522,#8144,#13109,.T.);
#13109 = SEAM_CURVE('',#13110,(#13114,#13121),.PCURVE_S1.);
#13110 = LINE('',#13111,#13112);
#13111 = CARTESIAN_POINT('',(58.04,-84.,-1.E-02));
#13112 = VECTOR('',#13113,1.);
#13113 = DIRECTION('',(0.,0.,1.));
#13114 = PCURVE('',#2542,#13115);
#13115 = DEFINITIONAL_REPRESENTATION('',(#13116),#13120);
#13116 = LINE('',#13117,#13118);
#13117 = CARTESIAN_POINT('',(6.28318530718,-0.));
#13118 = VECTOR('',#13119,1.);
#13119 = DIRECTION('',(0.,1.));
#13120 = ( GEOMETRIC_REPRESENTATION_CONTEXT(2) 
PARAMETRIC_REPRESENTATION_CONTEXT() REPRESENTATION_CONTEXT('2D SPACE',''
  ) );
#13121 = PCURVE('',#2542,#13122);
#13122 = DEFINITIONAL_REPRESENTATION('',(#13123),#13127);
#13123 = LINE('',#13124,#13125);
#13124 = CARTESIAN_POINT('',(0.,-0.));
#13125 = VECTOR('',#13126,1.);
#13126 = DIRECTION('',(0.,1.));
#13127 = ( GEOMETRIC_REPRESENTATION_CONTEXT(2) 
PARAMETRIC_REPRESENTATION_CONTEXT() REPRESENTATION_CONTEXT('2D SPACE',''
  ) );
#13128 = ORIENTED_EDGE('',*,*,#2521,.T.);
#13129 = ORIENTED_EDGE('',*,*,#13108,.T.);
#13130 = ADVANCED_FACE('',(#13131),#2577,.F.);
#13131 = FACE_BOUND('',#13132,.F.);
#13132 = EDGE_LOOP('',(#13133,#13134,#13155,#13156));
#13133 = ORIENTED_EDGE('',*,*,#8173,.F.);
#13134 = ORIENTED_EDGE('',*,*,#13135,.F.);
#13135 = EDGE_CURVE('',#2557,#8174,#13136,.T.);
#13136 = SEAM_CURVE('',#13137,(#13141,#13148),.PCURVE_S1.);
#13137 = LINE('',#13138,#13139);
#13138 = CARTESIAN_POINT('',(50.4,-102.54,-1.E-02));
#13139 = VECTOR('',#13140,1.);
#13140 = DIRECTION('',(0.,0.,1.));
#13141 = PCURVE('',#2577,#13142);
#13142 = DEFINITIONAL_REPRESENTATION('',(#13143),#13147);
#13143 = LINE('',#13144,#13145);
#13144 = CARTESIAN_POINT('',(6.28318530718,-0.));
#13145 = VECTOR('',#13146,1.);
#13146 = DIRECTION('',(0.,1.));
#13147 = ( GEOMETRIC_REPRESENTATION_CONTEXT(2) 
PARAMETRIC_REPRESENTATION_CONTEXT() REPRESENTATION_CONTEXT('2D SPACE',''
  ) );
#13148 = PCURVE('',#2577,#13149);
#13149 = DEFINITIONAL_REPRESENTATION('',(#13150),#13154);
#13150 = LINE('',#13151,#13152);
#13151 = CARTESIAN_POINT('',(0.,-0.));
#13152 = VECTOR('',#13153,1.);
#13153 = DIRECTION('',(0.,1.));
#13154 = ( GEOMETRIC_REPRESENTATION_CONTEXT(2) 
PARAMETRIC_REPRESENTATION_CONTEXT() REPRESENTATION_CONTEXT('2D SPACE',''
  ) );
#13155 = ORIENTED_EDGE('',*,*,#2556,.T.);
#13156 = ORIENTED_EDGE('',*,*,#13135,.T.);
#13157 = ADVANCED_FACE('',(#13158),#2612,.F.);
#13158 = FACE_BOUND('',#13159,.F.);
#13159 = EDGE_LOOP('',(#13160,#13161,#13182,#13183));
#13160 = ORIENTED_EDGE('',*,*,#8203,.F.);
#13161 = ORIENTED_EDGE('',*,*,#13162,.F.);
#13162 = EDGE_CURVE('',#2592,#8204,#13163,.T.);
#13163 = SEAM_CURVE('',#13164,(#13168,#13175),.PCURVE_S1.);
#13164 = LINE('',#13165,#13166);
#13165 = CARTESIAN_POINT('',(50.4,-100.,-1.E-02));
#13166 = VECTOR('',#13167,1.);
#13167 = DIRECTION('',(0.,0.,1.));
#13168 = PCURVE('',#2612,#13169);
#13169 = DEFINITIONAL_REPRESENTATION('',(#13170),#13174);
#13170 = LINE('',#13171,#13172);
#13171 = CARTESIAN_POINT('',(6.28318530718,-0.));
#13172 = VECTOR('',#13173,1.);
#13173 = DIRECTION('',(0.,1.));
#13174 = ( GEOMETRIC_REPRESENTATION_CONTEXT(2) 
PARAMETRIC_REPRESENTATION_CONTEXT() REPRESENTATION_CONTEXT('2D SPACE',''
  ) );
#13175 = PCURVE('',#2612,#13176);
#13176 = DEFINITIONAL_REPRESENTATION('',(#13177),#13181);
#13177 = LINE('',#13178,#13179);
#13178 = CARTESIAN_POINT('',(0.,-0.));
#13179 = VECTOR('',#13180,1.);
#13180 = DIRECTION('',(0.,1.));
#13181 = ( GEOMETRIC_REPRESENTATION_CONTEXT(2) 
PARAMETRIC_REPRESENTATION_CONTEXT() REPRESENTATION_CONTEXT('2D SPACE',''
  ) );
#13182 = ORIENTED_EDGE('',*,*,#2591,.T.);
#13183 = ORIENTED_EDGE('',*,*,#13162,.T.);
#13184 = ADVANCED_FACE('',(#13185),#2647,.F.);
#13185 = FACE_BOUND('',#13186,.F.);
#13186 = EDGE_LOOP('',(#13187,#13188,#13209,#13210));
#13187 = ORIENTED_EDGE('',*,*,#8233,.F.);
#13188 = ORIENTED_EDGE('',*,*,#13189,.F.);
#13189 = EDGE_CURVE('',#2627,#8234,#13190,.T.);
#13190 = SEAM_CURVE('',#13191,(#13195,#13202),.PCURVE_S1.);
#13191 = LINE('',#13192,#13193);
#13192 = CARTESIAN_POINT('',(55.5,-84.,-1.E-02));
#13193 = VECTOR('',#13194,1.);
#13194 = DIRECTION('',(0.,0.,1.));
#13195 = PCURVE('',#2647,#13196);
#13196 = DEFINITIONAL_REPRESENTATION('',(#13197),#13201);
#13197 = LINE('',#13198,#13199);
#13198 = CARTESIAN_POINT('',(6.28318530718,-0.));
#13199 = VECTOR('',#13200,1.);
#13200 = DIRECTION('',(0.,1.));
#13201 = ( GEOMETRIC_REPRESENTATION_CONTEXT(2) 
PARAMETRIC_REPRESENTATION_CONTEXT() REPRESENTATION_CONTEXT('2D SPACE',''
  ) );
#13202 = PCURVE('',#2647,#13203);
#13203 = DEFINITIONAL_REPRESENTATION('',(#13204),#13208);
#13204 = LINE('',#13205,#13206);
#13205 = CARTESIAN_POINT('',(0.,-0.));
#13206 = VECTOR('',#13207,1.);
#13207 = DIRECTION('',(0.,1.));
#13208 = ( GEOMETRIC_REPRESENTATION_CONTEXT(2) 
PARAMETRIC_REPRESENTATION_CONTEXT() REPRESENTATION_CONTEXT('2D SPACE',''
  ) );
#13209 = ORIENTED_EDGE('',*,*,#2626,.T.);
#13210 = ORIENTED_EDGE('',*,*,#13189,.T.);
#13211 = ADVANCED_FACE('',(#13212),#2682,.F.);
#13212 = FACE_BOUND('',#13213,.F.);
#13213 = EDGE_LOOP('',(#13214,#13215,#13236,#13237));
#13214 = ORIENTED_EDGE('',*,*,#8263,.F.);
#13215 = ORIENTED_EDGE('',*,*,#13216,.F.);
#13216 = EDGE_CURVE('',#2662,#8264,#13217,.T.);
#13217 = SEAM_CURVE('',#13218,(#13222,#13229),.PCURVE_S1.);
#13218 = LINE('',#13219,#13220);
#13219 = CARTESIAN_POINT('',(5.6,-106.,-1.E-02));
#13220 = VECTOR('',#13221,1.);
#13221 = DIRECTION('',(0.,0.,1.));
#13222 = PCURVE('',#2682,#13223);
#13223 = DEFINITIONAL_REPRESENTATION('',(#13224),#13228);
#13224 = LINE('',#13225,#13226);
#13225 = CARTESIAN_POINT('',(6.28318530718,-0.));
#13226 = VECTOR('',#13227,1.);
#13227 = DIRECTION('',(0.,1.));
#13228 = ( GEOMETRIC_REPRESENTATION_CONTEXT(2) 
PARAMETRIC_REPRESENTATION_CONTEXT() REPRESENTATION_CONTEXT('2D SPACE',''
  ) );
#13229 = PCURVE('',#2682,#13230);
#13230 = DEFINITIONAL_REPRESENTATION('',(#13231),#13235);
#13231 = LINE('',#13232,#13233);
#13232 = CARTESIAN_POINT('',(0.,-0.));
#13233 = VECTOR('',#13234,1.);
#13234 = DIRECTION('',(0.,1.));
#13235 = ( GEOMETRIC_REPRESENTATION_CONTEXT(2) 
PARAMETRIC_REPRESENTATION_CONTEXT() REPRESENTATION_CONTEXT('2D SPACE',''
  ) );
#13236 = ORIENTED_EDGE('',*,*,#2661,.T.);
#13237 = ORIENTED_EDGE('',*,*,#13216,.T.);
#13238 = ADVANCED_FACE('',(#13239),#2717,.F.);
#13239 = FACE_BOUND('',#13240,.F.);
#13240 = EDGE_LOOP('',(#13241,#13242,#13263,#13264));
#13241 = ORIENTED_EDGE('',*,*,#8293,.F.);
#13242 = ORIENTED_EDGE('',*,*,#13243,.F.);
#13243 = EDGE_CURVE('',#2697,#8294,#13244,.T.);
#13244 = SEAM_CURVE('',#13245,(#13249,#13256),.PCURVE_S1.);
#13245 = LINE('',#13246,#13247);
#13246 = CARTESIAN_POINT('',(32.5,-69.54,-1.E-02));
#13247 = VECTOR('',#13248,1.);
#13248 = DIRECTION('',(0.,0.,1.));
#13249 = PCURVE('',#2717,#13250);
#13250 = DEFINITIONAL_REPRESENTATION('',(#13251),#13255);
#13251 = LINE('',#13252,#13253);
#13252 = CARTESIAN_POINT('',(6.28318530718,-0.));
#13253 = VECTOR('',#13254,1.);
#13254 = DIRECTION('',(0.,1.));
#13255 = ( GEOMETRIC_REPRESENTATION_CONTEXT(2) 
PARAMETRIC_REPRESENTATION_CONTEXT() REPRESENTATION_CONTEXT('2D SPACE',''
  ) );
#13256 = PCURVE('',#2717,#13257);
#13257 = DEFINITIONAL_REPRESENTATION('',(#13258),#13262);
#13258 = LINE('',#13259,#13260);
#13259 = CARTESIAN_POINT('',(0.,-0.));
#13260 = VECTOR('',#13261,1.);
#13261 = DIRECTION('',(0.,1.));
#13262 = ( GEOMETRIC_REPRESENTATION_CONTEXT(2) 
PARAMETRIC_REPRESENTATION_CONTEXT() REPRESENTATION_CONTEXT('2D SPACE',''
  ) );
#13263 = ORIENTED_EDGE('',*,*,#2696,.T.);
#13264 = ORIENTED_EDGE('',*,*,#13243,.T.);
#13265 = ADVANCED_FACE('',(#13266),#2752,.F.);
#13266 = FACE_BOUND('',#13267,.F.);
#13267 = EDGE_LOOP('',(#13268,#13269,#13290,#13291));
#13268 = ORIENTED_EDGE('',*,*,#8323,.F.);
#13269 = ORIENTED_EDGE('',*,*,#13270,.F.);
#13270 = EDGE_CURVE('',#2732,#8324,#13271,.T.);
#13271 = SEAM_CURVE('',#13272,(#13276,#13283),.PCURVE_S1.);
#13272 = LINE('',#13273,#13274);
#13273 = CARTESIAN_POINT('',(32.5,-67.,-1.E-02));
#13274 = VECTOR('',#13275,1.);
#13275 = DIRECTION('',(0.,0.,1.));
#13276 = PCURVE('',#2752,#13277);
#13277 = DEFINITIONAL_REPRESENTATION('',(#13278),#13282);
#13278 = LINE('',#13279,#13280);
#13279 = CARTESIAN_POINT('',(6.28318530718,-0.));
#13280 = VECTOR('',#13281,1.);
#13281 = DIRECTION('',(0.,1.));
#13282 = ( GEOMETRIC_REPRESENTATION_CONTEXT(2) 
PARAMETRIC_REPRESENTATION_CONTEXT() REPRESENTATION_CONTEXT('2D SPACE',''
  ) );
#13283 = PCURVE('',#2752,#13284);
#13284 = DEFINITIONAL_REPRESENTATION('',(#13285),#13289);
#13285 = LINE('',#13286,#13287);
#13286 = CARTESIAN_POINT('',(0.,-0.));
#13287 = VECTOR('',#13288,1.);
#13288 = DIRECTION('',(0.,1.));
#13289 = ( GEOMETRIC_REPRESENTATION_CONTEXT(2) 
PARAMETRIC_REPRESENTATION_CONTEXT() REPRESENTATION_CONTEXT('2D SPACE',''
  ) );
#13290 = ORIENTED_EDGE('',*,*,#2731,.T.);
#13291 = ORIENTED_EDGE('',*,*,#13270,.T.);
#13292 = ADVANCED_FACE('',(#13293),#2787,.F.);
#13293 = FACE_BOUND('',#13294,.F.);
#13294 = EDGE_LOOP('',(#13295,#13296,#13317,#13318));
#13295 = ORIENTED_EDGE('',*,*,#8353,.F.);
#13296 = ORIENTED_EDGE('',*,*,#13297,.F.);
#13297 = EDGE_CURVE('',#2767,#8354,#13298,.T.);
#13298 = SEAM_CURVE('',#13299,(#13303,#13310),.PCURVE_S1.);
#13299 = LINE('',#13300,#13301);
#13300 = CARTESIAN_POINT('',(72.6,-4.,-1.E-02));
#13301 = VECTOR('',#13302,1.);
#13302 = DIRECTION('',(0.,0.,1.));
#13303 = PCURVE('',#2787,#13304);
#13304 = DEFINITIONAL_REPRESENTATION('',(#13305),#13309);
#13305 = LINE('',#13306,#13307);
#13306 = CARTESIAN_POINT('',(6.28318530718,-0.));
#13307 = VECTOR('',#13308,1.);
#13308 = DIRECTION('',(0.,1.));
#13309 = ( GEOMETRIC_REPRESENTATION_CONTEXT(2) 
PARAMETRIC_REPRESENTATION_CONTEXT() REPRESENTATION_CONTEXT('2D SPACE',''
  ) );
#13310 = PCURVE('',#2787,#13311);
#13311 = DEFINITIONAL_REPRESENTATION('',(#13312),#13316);
#13312 = LINE('',#13313,#13314);
#13313 = CARTESIAN_POINT('',(0.,-0.));
#13314 = VECTOR('',#13315,1.);
#13315 = DIRECTION('',(0.,1.));
#13316 = ( GEOMETRIC_REPRESENTATION_CONTEXT(2) 
PARAMETRIC_REPRESENTATION_CONTEXT() REPRESENTATION_CONTEXT('2D SPACE',''
  ) );
#13317 = ORIENTED_EDGE('',*,*,#2766,.T.);
#13318 = ORIENTED_EDGE('',*,*,#13297,.T.);
#13319 = ADVANCED_FACE('',(#13320),#2819,.F.);
#13320 = FACE_BOUND('',#13321,.F.);
#13321 = EDGE_LOOP('',(#13322,#13323,#13344,#13345));
#13322 = ORIENTED_EDGE('',*,*,#2801,.F.);
#13323 = ORIENTED_EDGE('',*,*,#13324,.T.);
#13324 = EDGE_CURVE('',#2802,#8384,#13325,.T.);
#13325 = SURFACE_CURVE('',#13326,(#13330,#13337),.PCURVE_S1.);
#13326 = LINE('',#13327,#13328);
#13327 = CARTESIAN_POINT('',(13.235671,-54.25903,0.));
#13328 = VECTOR('',#13329,1.);
#13329 = DIRECTION('',(0.,0.,1.));
#13330 = PCURVE('',#2819,#13331);
#13331 = DEFINITIONAL_REPRESENTATION('',(#13332),#13336);
#13332 = LINE('',#13333,#13334);
#13333 = CARTESIAN_POINT('',(0.,0.));
#13334 = VECTOR('',#13335,1.);
#13335 = DIRECTION('',(0.,-1.));
#13336 = ( GEOMETRIC_REPRESENTATION_CONTEXT(2) 
PARAMETRIC_REPRESENTATION_CONTEXT() REPRESENTATION_CONTEXT('2D SPACE',''
  ) );
#13337 = PCURVE('',#2847,#13338);
#13338 = DEFINITIONAL_REPRESENTATION('',(#13339),#13343);
#13339 = LINE('',#13340,#13341);
#13340 = CARTESIAN_POINT('',(9.754527738953E-02,0.));
#13341 = VECTOR('',#13342,1.);
#13342 = DIRECTION('',(0.,-1.));
#13343 = ( GEOMETRIC_REPRESENTATION_CONTEXT(2) 
PARAMETRIC_REPRESENTATION_CONTEXT() REPRESENTATION_CONTEXT('2D SPACE',''
  ) );
#13344 = ORIENTED_EDGE('',*,*,#8383,.T.);
#13345 = ORIENTED_EDGE('',*,*,#13346,.F.);
#13346 = EDGE_CURVE('',#2804,#8386,#13347,.T.);
#13347 = SURFACE_CURVE('',#13348,(#13352,#13359),.PCURVE_S1.);
#13348 = LINE('',#13349,#13350);
#13349 = CARTESIAN_POINT('',(13.316777,-54.313223,0.));
#13350 = VECTOR('',#13351,1.);
#13351 = DIRECTION('',(0.,0.,1.));
#13352 = PCURVE('',#2819,#13353);
#13353 = DEFINITIONAL_REPRESENTATION('',(#13354),#13358);
#13354 = LINE('',#13355,#13356);
#13355 = CARTESIAN_POINT('',(9.754519201375E-02,0.));
#13356 = VECTOR('',#13357,1.);
#13357 = DIRECTION('',(0.,-1.));
#13358 = ( GEOMETRIC_REPRESENTATION_CONTEXT(2) 
PARAMETRIC_REPRESENTATION_CONTEXT() REPRESENTATION_CONTEXT('2D SPACE',''
  ) );
#13359 = PCURVE('',#3293,#13360);
#13360 = DEFINITIONAL_REPRESENTATION('',(#13361),#13365);
#13361 = LINE('',#13362,#13363);
#13362 = CARTESIAN_POINT('',(0.,0.));
#13363 = VECTOR('',#13364,1.);
#13364 = DIRECTION('',(0.,-1.));
#13365 = ( GEOMETRIC_REPRESENTATION_CONTEXT(2) 
PARAMETRIC_REPRESENTATION_CONTEXT() REPRESENTATION_CONTEXT('2D SPACE',''
  ) );
#13366 = ADVANCED_FACE('',(#13367),#3293,.F.);
#13367 = FACE_BOUND('',#13368,.F.);
#13368 = EDGE_LOOP('',(#13369,#13370,#13371,#13372));
#13369 = ORIENTED_EDGE('',*,*,#3279,.F.);
#13370 = ORIENTED_EDGE('',*,*,#13346,.T.);
#13371 = ORIENTED_EDGE('',*,*,#8742,.T.);
#13372 = ORIENTED_EDGE('',*,*,#13373,.F.);
#13373 = EDGE_CURVE('',#3252,#8722,#13374,.T.);
#13374 = SURFACE_CURVE('',#13375,(#13379,#13386),.PCURVE_S1.);
#13375 = LINE('',#13376,#13377);
#13376 = CARTESIAN_POINT('',(13.37097,-54.394329,0.));
#13377 = VECTOR('',#13378,1.);
#13378 = DIRECTION('',(0.,0.,1.));
#13379 = PCURVE('',#3293,#13380);
#13380 = DEFINITIONAL_REPRESENTATION('',(#13381),#13385);
#13381 = LINE('',#13382,#13383);
#13382 = CARTESIAN_POINT('',(9.754519201375E-02,0.));
#13383 = VECTOR('',#13384,1.);
#13384 = DIRECTION('',(0.,-1.));
#13385 = ( GEOMETRIC_REPRESENTATION_CONTEXT(2) 
PARAMETRIC_REPRESENTATION_CONTEXT() REPRESENTATION_CONTEXT('2D SPACE',''
  ) );
#13386 = PCURVE('',#3267,#13387);
#13387 = DEFINITIONAL_REPRESENTATION('',(#13388),#13392);
#13388 = LINE('',#13389,#13390);
#13389 = CARTESIAN_POINT('',(0.,0.));
#13390 = VECTOR('',#13391,1.);
#13391 = DIRECTION('',(0.,-1.));
#13392 = ( GEOMETRIC_REPRESENTATION_CONTEXT(2) 
PARAMETRIC_REPRESENTATION_CONTEXT() REPRESENTATION_CONTEXT('2D SPACE',''
  ) );
#13393 = ADVANCED_FACE('',(#13394),#3267,.F.);
#13394 = FACE_BOUND('',#13395,.F.);
#13395 = EDGE_LOOP('',(#13396,#13397,#13398,#13399));
#13396 = ORIENTED_EDGE('',*,*,#3251,.F.);
#13397 = ORIENTED_EDGE('',*,*,#13373,.T.);
#13398 = ORIENTED_EDGE('',*,*,#8721,.T.);
#13399 = ORIENTED_EDGE('',*,*,#13400,.F.);
#13400 = EDGE_CURVE('',#3224,#8701,#13401,.T.);
#13401 = SURFACE_CURVE('',#13402,(#13406,#13413),.PCURVE_S1.);
#13402 = LINE('',#13403,#13404);
#13403 = CARTESIAN_POINT('',(13.39,-54.49,0.));
#13404 = VECTOR('',#13405,1.);
#13405 = DIRECTION('',(0.,0.,1.));
#13406 = PCURVE('',#3267,#13407);
#13407 = DEFINITIONAL_REPRESENTATION('',(#13408),#13412);
#13408 = LINE('',#13409,#13410);
#13409 = CARTESIAN_POINT('',(9.754527738953E-02,0.));
#13410 = VECTOR('',#13411,1.);
#13411 = DIRECTION('',(0.,-1.));
#13412 = ( GEOMETRIC_REPRESENTATION_CONTEXT(2) 
PARAMETRIC_REPRESENTATION_CONTEXT() REPRESENTATION_CONTEXT('2D SPACE',''
  ) );
#13413 = PCURVE('',#3239,#13414);
#13414 = DEFINITIONAL_REPRESENTATION('',(#13415),#13419);
#13415 = LINE('',#13416,#13417);
#13416 = CARTESIAN_POINT('',(0.,0.));
#13417 = VECTOR('',#13418,1.);
#13418 = DIRECTION('',(0.,-1.));
#13419 = ( GEOMETRIC_REPRESENTATION_CONTEXT(2) 
PARAMETRIC_REPRESENTATION_CONTEXT() REPRESENTATION_CONTEXT('2D SPACE',''
  ) );
#13420 = ADVANCED_FACE('',(#13421),#3239,.F.);
#13421 = FACE_BOUND('',#13422,.F.);
#13422 = EDGE_LOOP('',(#13423,#13424,#13425,#13426));
#13423 = ORIENTED_EDGE('',*,*,#3223,.F.);
#13424 = ORIENTED_EDGE('',*,*,#13400,.T.);
#13425 = ORIENTED_EDGE('',*,*,#8700,.T.);
#13426 = ORIENTED_EDGE('',*,*,#13427,.F.);
#13427 = EDGE_CURVE('',#3196,#8680,#13428,.T.);
#13428 = SURFACE_CURVE('',#13429,(#13433,#13440),.PCURVE_S1.);
#13429 = LINE('',#13430,#13431);
#13430 = CARTESIAN_POINT('',(13.37097,-54.585671,0.));
#13431 = VECTOR('',#13432,1.);
#13432 = DIRECTION('',(0.,0.,1.));
#13433 = PCURVE('',#3239,#13434);
#13434 = DEFINITIONAL_REPRESENTATION('',(#13435),#13439);
#13435 = LINE('',#13436,#13437);
#13436 = CARTESIAN_POINT('',(9.754527738952E-02,0.));
#13437 = VECTOR('',#13438,1.);
#13438 = DIRECTION('',(0.,-1.));
#13439 = ( GEOMETRIC_REPRESENTATION_CONTEXT(2) 
PARAMETRIC_REPRESENTATION_CONTEXT() REPRESENTATION_CONTEXT('2D SPACE',''
  ) );
#13440 = PCURVE('',#3211,#13441);
#13441 = DEFINITIONAL_REPRESENTATION('',(#13442),#13446);
#13442 = LINE('',#13443,#13444);
#13443 = CARTESIAN_POINT('',(0.,0.));
#13444 = VECTOR('',#13445,1.);
#13445 = DIRECTION('',(0.,-1.));
#13446 = ( GEOMETRIC_REPRESENTATION_CONTEXT(2) 
PARAMETRIC_REPRESENTATION_CONTEXT() REPRESENTATION_CONTEXT('2D SPACE',''
  ) );
#13447 = ADVANCED_FACE('',(#13448),#3211,.F.);
#13448 = FACE_BOUND('',#13449,.F.);
#13449 = EDGE_LOOP('',(#13450,#13451,#13452,#13453));
#13450 = ORIENTED_EDGE('',*,*,#3195,.F.);
#13451 = ORIENTED_EDGE('',*,*,#13427,.T.);
#13452 = ORIENTED_EDGE('',*,*,#8679,.T.);
#13453 = ORIENTED_EDGE('',*,*,#13454,.F.);
#13454 = EDGE_CURVE('',#3168,#8659,#13455,.T.);
#13455 = SURFACE_CURVE('',#13456,(#13460,#13467),.PCURVE_S1.);
#13456 = LINE('',#13457,#13458);
#13457 = CARTESIAN_POINT('',(13.316777,-54.666777,0.));
#13458 = VECTOR('',#13459,1.);
#13459 = DIRECTION('',(0.,0.,1.));
#13460 = PCURVE('',#3211,#13461);
#13461 = DEFINITIONAL_REPRESENTATION('',(#13462),#13466);
#13462 = LINE('',#13463,#13464);
#13463 = CARTESIAN_POINT('',(9.754519201376E-02,0.));
#13464 = VECTOR('',#13465,1.);
#13465 = DIRECTION('',(0.,-1.));
#13466 = ( GEOMETRIC_REPRESENTATION_CONTEXT(2) 
PARAMETRIC_REPRESENTATION_CONTEXT() REPRESENTATION_CONTEXT('2D SPACE',''
  ) );
#13467 = PCURVE('',#3183,#13468);
#13468 = DEFINITIONAL_REPRESENTATION('',(#13469),#13473);
#13469 = LINE('',#13470,#13471);
#13470 = CARTESIAN_POINT('',(0.,0.));
#13471 = VECTOR('',#13472,1.);
#13472 = DIRECTION('',(0.,-1.));
#13473 = ( GEOMETRIC_REPRESENTATION_CONTEXT(2) 
PARAMETRIC_REPRESENTATION_CONTEXT() REPRESENTATION_CONTEXT('2D SPACE',''
  ) );
#13474 = ADVANCED_FACE('',(#13475),#3183,.F.);
#13475 = FACE_BOUND('',#13476,.F.);
#13476 = EDGE_LOOP('',(#13477,#13478,#13479,#13480));
#13477 = ORIENTED_EDGE('',*,*,#3167,.F.);
#13478 = ORIENTED_EDGE('',*,*,#13454,.T.);
#13479 = ORIENTED_EDGE('',*,*,#8658,.T.);
#13480 = ORIENTED_EDGE('',*,*,#13481,.F.);
#13481 = EDGE_CURVE('',#3140,#8638,#13482,.T.);
#13482 = SURFACE_CURVE('',#13483,(#13487,#13494),.PCURVE_S1.);
#13483 = LINE('',#13484,#13485);
#13484 = CARTESIAN_POINT('',(13.235671,-54.72097,0.));
#13485 = VECTOR('',#13486,1.);
#13486 = DIRECTION('',(0.,0.,1.));
#13487 = PCURVE('',#3183,#13488);
#13488 = DEFINITIONAL_REPRESENTATION('',(#13489),#13493);
#13489 = LINE('',#13490,#13491);
#13490 = CARTESIAN_POINT('',(9.754519201375E-02,0.));
#13491 = VECTOR('',#13492,1.);
#13492 = DIRECTION('',(0.,-1.));
#13493 = ( GEOMETRIC_REPRESENTATION_CONTEXT(2) 
PARAMETRIC_REPRESENTATION_CONTEXT() REPRESENTATION_CONTEXT('2D SPACE',''
  ) );
#13494 = PCURVE('',#3155,#13495);
#13495 = DEFINITIONAL_REPRESENTATION('',(#13496),#13500);
#13496 = LINE('',#13497,#13498);
#13497 = CARTESIAN_POINT('',(0.,0.));
#13498 = VECTOR('',#13499,1.);
#13499 = DIRECTION('',(0.,-1.));
#13500 = ( GEOMETRIC_REPRESENTATION_CONTEXT(2) 
PARAMETRIC_REPRESENTATION_CONTEXT() REPRESENTATION_CONTEXT('2D SPACE',''
  ) );
#13501 = ADVANCED_FACE('',(#13502),#3155,.F.);
#13502 = FACE_BOUND('',#13503,.F.);
#13503 = EDGE_LOOP('',(#13504,#13505,#13506,#13507));
#13504 = ORIENTED_EDGE('',*,*,#3139,.F.);
#13505 = ORIENTED_EDGE('',*,*,#13481,.T.);
#13506 = ORIENTED_EDGE('',*,*,#8637,.T.);
#13507 = ORIENTED_EDGE('',*,*,#13508,.F.);
#13508 = EDGE_CURVE('',#3112,#8617,#13509,.T.);
#13509 = SURFACE_CURVE('',#13510,(#13514,#13521),.PCURVE_S1.);
#13510 = LINE('',#13511,#13512);
#13511 = CARTESIAN_POINT('',(13.14,-54.74,0.));
#13512 = VECTOR('',#13513,1.);
#13513 = DIRECTION('',(0.,0.,1.));
#13514 = PCURVE('',#3155,#13515);
#13515 = DEFINITIONAL_REPRESENTATION('',(#13516),#13520);
#13516 = LINE('',#13517,#13518);
#13517 = CARTESIAN_POINT('',(9.754527738953E-02,0.));
#13518 = VECTOR('',#13519,1.);
#13519 = DIRECTION('',(0.,-1.));
#13520 = ( GEOMETRIC_REPRESENTATION_CONTEXT(2) 
PARAMETRIC_REPRESENTATION_CONTEXT() REPRESENTATION_CONTEXT('2D SPACE',''
  ) );
#13521 = PCURVE('',#3127,#13522);
#13522 = DEFINITIONAL_REPRESENTATION('',(#13523),#13527);
#13523 = LINE('',#13524,#13525);
#13524 = CARTESIAN_POINT('',(0.,-0.));
#13525 = VECTOR('',#13526,1.);
#13526 = DIRECTION('',(0.,-1.));
#13527 = ( GEOMETRIC_REPRESENTATION_CONTEXT(2) 
PARAMETRIC_REPRESENTATION_CONTEXT() REPRESENTATION_CONTEXT('2D SPACE',''
  ) );
#13528 = ADVANCED_FACE('',(#13529),#3127,.F.);
#13529 = FACE_BOUND('',#13530,.F.);
#13530 = EDGE_LOOP('',(#13531,#13532,#13533,#13534));
#13531 = ORIENTED_EDGE('',*,*,#3111,.F.);
#13532 = ORIENTED_EDGE('',*,*,#13508,.T.);
#13533 = ORIENTED_EDGE('',*,*,#8616,.T.);
#13534 = ORIENTED_EDGE('',*,*,#13535,.F.);
#13535 = EDGE_CURVE('',#3084,#8596,#13536,.T.);
#13536 = SURFACE_CURVE('',#13537,(#13541,#13548),.PCURVE_S1.);
#13537 = LINE('',#13538,#13539);
#13538 = CARTESIAN_POINT('',(12.54,-54.74,0.));
#13539 = VECTOR('',#13540,1.);
#13540 = DIRECTION('',(0.,0.,1.));
#13541 = PCURVE('',#3127,#13542);
#13542 = DEFINITIONAL_REPRESENTATION('',(#13543),#13547);
#13543 = LINE('',#13544,#13545);
#13544 = CARTESIAN_POINT('',(0.6,0.));
#13545 = VECTOR('',#13546,1.);
#13546 = DIRECTION('',(0.,-1.));
#13547 = ( GEOMETRIC_REPRESENTATION_CONTEXT(2) 
PARAMETRIC_REPRESENTATION_CONTEXT() REPRESENTATION_CONTEXT('2D SPACE',''
  ) );
#13548 = PCURVE('',#3099,#13549);
#13549 = DEFINITIONAL_REPRESENTATION('',(#13550),#13554);
#13550 = LINE('',#13551,#13552);
#13551 = CARTESIAN_POINT('',(0.,0.));
#13552 = VECTOR('',#13553,1.);
#13553 = DIRECTION('',(0.,-1.));
#13554 = ( GEOMETRIC_REPRESENTATION_CONTEXT(2) 
PARAMETRIC_REPRESENTATION_CONTEXT() REPRESENTATION_CONTEXT('2D SPACE',''
  ) );
#13555 = ADVANCED_FACE('',(#13556),#3099,.F.);
#13556 = FACE_BOUND('',#13557,.F.);
#13557 = EDGE_LOOP('',(#13558,#13559,#13560,#13561));
#13558 = ORIENTED_EDGE('',*,*,#3083,.F.);
#13559 = ORIENTED_EDGE('',*,*,#13535,.T.);
#13560 = ORIENTED_EDGE('',*,*,#8595,.T.);
#13561 = ORIENTED_EDGE('',*,*,#13562,.F.);
#13562 = EDGE_CURVE('',#3056,#8575,#13563,.T.);
#13563 = SURFACE_CURVE('',#13564,(#13568,#13575),.PCURVE_S1.);
#13564 = LINE('',#13565,#13566);
#13565 = CARTESIAN_POINT('',(12.444329,-54.72097,0.));
#13566 = VECTOR('',#13567,1.);
#13567 = DIRECTION('',(0.,0.,1.));
#13568 = PCURVE('',#3099,#13569);
#13569 = DEFINITIONAL_REPRESENTATION('',(#13570),#13574);
#13570 = LINE('',#13571,#13572);
#13571 = CARTESIAN_POINT('',(9.754527738953E-02,0.));
#13572 = VECTOR('',#13573,1.);
#13573 = DIRECTION('',(0.,-1.));
#13574 = ( GEOMETRIC_REPRESENTATION_CONTEXT(2) 
PARAMETRIC_REPRESENTATION_CONTEXT() REPRESENTATION_CONTEXT('2D SPACE',''
  ) );
#13575 = PCURVE('',#3071,#13576);
#13576 = DEFINITIONAL_REPRESENTATION('',(#13577),#13581);
#13577 = LINE('',#13578,#13579);
#13578 = CARTESIAN_POINT('',(0.,0.));
#13579 = VECTOR('',#13580,1.);
#13580 = DIRECTION('',(0.,-1.));
#13581 = ( GEOMETRIC_REPRESENTATION_CONTEXT(2) 
PARAMETRIC_REPRESENTATION_CONTEXT() REPRESENTATION_CONTEXT('2D SPACE',''
  ) );
#13582 = ADVANCED_FACE('',(#13583),#3071,.F.);
#13583 = FACE_BOUND('',#13584,.F.);
#13584 = EDGE_LOOP('',(#13585,#13586,#13587,#13588));
#13585 = ORIENTED_EDGE('',*,*,#3055,.F.);
#13586 = ORIENTED_EDGE('',*,*,#13562,.T.);
#13587 = ORIENTED_EDGE('',*,*,#8574,.T.);
#13588 = ORIENTED_EDGE('',*,*,#13589,.F.);
#13589 = EDGE_CURVE('',#3028,#8554,#13590,.T.);
#13590 = SURFACE_CURVE('',#13591,(#13595,#13602),.PCURVE_S1.);
#13591 = LINE('',#13592,#13593);
#13592 = CARTESIAN_POINT('',(12.363223,-54.666777,0.));
#13593 = VECTOR('',#13594,1.);
#13594 = DIRECTION('',(0.,0.,1.));
#13595 = PCURVE('',#3071,#13596);
#13596 = DEFINITIONAL_REPRESENTATION('',(#13597),#13601);
#13597 = LINE('',#13598,#13599);
#13598 = CARTESIAN_POINT('',(9.754519201375E-02,0.));
#13599 = VECTOR('',#13600,1.);
#13600 = DIRECTION('',(0.,-1.));
#13601 = ( GEOMETRIC_REPRESENTATION_CONTEXT(2) 
PARAMETRIC_REPRESENTATION_CONTEXT() REPRESENTATION_CONTEXT('2D SPACE',''
  ) );
#13602 = PCURVE('',#3043,#13603);
#13603 = DEFINITIONAL_REPRESENTATION('',(#13604),#13608);
#13604 = LINE('',#13605,#13606);
#13605 = CARTESIAN_POINT('',(0.,0.));
#13606 = VECTOR('',#13607,1.);
#13607 = DIRECTION('',(0.,-1.));
#13608 = ( GEOMETRIC_REPRESENTATION_CONTEXT(2) 
PARAMETRIC_REPRESENTATION_CONTEXT() REPRESENTATION_CONTEXT('2D SPACE',''
  ) );
#13609 = ADVANCED_FACE('',(#13610),#3043,.F.);
#13610 = FACE_BOUND('',#13611,.F.);
#13611 = EDGE_LOOP('',(#13612,#13613,#13614,#13615));
#13612 = ORIENTED_EDGE('',*,*,#3027,.F.);
#13613 = ORIENTED_EDGE('',*,*,#13589,.T.);
#13614 = ORIENTED_EDGE('',*,*,#8553,.T.);
#13615 = ORIENTED_EDGE('',*,*,#13616,.F.);
#13616 = EDGE_CURVE('',#3000,#8533,#13617,.T.);
#13617 = SURFACE_CURVE('',#13618,(#13622,#13629),.PCURVE_S1.);
#13618 = LINE('',#13619,#13620);
#13619 = CARTESIAN_POINT('',(12.30903,-54.585671,0.));
#13620 = VECTOR('',#13621,1.);
#13621 = DIRECTION('',(0.,0.,1.));
#13622 = PCURVE('',#3043,#13623);
#13623 = DEFINITIONAL_REPRESENTATION('',(#13624),#13628);
#13624 = LINE('',#13625,#13626);
#13625 = CARTESIAN_POINT('',(9.754519201376E-02,0.));
#13626 = VECTOR('',#13627,1.);
#13627 = DIRECTION('',(0.,-1.));
#13628 = ( GEOMETRIC_REPRESENTATION_CONTEXT(2) 
PARAMETRIC_REPRESENTATION_CONTEXT() REPRESENTATION_CONTEXT('2D SPACE',''
  ) );
#13629 = PCURVE('',#3015,#13630);
#13630 = DEFINITIONAL_REPRESENTATION('',(#13631),#13635);
#13631 = LINE('',#13632,#13633);
#13632 = CARTESIAN_POINT('',(0.,0.));
#13633 = VECTOR('',#13634,1.);
#13634 = DIRECTION('',(0.,-1.));
#13635 = ( GEOMETRIC_REPRESENTATION_CONTEXT(2) 
PARAMETRIC_REPRESENTATION_CONTEXT() REPRESENTATION_CONTEXT('2D SPACE',''
  ) );
#13636 = ADVANCED_FACE('',(#13637),#3015,.F.);
#13637 = FACE_BOUND('',#13638,.F.);
#13638 = EDGE_LOOP('',(#13639,#13640,#13641,#13642));
#13639 = ORIENTED_EDGE('',*,*,#2999,.F.);
#13640 = ORIENTED_EDGE('',*,*,#13616,.T.);
#13641 = ORIENTED_EDGE('',*,*,#8532,.T.);
#13642 = ORIENTED_EDGE('',*,*,#13643,.F.);
#13643 = EDGE_CURVE('',#2972,#8512,#13644,.T.);
#13644 = SURFACE_CURVE('',#13645,(#13649,#13656),.PCURVE_S1.);
#13645 = LINE('',#13646,#13647);
#13646 = CARTESIAN_POINT('',(12.29,-54.49,0.));
#13647 = VECTOR('',#13648,1.);
#13648 = DIRECTION('',(0.,0.,1.));
#13649 = PCURVE('',#3015,#13650);
#13650 = DEFINITIONAL_REPRESENTATION('',(#13651),#13655);
#13651 = LINE('',#13652,#13653);
#13652 = CARTESIAN_POINT('',(9.754527738952E-02,0.));
#13653 = VECTOR('',#13654,1.);
#13654 = DIRECTION('',(0.,-1.));
#13655 = ( GEOMETRIC_REPRESENTATION_CONTEXT(2) 
PARAMETRIC_REPRESENTATION_CONTEXT() REPRESENTATION_CONTEXT('2D SPACE',''
  ) );
#13656 = PCURVE('',#2987,#13657);
#13657 = DEFINITIONAL_REPRESENTATION('',(#13658),#13662);
#13658 = LINE('',#13659,#13660);
#13659 = CARTESIAN_POINT('',(0.,0.));
#13660 = VECTOR('',#13661,1.);
#13661 = DIRECTION('',(0.,-1.));
#13662 = ( GEOMETRIC_REPRESENTATION_CONTEXT(2) 
PARAMETRIC_REPRESENTATION_CONTEXT() REPRESENTATION_CONTEXT('2D SPACE',''
  ) );
#13663 = ADVANCED_FACE('',(#13664),#2987,.F.);
#13664 = FACE_BOUND('',#13665,.F.);
#13665 = EDGE_LOOP('',(#13666,#13667,#13668,#13669));
#13666 = ORIENTED_EDGE('',*,*,#2971,.F.);
#13667 = ORIENTED_EDGE('',*,*,#13643,.T.);
#13668 = ORIENTED_EDGE('',*,*,#8511,.T.);
#13669 = ORIENTED_EDGE('',*,*,#13670,.F.);
#13670 = EDGE_CURVE('',#2944,#8491,#13671,.T.);
#13671 = SURFACE_CURVE('',#13672,(#13676,#13683),.PCURVE_S1.);
#13672 = LINE('',#13673,#13674);
#13673 = CARTESIAN_POINT('',(12.30903,-54.394329,0.));
#13674 = VECTOR('',#13675,1.);
#13675 = DIRECTION('',(0.,0.,1.));
#13676 = PCURVE('',#2987,#13677);
#13677 = DEFINITIONAL_REPRESENTATION('',(#13678),#13682);
#13678 = LINE('',#13679,#13680);
#13679 = CARTESIAN_POINT('',(9.754527738953E-02,0.));
#13680 = VECTOR('',#13681,1.);
#13681 = DIRECTION('',(0.,-1.));
#13682 = ( GEOMETRIC_REPRESENTATION_CONTEXT(2) 
PARAMETRIC_REPRESENTATION_CONTEXT() REPRESENTATION_CONTEXT('2D SPACE',''
  ) );
#13683 = PCURVE('',#2959,#13684);
#13684 = DEFINITIONAL_REPRESENTATION('',(#13685),#13689);
#13685 = LINE('',#13686,#13687);
#13686 = CARTESIAN_POINT('',(0.,0.));
#13687 = VECTOR('',#13688,1.);
#13688 = DIRECTION('',(0.,-1.));
#13689 = ( GEOMETRIC_REPRESENTATION_CONTEXT(2) 
PARAMETRIC_REPRESENTATION_CONTEXT() REPRESENTATION_CONTEXT('2D SPACE',''
  ) );
#13690 = ADVANCED_FACE('',(#13691),#2959,.F.);
#13691 = FACE_BOUND('',#13692,.F.);
#13692 = EDGE_LOOP('',(#13693,#13694,#13695,#13696));
#13693 = ORIENTED_EDGE('',*,*,#2943,.F.);
#13694 = ORIENTED_EDGE('',*,*,#13670,.T.);
#13695 = ORIENTED_EDGE('',*,*,#8490,.T.);
#13696 = ORIENTED_EDGE('',*,*,#13697,.F.);
#13697 = EDGE_CURVE('',#2916,#8470,#13698,.T.);
#13698 = SURFACE_CURVE('',#13699,(#13703,#13710),.PCURVE_S1.);
#13699 = LINE('',#13700,#13701);
#13700 = CARTESIAN_POINT('',(12.363223,-54.313223,0.));
#13701 = VECTOR('',#13702,1.);
#13702 = DIRECTION('',(0.,0.,1.));
#13703 = PCURVE('',#2959,#13704);
#13704 = DEFINITIONAL_REPRESENTATION('',(#13705),#13709);
#13705 = LINE('',#13706,#13707);
#13706 = CARTESIAN_POINT('',(9.754519201375E-02,0.));
#13707 = VECTOR('',#13708,1.);
#13708 = DIRECTION('',(0.,-1.));
#13709 = ( GEOMETRIC_REPRESENTATION_CONTEXT(2) 
PARAMETRIC_REPRESENTATION_CONTEXT() REPRESENTATION_CONTEXT('2D SPACE',''
  ) );
#13710 = PCURVE('',#2931,#13711);
#13711 = DEFINITIONAL_REPRESENTATION('',(#13712),#13716);
#13712 = LINE('',#13713,#13714);
#13713 = CARTESIAN_POINT('',(0.,0.));
#13714 = VECTOR('',#13715,1.);
#13715 = DIRECTION('',(0.,-1.));
#13716 = ( GEOMETRIC_REPRESENTATION_CONTEXT(2) 
PARAMETRIC_REPRESENTATION_CONTEXT() REPRESENTATION_CONTEXT('2D SPACE',''
  ) );
#13717 = ADVANCED_FACE('',(#13718),#2931,.F.);
#13718 = FACE_BOUND('',#13719,.F.);
#13719 = EDGE_LOOP('',(#13720,#13721,#13722,#13723));
#13720 = ORIENTED_EDGE('',*,*,#2915,.F.);
#13721 = ORIENTED_EDGE('',*,*,#13697,.T.);
#13722 = ORIENTED_EDGE('',*,*,#8469,.T.);
#13723 = ORIENTED_EDGE('',*,*,#13724,.F.);
#13724 = EDGE_CURVE('',#2888,#8449,#13725,.T.);
#13725 = SURFACE_CURVE('',#13726,(#13730,#13737),.PCURVE_S1.);
#13726 = LINE('',#13727,#13728);
#13727 = CARTESIAN_POINT('',(12.444329,-54.25903,0.));
#13728 = VECTOR('',#13729,1.);
#13729 = DIRECTION('',(0.,0.,1.));
#13730 = PCURVE('',#2931,#13731);
#13731 = DEFINITIONAL_REPRESENTATION('',(#13732),#13736);
#13732 = LINE('',#13733,#13734);
#13733 = CARTESIAN_POINT('',(9.754519201375E-02,0.));
#13734 = VECTOR('',#13735,1.);
#13735 = DIRECTION('',(0.,-1.));
#13736 = ( GEOMETRIC_REPRESENTATION_CONTEXT(2) 
PARAMETRIC_REPRESENTATION_CONTEXT() REPRESENTATION_CONTEXT('2D SPACE',''
  ) );
#13737 = PCURVE('',#2903,#13738);
#13738 = DEFINITIONAL_REPRESENTATION('',(#13739),#13743);
#13739 = LINE('',#13740,#13741);
#13740 = CARTESIAN_POINT('',(0.,0.));
#13741 = VECTOR('',#13742,1.);
#13742 = DIRECTION('',(0.,-1.));
#13743 = ( GEOMETRIC_REPRESENTATION_CONTEXT(2) 
PARAMETRIC_REPRESENTATION_CONTEXT() REPRESENTATION_CONTEXT('2D SPACE',''
  ) );
#13744 = ADVANCED_FACE('',(#13745),#2903,.F.);
#13745 = FACE_BOUND('',#13746,.F.);
#13746 = EDGE_LOOP('',(#13747,#13748,#13749,#13750));
#13747 = ORIENTED_EDGE('',*,*,#2887,.F.);
#13748 = ORIENTED_EDGE('',*,*,#13724,.T.);
#13749 = ORIENTED_EDGE('',*,*,#8448,.T.);
#13750 = ORIENTED_EDGE('',*,*,#13751,.F.);
#13751 = EDGE_CURVE('',#2860,#8428,#13752,.T.);
#13752 = SURFACE_CURVE('',#13753,(#13757,#13764),.PCURVE_S1.);
#13753 = LINE('',#13754,#13755);
#13754 = CARTESIAN_POINT('',(12.54,-54.24,0.));
#13755 = VECTOR('',#13756,1.);
#13756 = DIRECTION('',(0.,0.,1.));
#13757 = PCURVE('',#2903,#13758);
#13758 = DEFINITIONAL_REPRESENTATION('',(#13759),#13763);
#13759 = LINE('',#13760,#13761);
#13760 = CARTESIAN_POINT('',(9.754527738953E-02,0.));
#13761 = VECTOR('',#13762,1.);
#13762 = DIRECTION('',(0.,-1.));
#13763 = ( GEOMETRIC_REPRESENTATION_CONTEXT(2) 
PARAMETRIC_REPRESENTATION_CONTEXT() REPRESENTATION_CONTEXT('2D SPACE',''
  ) );
#13764 = PCURVE('',#2875,#13765);
#13765 = DEFINITIONAL_REPRESENTATION('',(#13766),#13770);
#13766 = LINE('',#13767,#13768);
#13767 = CARTESIAN_POINT('',(0.,0.));
#13768 = VECTOR('',#13769,1.);
#13769 = DIRECTION('',(0.,-1.));
#13770 = ( GEOMETRIC_REPRESENTATION_CONTEXT(2) 
PARAMETRIC_REPRESENTATION_CONTEXT() REPRESENTATION_CONTEXT('2D SPACE',''
  ) );
#13771 = ADVANCED_FACE('',(#13772),#2875,.F.);
#13772 = FACE_BOUND('',#13773,.F.);
#13773 = EDGE_LOOP('',(#13774,#13775,#13776,#13777));
#13774 = ORIENTED_EDGE('',*,*,#2859,.F.);
#13775 = ORIENTED_EDGE('',*,*,#13751,.T.);
#13776 = ORIENTED_EDGE('',*,*,#8427,.T.);
#13777 = ORIENTED_EDGE('',*,*,#13778,.F.);
#13778 = EDGE_CURVE('',#2832,#8407,#13779,.T.);
#13779 = SURFACE_CURVE('',#13780,(#13784,#13791),.PCURVE_S1.);
#13780 = LINE('',#13781,#13782);
#13781 = CARTESIAN_POINT('',(13.14,-54.24,0.));
#13782 = VECTOR('',#13783,1.);
#13783 = DIRECTION('',(0.,0.,1.));
#13784 = PCURVE('',#2875,#13785);
#13785 = DEFINITIONAL_REPRESENTATION('',(#13786),#13790);
#13786 = LINE('',#13787,#13788);
#13787 = CARTESIAN_POINT('',(0.6,0.));
#13788 = VECTOR('',#13789,1.);
#13789 = DIRECTION('',(0.,-1.));
#13790 = ( GEOMETRIC_REPRESENTATION_CONTEXT(2) 
PARAMETRIC_REPRESENTATION_CONTEXT() REPRESENTATION_CONTEXT('2D SPACE',''
  ) );
#13791 = PCURVE('',#2847,#13792);
#13792 = DEFINITIONAL_REPRESENTATION('',(#13793),#13797);
#13793 = LINE('',#13794,#13795);
#13794 = CARTESIAN_POINT('',(0.,0.));
#13795 = VECTOR('',#13796,1.);
#13796 = DIRECTION('',(0.,-1.));
#13797 = ( GEOMETRIC_REPRESENTATION_CONTEXT(2) 
PARAMETRIC_REPRESENTATION_CONTEXT() REPRESENTATION_CONTEXT('2D SPACE',''
  ) );
#13798 = ADVANCED_FACE('',(#13799),#2847,.F.);
#13799 = FACE_BOUND('',#13800,.F.);
#13800 = EDGE_LOOP('',(#13801,#13802,#13803,#13804));
#13801 = ORIENTED_EDGE('',*,*,#2831,.F.);
#13802 = ORIENTED_EDGE('',*,*,#13778,.T.);
#13803 = ORIENTED_EDGE('',*,*,#8406,.T.);
#13804 = ORIENTED_EDGE('',*,*,#13324,.F.);
#13805 = ADVANCED_FACE('',(#13806),#3325,.F.);
#13806 = FACE_BOUND('',#13807,.F.);
#13807 = EDGE_LOOP('',(#13808,#13809,#13830,#13831));
#13808 = ORIENTED_EDGE('',*,*,#3307,.F.);
#13809 = ORIENTED_EDGE('',*,*,#13810,.T.);
#13810 = EDGE_CURVE('',#3308,#8764,#13811,.T.);
#13811 = SURFACE_CURVE('',#13812,(#13816,#13823),.PCURVE_S1.);
#13812 = LINE('',#13813,#13814);
#13813 = CARTESIAN_POINT('',(13.235671,-45.27903,0.));
#13814 = VECTOR('',#13815,1.);
#13815 = DIRECTION('',(0.,0.,1.));
#13816 = PCURVE('',#3325,#13817);
#13817 = DEFINITIONAL_REPRESENTATION('',(#13818),#13822);
#13818 = LINE('',#13819,#13820);
#13819 = CARTESIAN_POINT('',(0.,0.));
#13820 = VECTOR('',#13821,1.);
#13821 = DIRECTION('',(0.,-1.));
#13822 = ( GEOMETRIC_REPRESENTATION_CONTEXT(2) 
PARAMETRIC_REPRESENTATION_CONTEXT() REPRESENTATION_CONTEXT('2D SPACE',''
  ) );
#13823 = PCURVE('',#3353,#13824);
#13824 = DEFINITIONAL_REPRESENTATION('',(#13825),#13829);
#13825 = LINE('',#13826,#13827);
#13826 = CARTESIAN_POINT('',(9.754527738953E-02,0.));
#13827 = VECTOR('',#13828,1.);
#13828 = DIRECTION('',(0.,-1.));
#13829 = ( GEOMETRIC_REPRESENTATION_CONTEXT(2) 
PARAMETRIC_REPRESENTATION_CONTEXT() REPRESENTATION_CONTEXT('2D SPACE',''
  ) );
#13830 = ORIENTED_EDGE('',*,*,#8763,.T.);
#13831 = ORIENTED_EDGE('',*,*,#13832,.F.);
#13832 = EDGE_CURVE('',#3310,#8766,#13833,.T.);
#13833 = SURFACE_CURVE('',#13834,(#13838,#13845),.PCURVE_S1.);
#13834 = LINE('',#13835,#13836);
#13835 = CARTESIAN_POINT('',(13.316777,-45.333223,0.));
#13836 = VECTOR('',#13837,1.);
#13837 = DIRECTION('',(0.,0.,1.));
#13838 = PCURVE('',#3325,#13839);
#13839 = DEFINITIONAL_REPRESENTATION('',(#13840),#13844);
#13840 = LINE('',#13841,#13842);
#13841 = CARTESIAN_POINT('',(9.754519201375E-02,0.));
#13842 = VECTOR('',#13843,1.);
#13843 = DIRECTION('',(0.,-1.));
#13844 = ( GEOMETRIC_REPRESENTATION_CONTEXT(2) 
PARAMETRIC_REPRESENTATION_CONTEXT() REPRESENTATION_CONTEXT('2D SPACE',''
  ) );
#13845 = PCURVE('',#3799,#13846);
#13846 = DEFINITIONAL_REPRESENTATION('',(#13847),#13851);
#13847 = LINE('',#13848,#13849);
#13848 = CARTESIAN_POINT('',(0.,0.));
#13849 = VECTOR('',#13850,1.);
#13850 = DIRECTION('',(0.,-1.));
#13851 = ( GEOMETRIC_REPRESENTATION_CONTEXT(2) 
PARAMETRIC_REPRESENTATION_CONTEXT() REPRESENTATION_CONTEXT('2D SPACE',''
  ) );
#13852 = ADVANCED_FACE('',(#13853),#3799,.F.);
#13853 = FACE_BOUND('',#13854,.F.);
#13854 = EDGE_LOOP('',(#13855,#13856,#13857,#13858));
#13855 = ORIENTED_EDGE('',*,*,#3785,.F.);
#13856 = ORIENTED_EDGE('',*,*,#13832,.T.);
#13857 = ORIENTED_EDGE('',*,*,#9122,.T.);
#13858 = ORIENTED_EDGE('',*,*,#13859,.F.);
#13859 = EDGE_CURVE('',#3758,#9102,#13860,.T.);
#13860 = SURFACE_CURVE('',#13861,(#13865,#13872),.PCURVE_S1.);
#13861 = LINE('',#13862,#13863);
#13862 = CARTESIAN_POINT('',(13.37097,-45.414329,0.));
#13863 = VECTOR('',#13864,1.);
#13864 = DIRECTION('',(0.,0.,1.));
#13865 = PCURVE('',#3799,#13866);
#13866 = DEFINITIONAL_REPRESENTATION('',(#13867),#13871);
#13867 = LINE('',#13868,#13869);
#13868 = CARTESIAN_POINT('',(9.754519201376E-02,0.));
#13869 = VECTOR('',#13870,1.);
#13870 = DIRECTION('',(0.,-1.));
#13871 = ( GEOMETRIC_REPRESENTATION_CONTEXT(2) 
PARAMETRIC_REPRESENTATION_CONTEXT() REPRESENTATION_CONTEXT('2D SPACE',''
  ) );
#13872 = PCURVE('',#3773,#13873);
#13873 = DEFINITIONAL_REPRESENTATION('',(#13874),#13878);
#13874 = LINE('',#13875,#13876);
#13875 = CARTESIAN_POINT('',(0.,0.));
#13876 = VECTOR('',#13877,1.);
#13877 = DIRECTION('',(0.,-1.));
#13878 = ( GEOMETRIC_REPRESENTATION_CONTEXT(2) 
PARAMETRIC_REPRESENTATION_CONTEXT() REPRESENTATION_CONTEXT('2D SPACE',''
  ) );
#13879 = ADVANCED_FACE('',(#13880),#3773,.F.);
#13880 = FACE_BOUND('',#13881,.F.);
#13881 = EDGE_LOOP('',(#13882,#13883,#13884,#13885));
#13882 = ORIENTED_EDGE('',*,*,#3757,.F.);
#13883 = ORIENTED_EDGE('',*,*,#13859,.T.);
#13884 = ORIENTED_EDGE('',*,*,#9101,.T.);
#13885 = ORIENTED_EDGE('',*,*,#13886,.F.);
#13886 = EDGE_CURVE('',#3730,#9081,#13887,.T.);
#13887 = SURFACE_CURVE('',#13888,(#13892,#13899),.PCURVE_S1.);
#13888 = LINE('',#13889,#13890);
#13889 = CARTESIAN_POINT('',(13.39,-45.51,0.));
#13890 = VECTOR('',#13891,1.);
#13891 = DIRECTION('',(0.,0.,1.));
#13892 = PCURVE('',#3773,#13893);
#13893 = DEFINITIONAL_REPRESENTATION('',(#13894),#13898);
#13894 = LINE('',#13895,#13896);
#13895 = CARTESIAN_POINT('',(9.754527738952E-02,0.));
#13896 = VECTOR('',#13897,1.);
#13897 = DIRECTION('',(0.,-1.));
#13898 = ( GEOMETRIC_REPRESENTATION_CONTEXT(2) 
PARAMETRIC_REPRESENTATION_CONTEXT() REPRESENTATION_CONTEXT('2D SPACE',''
  ) );
#13899 = PCURVE('',#3745,#13900);
#13900 = DEFINITIONAL_REPRESENTATION('',(#13901),#13905);
#13901 = LINE('',#13902,#13903);
#13902 = CARTESIAN_POINT('',(0.,0.));
#13903 = VECTOR('',#13904,1.);
#13904 = DIRECTION('',(0.,-1.));
#13905 = ( GEOMETRIC_REPRESENTATION_CONTEXT(2) 
PARAMETRIC_REPRESENTATION_CONTEXT() REPRESENTATION_CONTEXT('2D SPACE',''
  ) );
#13906 = ADVANCED_FACE('',(#13907),#3745,.F.);
#13907 = FACE_BOUND('',#13908,.F.);
#13908 = EDGE_LOOP('',(#13909,#13910,#13911,#13912));
#13909 = ORIENTED_EDGE('',*,*,#3729,.F.);
#13910 = ORIENTED_EDGE('',*,*,#13886,.T.);
#13911 = ORIENTED_EDGE('',*,*,#9080,.T.);
#13912 = ORIENTED_EDGE('',*,*,#13913,.F.);
#13913 = EDGE_CURVE('',#3702,#9060,#13914,.T.);
#13914 = SURFACE_CURVE('',#13915,(#13919,#13926),.PCURVE_S1.);
#13915 = LINE('',#13916,#13917);
#13916 = CARTESIAN_POINT('',(13.37097,-45.605671,0.));
#13917 = VECTOR('',#13918,1.);
#13918 = DIRECTION('',(0.,0.,1.));
#13919 = PCURVE('',#3745,#13920);
#13920 = DEFINITIONAL_REPRESENTATION('',(#13921),#13925);
#13921 = LINE('',#13922,#13923);
#13922 = CARTESIAN_POINT('',(9.754527738953E-02,0.));
#13923 = VECTOR('',#13924,1.);
#13924 = DIRECTION('',(0.,-1.));
#13925 = ( GEOMETRIC_REPRESENTATION_CONTEXT(2) 
PARAMETRIC_REPRESENTATION_CONTEXT() REPRESENTATION_CONTEXT('2D SPACE',''
  ) );
#13926 = PCURVE('',#3717,#13927);
#13927 = DEFINITIONAL_REPRESENTATION('',(#13928),#13932);
#13928 = LINE('',#13929,#13930);
#13929 = CARTESIAN_POINT('',(0.,0.));
#13930 = VECTOR('',#13931,1.);
#13931 = DIRECTION('',(0.,-1.));
#13932 = ( GEOMETRIC_REPRESENTATION_CONTEXT(2) 
PARAMETRIC_REPRESENTATION_CONTEXT() REPRESENTATION_CONTEXT('2D SPACE',''
  ) );
#13933 = ADVANCED_FACE('',(#13934),#3717,.F.);
#13934 = FACE_BOUND('',#13935,.F.);
#13935 = EDGE_LOOP('',(#13936,#13937,#13938,#13939));
#13936 = ORIENTED_EDGE('',*,*,#3701,.F.);
#13937 = ORIENTED_EDGE('',*,*,#13913,.T.);
#13938 = ORIENTED_EDGE('',*,*,#9059,.T.);
#13939 = ORIENTED_EDGE('',*,*,#13940,.F.);
#13940 = EDGE_CURVE('',#3674,#9039,#13941,.T.);
#13941 = SURFACE_CURVE('',#13942,(#13946,#13953),.PCURVE_S1.);
#13942 = LINE('',#13943,#13944);
#13943 = CARTESIAN_POINT('',(13.316777,-45.686777,0.));
#13944 = VECTOR('',#13945,1.);
#13945 = DIRECTION('',(0.,0.,1.));
#13946 = PCURVE('',#3717,#13947);
#13947 = DEFINITIONAL_REPRESENTATION('',(#13948),#13952);
#13948 = LINE('',#13949,#13950);
#13949 = CARTESIAN_POINT('',(9.754519201375E-02,0.));
#13950 = VECTOR('',#13951,1.);
#13951 = DIRECTION('',(0.,-1.));
#13952 = ( GEOMETRIC_REPRESENTATION_CONTEXT(2) 
PARAMETRIC_REPRESENTATION_CONTEXT() REPRESENTATION_CONTEXT('2D SPACE',''
  ) );
#13953 = PCURVE('',#3689,#13954);
#13954 = DEFINITIONAL_REPRESENTATION('',(#13955),#13959);
#13955 = LINE('',#13956,#13957);
#13956 = CARTESIAN_POINT('',(0.,0.));
#13957 = VECTOR('',#13958,1.);
#13958 = DIRECTION('',(0.,-1.));
#13959 = ( GEOMETRIC_REPRESENTATION_CONTEXT(2) 
PARAMETRIC_REPRESENTATION_CONTEXT() REPRESENTATION_CONTEXT('2D SPACE',''
  ) );
#13960 = ADVANCED_FACE('',(#13961),#3689,.F.);
#13961 = FACE_BOUND('',#13962,.F.);
#13962 = EDGE_LOOP('',(#13963,#13964,#13965,#13966));
#13963 = ORIENTED_EDGE('',*,*,#3673,.F.);
#13964 = ORIENTED_EDGE('',*,*,#13940,.T.);
#13965 = ORIENTED_EDGE('',*,*,#9038,.T.);
#13966 = ORIENTED_EDGE('',*,*,#13967,.F.);
#13967 = EDGE_CURVE('',#3646,#9018,#13968,.T.);
#13968 = SURFACE_CURVE('',#13969,(#13973,#13980),.PCURVE_S1.);
#13969 = LINE('',#13970,#13971);
#13970 = CARTESIAN_POINT('',(13.235671,-45.74097,0.));
#13971 = VECTOR('',#13972,1.);
#13972 = DIRECTION('',(0.,0.,1.));
#13973 = PCURVE('',#3689,#13974);
#13974 = DEFINITIONAL_REPRESENTATION('',(#13975),#13979);
#13975 = LINE('',#13976,#13977);
#13976 = CARTESIAN_POINT('',(9.754519201375E-02,0.));
#13977 = VECTOR('',#13978,1.);
#13978 = DIRECTION('',(0.,-1.));
#13979 = ( GEOMETRIC_REPRESENTATION_CONTEXT(2) 
PARAMETRIC_REPRESENTATION_CONTEXT() REPRESENTATION_CONTEXT('2D SPACE',''
  ) );
#13980 = PCURVE('',#3661,#13981);
#13981 = DEFINITIONAL_REPRESENTATION('',(#13982),#13986);
#13982 = LINE('',#13983,#13984);
#13983 = CARTESIAN_POINT('',(0.,0.));
#13984 = VECTOR('',#13985,1.);
#13985 = DIRECTION('',(0.,-1.));
#13986 = ( GEOMETRIC_REPRESENTATION_CONTEXT(2) 
PARAMETRIC_REPRESENTATION_CONTEXT() REPRESENTATION_CONTEXT('2D SPACE',''
  ) );
#13987 = ADVANCED_FACE('',(#13988),#3661,.F.);
#13988 = FACE_BOUND('',#13989,.F.);
#13989 = EDGE_LOOP('',(#13990,#13991,#13992,#13993));
#13990 = ORIENTED_EDGE('',*,*,#3645,.F.);
#13991 = ORIENTED_EDGE('',*,*,#13967,.T.);
#13992 = ORIENTED_EDGE('',*,*,#9017,.T.);
#13993 = ORIENTED_EDGE('',*,*,#13994,.F.);
#13994 = EDGE_CURVE('',#3618,#8997,#13995,.T.);
#13995 = SURFACE_CURVE('',#13996,(#14000,#14007),.PCURVE_S1.);
#13996 = LINE('',#13997,#13998);
#13997 = CARTESIAN_POINT('',(13.14,-45.76,0.));
#13998 = VECTOR('',#13999,1.);
#13999 = DIRECTION('',(0.,0.,1.));
#14000 = PCURVE('',#3661,#14001);
#14001 = DEFINITIONAL_REPRESENTATION('',(#14002),#14006);
#14002 = LINE('',#14003,#14004);
#14003 = CARTESIAN_POINT('',(9.754527738953E-02,0.));
#14004 = VECTOR('',#14005,1.);
#14005 = DIRECTION('',(0.,-1.));
#14006 = ( GEOMETRIC_REPRESENTATION_CONTEXT(2) 
PARAMETRIC_REPRESENTATION_CONTEXT() REPRESENTATION_CONTEXT('2D SPACE',''
  ) );
#14007 = PCURVE('',#3633,#14008);
#14008 = DEFINITIONAL_REPRESENTATION('',(#14009),#14013);
#14009 = LINE('',#14010,#14011);
#14010 = CARTESIAN_POINT('',(0.,-0.));
#14011 = VECTOR('',#14012,1.);
#14012 = DIRECTION('',(0.,-1.));
#14013 = ( GEOMETRIC_REPRESENTATION_CONTEXT(2) 
PARAMETRIC_REPRESENTATION_CONTEXT() REPRESENTATION_CONTEXT('2D SPACE',''
  ) );
#14014 = ADVANCED_FACE('',(#14015),#3633,.F.);
#14015 = FACE_BOUND('',#14016,.F.);
#14016 = EDGE_LOOP('',(#14017,#14018,#14019,#14020));
#14017 = ORIENTED_EDGE('',*,*,#3617,.F.);
#14018 = ORIENTED_EDGE('',*,*,#13994,.T.);
#14019 = ORIENTED_EDGE('',*,*,#8996,.T.);
#14020 = ORIENTED_EDGE('',*,*,#14021,.F.);
#14021 = EDGE_CURVE('',#3590,#8976,#14022,.T.);
#14022 = SURFACE_CURVE('',#14023,(#14027,#14034),.PCURVE_S1.);
#14023 = LINE('',#14024,#14025);
#14024 = CARTESIAN_POINT('',(12.54,-45.76,0.));
#14025 = VECTOR('',#14026,1.);
#14026 = DIRECTION('',(0.,0.,1.));
#14027 = PCURVE('',#3633,#14028);
#14028 = DEFINITIONAL_REPRESENTATION('',(#14029),#14033);
#14029 = LINE('',#14030,#14031);
#14030 = CARTESIAN_POINT('',(0.6,0.));
#14031 = VECTOR('',#14032,1.);
#14032 = DIRECTION('',(0.,-1.));
#14033 = ( GEOMETRIC_REPRESENTATION_CONTEXT(2) 
PARAMETRIC_REPRESENTATION_CONTEXT() REPRESENTATION_CONTEXT('2D SPACE',''
  ) );
#14034 = PCURVE('',#3605,#14035);
#14035 = DEFINITIONAL_REPRESENTATION('',(#14036),#14040);
#14036 = LINE('',#14037,#14038);
#14037 = CARTESIAN_POINT('',(0.,0.));
#14038 = VECTOR('',#14039,1.);
#14039 = DIRECTION('',(0.,-1.));
#14040 = ( GEOMETRIC_REPRESENTATION_CONTEXT(2) 
PARAMETRIC_REPRESENTATION_CONTEXT() REPRESENTATION_CONTEXT('2D SPACE',''
  ) );
#14041 = ADVANCED_FACE('',(#14042),#3605,.F.);
#14042 = FACE_BOUND('',#14043,.F.);
#14043 = EDGE_LOOP('',(#14044,#14045,#14046,#14047));
#14044 = ORIENTED_EDGE('',*,*,#3589,.F.);
#14045 = ORIENTED_EDGE('',*,*,#14021,.T.);
#14046 = ORIENTED_EDGE('',*,*,#8975,.T.);
#14047 = ORIENTED_EDGE('',*,*,#14048,.F.);
#14048 = EDGE_CURVE('',#3562,#8955,#14049,.T.);
#14049 = SURFACE_CURVE('',#14050,(#14054,#14061),.PCURVE_S1.);
#14050 = LINE('',#14051,#14052);
#14051 = CARTESIAN_POINT('',(12.444329,-45.74097,0.));
#14052 = VECTOR('',#14053,1.);
#14053 = DIRECTION('',(0.,0.,1.));
#14054 = PCURVE('',#3605,#14055);
#14055 = DEFINITIONAL_REPRESENTATION('',(#14056),#14060);
#14056 = LINE('',#14057,#14058);
#14057 = CARTESIAN_POINT('',(9.754527738953E-02,0.));
#14058 = VECTOR('',#14059,1.);
#14059 = DIRECTION('',(0.,-1.));
#14060 = ( GEOMETRIC_REPRESENTATION_CONTEXT(2) 
PARAMETRIC_REPRESENTATION_CONTEXT() REPRESENTATION_CONTEXT('2D SPACE',''
  ) );
#14061 = PCURVE('',#3577,#14062);
#14062 = DEFINITIONAL_REPRESENTATION('',(#14063),#14067);
#14063 = LINE('',#14064,#14065);
#14064 = CARTESIAN_POINT('',(0.,0.));
#14065 = VECTOR('',#14066,1.);
#14066 = DIRECTION('',(0.,-1.));
#14067 = ( GEOMETRIC_REPRESENTATION_CONTEXT(2) 
PARAMETRIC_REPRESENTATION_CONTEXT() REPRESENTATION_CONTEXT('2D SPACE',''
  ) );
#14068 = ADVANCED_FACE('',(#14069),#3577,.F.);
#14069 = FACE_BOUND('',#14070,.F.);
#14070 = EDGE_LOOP('',(#14071,#14072,#14073,#14074));
#14071 = ORIENTED_EDGE('',*,*,#3561,.F.);
#14072 = ORIENTED_EDGE('',*,*,#14048,.T.);
#14073 = ORIENTED_EDGE('',*,*,#8954,.T.);
#14074 = ORIENTED_EDGE('',*,*,#14075,.F.);
#14075 = EDGE_CURVE('',#3534,#8934,#14076,.T.);
#14076 = SURFACE_CURVE('',#14077,(#14081,#14088),.PCURVE_S1.);
#14077 = LINE('',#14078,#14079);
#14078 = CARTESIAN_POINT('',(12.363223,-45.686777,0.));
#14079 = VECTOR('',#14080,1.);
#14080 = DIRECTION('',(0.,0.,1.));
#14081 = PCURVE('',#3577,#14082);
#14082 = DEFINITIONAL_REPRESENTATION('',(#14083),#14087);
#14083 = LINE('',#14084,#14085);
#14084 = CARTESIAN_POINT('',(9.754519201375E-02,0.));
#14085 = VECTOR('',#14086,1.);
#14086 = DIRECTION('',(0.,-1.));
#14087 = ( GEOMETRIC_REPRESENTATION_CONTEXT(2) 
PARAMETRIC_REPRESENTATION_CONTEXT() REPRESENTATION_CONTEXT('2D SPACE',''
  ) );
#14088 = PCURVE('',#3549,#14089);
#14089 = DEFINITIONAL_REPRESENTATION('',(#14090),#14094);
#14090 = LINE('',#14091,#14092);
#14091 = CARTESIAN_POINT('',(0.,0.));
#14092 = VECTOR('',#14093,1.);
#14093 = DIRECTION('',(0.,-1.));
#14094 = ( GEOMETRIC_REPRESENTATION_CONTEXT(2) 
PARAMETRIC_REPRESENTATION_CONTEXT() REPRESENTATION_CONTEXT('2D SPACE',''
  ) );
#14095 = ADVANCED_FACE('',(#14096),#3549,.F.);
#14096 = FACE_BOUND('',#14097,.F.);
#14097 = EDGE_LOOP('',(#14098,#14099,#14100,#14101));
#14098 = ORIENTED_EDGE('',*,*,#3533,.F.);
#14099 = ORIENTED_EDGE('',*,*,#14075,.T.);
#14100 = ORIENTED_EDGE('',*,*,#8933,.T.);
#14101 = ORIENTED_EDGE('',*,*,#14102,.F.);
#14102 = EDGE_CURVE('',#3506,#8913,#14103,.T.);
#14103 = SURFACE_CURVE('',#14104,(#14108,#14115),.PCURVE_S1.);
#14104 = LINE('',#14105,#14106);
#14105 = CARTESIAN_POINT('',(12.30903,-45.605671,0.));
#14106 = VECTOR('',#14107,1.);
#14107 = DIRECTION('',(0.,0.,1.));
#14108 = PCURVE('',#3549,#14109);
#14109 = DEFINITIONAL_REPRESENTATION('',(#14110),#14114);
#14110 = LINE('',#14111,#14112);
#14111 = CARTESIAN_POINT('',(9.754519201375E-02,0.));
#14112 = VECTOR('',#14113,1.);
#14113 = DIRECTION('',(0.,-1.));
#14114 = ( GEOMETRIC_REPRESENTATION_CONTEXT(2) 
PARAMETRIC_REPRESENTATION_CONTEXT() REPRESENTATION_CONTEXT('2D SPACE',''
  ) );
#14115 = PCURVE('',#3521,#14116);
#14116 = DEFINITIONAL_REPRESENTATION('',(#14117),#14121);
#14117 = LINE('',#14118,#14119);
#14118 = CARTESIAN_POINT('',(0.,0.));
#14119 = VECTOR('',#14120,1.);
#14120 = DIRECTION('',(0.,-1.));
#14121 = ( GEOMETRIC_REPRESENTATION_CONTEXT(2) 
PARAMETRIC_REPRESENTATION_CONTEXT() REPRESENTATION_CONTEXT('2D SPACE',''
  ) );
#14122 = ADVANCED_FACE('',(#14123),#3521,.F.);
#14123 = FACE_BOUND('',#14124,.F.);
#14124 = EDGE_LOOP('',(#14125,#14126,#14127,#14128));
#14125 = ORIENTED_EDGE('',*,*,#3505,.F.);
#14126 = ORIENTED_EDGE('',*,*,#14102,.T.);
#14127 = ORIENTED_EDGE('',*,*,#8912,.T.);
#14128 = ORIENTED_EDGE('',*,*,#14129,.F.);
#14129 = EDGE_CURVE('',#3478,#8892,#14130,.T.);
#14130 = SURFACE_CURVE('',#14131,(#14135,#14142),.PCURVE_S1.);
#14131 = LINE('',#14132,#14133);
#14132 = CARTESIAN_POINT('',(12.29,-45.51,0.));
#14133 = VECTOR('',#14134,1.);
#14134 = DIRECTION('',(0.,0.,1.));
#14135 = PCURVE('',#3521,#14136);
#14136 = DEFINITIONAL_REPRESENTATION('',(#14137),#14141);
#14137 = LINE('',#14138,#14139);
#14138 = CARTESIAN_POINT('',(9.754527738953E-02,0.));
#14139 = VECTOR('',#14140,1.);
#14140 = DIRECTION('',(0.,-1.));
#14141 = ( GEOMETRIC_REPRESENTATION_CONTEXT(2) 
PARAMETRIC_REPRESENTATION_CONTEXT() REPRESENTATION_CONTEXT('2D SPACE',''
  ) );
#14142 = PCURVE('',#3493,#14143);
#14143 = DEFINITIONAL_REPRESENTATION('',(#14144),#14148);
#14144 = LINE('',#14145,#14146);
#14145 = CARTESIAN_POINT('',(0.,0.));
#14146 = VECTOR('',#14147,1.);
#14147 = DIRECTION('',(0.,-1.));
#14148 = ( GEOMETRIC_REPRESENTATION_CONTEXT(2) 
PARAMETRIC_REPRESENTATION_CONTEXT() REPRESENTATION_CONTEXT('2D SPACE',''
  ) );
#14149 = ADVANCED_FACE('',(#14150),#3493,.F.);
#14150 = FACE_BOUND('',#14151,.F.);
#14151 = EDGE_LOOP('',(#14152,#14153,#14154,#14155));
#14152 = ORIENTED_EDGE('',*,*,#3477,.F.);
#14153 = ORIENTED_EDGE('',*,*,#14129,.T.);
#14154 = ORIENTED_EDGE('',*,*,#8891,.T.);
#14155 = ORIENTED_EDGE('',*,*,#14156,.F.);
#14156 = EDGE_CURVE('',#3450,#8871,#14157,.T.);
#14157 = SURFACE_CURVE('',#14158,(#14162,#14169),.PCURVE_S1.);
#14158 = LINE('',#14159,#14160);
#14159 = CARTESIAN_POINT('',(12.30903,-45.414329,0.));
#14160 = VECTOR('',#14161,1.);
#14161 = DIRECTION('',(0.,0.,1.));
#14162 = PCURVE('',#3493,#14163);
#14163 = DEFINITIONAL_REPRESENTATION('',(#14164),#14168);
#14164 = LINE('',#14165,#14166);
#14165 = CARTESIAN_POINT('',(9.754527738952E-02,0.));
#14166 = VECTOR('',#14167,1.);
#14167 = DIRECTION('',(0.,-1.));
#14168 = ( GEOMETRIC_REPRESENTATION_CONTEXT(2) 
PARAMETRIC_REPRESENTATION_CONTEXT() REPRESENTATION_CONTEXT('2D SPACE',''
  ) );
#14169 = PCURVE('',#3465,#14170);
#14170 = DEFINITIONAL_REPRESENTATION('',(#14171),#14175);
#14171 = LINE('',#14172,#14173);
#14172 = CARTESIAN_POINT('',(0.,0.));
#14173 = VECTOR('',#14174,1.);
#14174 = DIRECTION('',(0.,-1.));
#14175 = ( GEOMETRIC_REPRESENTATION_CONTEXT(2) 
PARAMETRIC_REPRESENTATION_CONTEXT() REPRESENTATION_CONTEXT('2D SPACE',''
  ) );
#14176 = ADVANCED_FACE('',(#14177),#3465,.F.);
#14177 = FACE_BOUND('',#14178,.F.);
#14178 = EDGE_LOOP('',(#14179,#14180,#14181,#14182));
#14179 = ORIENTED_EDGE('',*,*,#3449,.F.);
#14180 = ORIENTED_EDGE('',*,*,#14156,.T.);
#14181 = ORIENTED_EDGE('',*,*,#8870,.T.);
#14182 = ORIENTED_EDGE('',*,*,#14183,.F.);
#14183 = EDGE_CURVE('',#3422,#8850,#14184,.T.);
#14184 = SURFACE_CURVE('',#14185,(#14189,#14196),.PCURVE_S1.);
#14185 = LINE('',#14186,#14187);
#14186 = CARTESIAN_POINT('',(12.363223,-45.333223,0.));
#14187 = VECTOR('',#14188,1.);
#14188 = DIRECTION('',(0.,0.,1.));
#14189 = PCURVE('',#3465,#14190);
#14190 = DEFINITIONAL_REPRESENTATION('',(#14191),#14195);
#14191 = LINE('',#14192,#14193);
#14192 = CARTESIAN_POINT('',(9.754519201376E-02,0.));
#14193 = VECTOR('',#14194,1.);
#14194 = DIRECTION('',(0.,-1.));
#14195 = ( GEOMETRIC_REPRESENTATION_CONTEXT(2) 
PARAMETRIC_REPRESENTATION_CONTEXT() REPRESENTATION_CONTEXT('2D SPACE',''
  ) );
#14196 = PCURVE('',#3437,#14197);
#14197 = DEFINITIONAL_REPRESENTATION('',(#14198),#14202);
#14198 = LINE('',#14199,#14200);
#14199 = CARTESIAN_POINT('',(0.,0.));
#14200 = VECTOR('',#14201,1.);
#14201 = DIRECTION('',(0.,-1.));
#14202 = ( GEOMETRIC_REPRESENTATION_CONTEXT(2) 
PARAMETRIC_REPRESENTATION_CONTEXT() REPRESENTATION_CONTEXT('2D SPACE',''
  ) );
#14203 = ADVANCED_FACE('',(#14204),#3437,.F.);
#14204 = FACE_BOUND('',#14205,.F.);
#14205 = EDGE_LOOP('',(#14206,#14207,#14208,#14209));
#14206 = ORIENTED_EDGE('',*,*,#3421,.F.);
#14207 = ORIENTED_EDGE('',*,*,#14183,.T.);
#14208 = ORIENTED_EDGE('',*,*,#8849,.T.);
#14209 = ORIENTED_EDGE('',*,*,#14210,.F.);
#14210 = EDGE_CURVE('',#3394,#8829,#14211,.T.);
#14211 = SURFACE_CURVE('',#14212,(#14216,#14223),.PCURVE_S1.);
#14212 = LINE('',#14213,#14214);
#14213 = CARTESIAN_POINT('',(12.444329,-45.27903,0.));
#14214 = VECTOR('',#14215,1.);
#14215 = DIRECTION('',(0.,0.,1.));
#14216 = PCURVE('',#3437,#14217);
#14217 = DEFINITIONAL_REPRESENTATION('',(#14218),#14222);
#14218 = LINE('',#14219,#14220);
#14219 = CARTESIAN_POINT('',(9.754519201375E-02,0.));
#14220 = VECTOR('',#14221,1.);
#14221 = DIRECTION('',(0.,-1.));
#14222 = ( GEOMETRIC_REPRESENTATION_CONTEXT(2) 
PARAMETRIC_REPRESENTATION_CONTEXT() REPRESENTATION_CONTEXT('2D SPACE',''
  ) );
#14223 = PCURVE('',#3409,#14224);
#14224 = DEFINITIONAL_REPRESENTATION('',(#14225),#14229);
#14225 = LINE('',#14226,#14227);
#14226 = CARTESIAN_POINT('',(0.,0.));
#14227 = VECTOR('',#14228,1.);
#14228 = DIRECTION('',(0.,-1.));
#14229 = ( GEOMETRIC_REPRESENTATION_CONTEXT(2) 
PARAMETRIC_REPRESENTATION_CONTEXT() REPRESENTATION_CONTEXT('2D SPACE',''
  ) );
#14230 = ADVANCED_FACE('',(#14231),#3409,.F.);
#14231 = FACE_BOUND('',#14232,.F.);
#14232 = EDGE_LOOP('',(#14233,#14234,#14235,#14236));
#14233 = ORIENTED_EDGE('',*,*,#3393,.F.);
#14234 = ORIENTED_EDGE('',*,*,#14210,.T.);
#14235 = ORIENTED_EDGE('',*,*,#8828,.T.);
#14236 = ORIENTED_EDGE('',*,*,#14237,.F.);
#14237 = EDGE_CURVE('',#3366,#8808,#14238,.T.);
#14238 = SURFACE_CURVE('',#14239,(#14243,#14250),.PCURVE_S1.);
#14239 = LINE('',#14240,#14241);
#14240 = CARTESIAN_POINT('',(12.54,-45.26,0.));
#14241 = VECTOR('',#14242,1.);
#14242 = DIRECTION('',(0.,0.,1.));
#14243 = PCURVE('',#3409,#14244);
#14244 = DEFINITIONAL_REPRESENTATION('',(#14245),#14249);
#14245 = LINE('',#14246,#14247);
#14246 = CARTESIAN_POINT('',(9.754527738953E-02,0.));
#14247 = VECTOR('',#14248,1.);
#14248 = DIRECTION('',(0.,-1.));
#14249 = ( GEOMETRIC_REPRESENTATION_CONTEXT(2) 
PARAMETRIC_REPRESENTATION_CONTEXT() REPRESENTATION_CONTEXT('2D SPACE',''
  ) );
#14250 = PCURVE('',#3381,#14251);
#14251 = DEFINITIONAL_REPRESENTATION('',(#14252),#14256);
#14252 = LINE('',#14253,#14254);
#14253 = CARTESIAN_POINT('',(0.,0.));
#14254 = VECTOR('',#14255,1.);
#14255 = DIRECTION('',(0.,-1.));
#14256 = ( GEOMETRIC_REPRESENTATION_CONTEXT(2) 
PARAMETRIC_REPRESENTATION_CONTEXT() REPRESENTATION_CONTEXT('2D SPACE',''
  ) );
#14257 = ADVANCED_FACE('',(#14258),#3381,.F.);
#14258 = FACE_BOUND('',#14259,.F.);
#14259 = EDGE_LOOP('',(#14260,#14261,#14262,#14263));
#14260 = ORIENTED_EDGE('',*,*,#3365,.F.);
#14261 = ORIENTED_EDGE('',*,*,#14237,.T.);
#14262 = ORIENTED_EDGE('',*,*,#8807,.T.);
#14263 = ORIENTED_EDGE('',*,*,#14264,.F.);
#14264 = EDGE_CURVE('',#3338,#8787,#14265,.T.);
#14265 = SURFACE_CURVE('',#14266,(#14270,#14277),.PCURVE_S1.);
#14266 = LINE('',#14267,#14268);
#14267 = CARTESIAN_POINT('',(13.14,-45.26,0.));
#14268 = VECTOR('',#14269,1.);
#14269 = DIRECTION('',(0.,0.,1.));
#14270 = PCURVE('',#3381,#14271);
#14271 = DEFINITIONAL_REPRESENTATION('',(#14272),#14276);
#14272 = LINE('',#14273,#14274);
#14273 = CARTESIAN_POINT('',(0.6,0.));
#14274 = VECTOR('',#14275,1.);
#14275 = DIRECTION('',(0.,-1.));
#14276 = ( GEOMETRIC_REPRESENTATION_CONTEXT(2) 
PARAMETRIC_REPRESENTATION_CONTEXT() REPRESENTATION_CONTEXT('2D SPACE',''
  ) );
#14277 = PCURVE('',#3353,#14278);
#14278 = DEFINITIONAL_REPRESENTATION('',(#14279),#14283);
#14279 = LINE('',#14280,#14281);
#14280 = CARTESIAN_POINT('',(0.,0.));
#14281 = VECTOR('',#14282,1.);
#14282 = DIRECTION('',(0.,-1.));
#14283 = ( GEOMETRIC_REPRESENTATION_CONTEXT(2) 
PARAMETRIC_REPRESENTATION_CONTEXT() REPRESENTATION_CONTEXT('2D SPACE',''
  ) );
#14284 = ADVANCED_FACE('',(#14285),#3353,.F.);
#14285 = FACE_BOUND('',#14286,.F.);
#14286 = EDGE_LOOP('',(#14287,#14288,#14289,#14290));
#14287 = ORIENTED_EDGE('',*,*,#3337,.F.);
#14288 = ORIENTED_EDGE('',*,*,#14264,.T.);
#14289 = ORIENTED_EDGE('',*,*,#8786,.T.);
#14290 = ORIENTED_EDGE('',*,*,#13810,.F.);
#14291 = ADVANCED_FACE('',(#14292),#3831,.F.);
#14292 = FACE_BOUND('',#14293,.F.);
#14293 = EDGE_LOOP('',(#14294,#14295,#14316,#14317));
#14294 = ORIENTED_EDGE('',*,*,#3813,.F.);
#14295 = ORIENTED_EDGE('',*,*,#14296,.T.);
#14296 = EDGE_CURVE('',#3814,#9144,#14297,.T.);
#14297 = SURFACE_CURVE('',#14298,(#14302,#14309),.PCURVE_S1.);
#14298 = LINE('',#14299,#14300);
#14299 = CARTESIAN_POINT('',(7.285671,-53.89903,0.));
#14300 = VECTOR('',#14301,1.);
#14301 = DIRECTION('',(0.,0.,1.));
#14302 = PCURVE('',#3831,#14303);
#14303 = DEFINITIONAL_REPRESENTATION('',(#14304),#14308);
#14304 = LINE('',#14305,#14306);
#14305 = CARTESIAN_POINT('',(0.,0.));
#14306 = VECTOR('',#14307,1.);
#14307 = DIRECTION('',(0.,-1.));
#14308 = ( GEOMETRIC_REPRESENTATION_CONTEXT(2) 
PARAMETRIC_REPRESENTATION_CONTEXT() REPRESENTATION_CONTEXT('2D SPACE',''
  ) );
#14309 = PCURVE('',#3859,#14310);
#14310 = DEFINITIONAL_REPRESENTATION('',(#14311),#14315);
#14311 = LINE('',#14312,#14313);
#14312 = CARTESIAN_POINT('',(9.754527738953E-02,0.));
#14313 = VECTOR('',#14314,1.);
#14314 = DIRECTION('',(0.,-1.));
#14315 = ( GEOMETRIC_REPRESENTATION_CONTEXT(2) 
PARAMETRIC_REPRESENTATION_CONTEXT() REPRESENTATION_CONTEXT('2D SPACE',''
  ) );
#14316 = ORIENTED_EDGE('',*,*,#9143,.T.);
#14317 = ORIENTED_EDGE('',*,*,#14318,.F.);
#14318 = EDGE_CURVE('',#3816,#9146,#14319,.T.);
#14319 = SURFACE_CURVE('',#14320,(#14324,#14331),.PCURVE_S1.);
#14320 = LINE('',#14321,#14322);
#14321 = CARTESIAN_POINT('',(7.366777,-53.953223,0.));
#14322 = VECTOR('',#14323,1.);
#14323 = DIRECTION('',(0.,0.,1.));
#14324 = PCURVE('',#3831,#14325);
#14325 = DEFINITIONAL_REPRESENTATION('',(#14326),#14330);
#14326 = LINE('',#14327,#14328);
#14327 = CARTESIAN_POINT('',(9.754519201375E-02,0.));
#14328 = VECTOR('',#14329,1.);
#14329 = DIRECTION('',(0.,-1.));
#14330 = ( GEOMETRIC_REPRESENTATION_CONTEXT(2) 
PARAMETRIC_REPRESENTATION_CONTEXT() REPRESENTATION_CONTEXT('2D SPACE',''
  ) );
#14331 = PCURVE('',#4305,#14332);
#14332 = DEFINITIONAL_REPRESENTATION('',(#14333),#14337);
#14333 = LINE('',#14334,#14335);
#14334 = CARTESIAN_POINT('',(0.,0.));
#14335 = VECTOR('',#14336,1.);
#14336 = DIRECTION('',(0.,-1.));
#14337 = ( GEOMETRIC_REPRESENTATION_CONTEXT(2) 
PARAMETRIC_REPRESENTATION_CONTEXT() REPRESENTATION_CONTEXT('2D SPACE',''
  ) );
#14338 = ADVANCED_FACE('',(#14339),#4305,.F.);
#14339 = FACE_BOUND('',#14340,.F.);
#14340 = EDGE_LOOP('',(#14341,#14342,#14343,#14344));
#14341 = ORIENTED_EDGE('',*,*,#4291,.F.);
#14342 = ORIENTED_EDGE('',*,*,#14318,.T.);
#14343 = ORIENTED_EDGE('',*,*,#9502,.T.);
#14344 = ORIENTED_EDGE('',*,*,#14345,.F.);
#14345 = EDGE_CURVE('',#4264,#9482,#14346,.T.);
#14346 = SURFACE_CURVE('',#14347,(#14351,#14358),.PCURVE_S1.);
#14347 = LINE('',#14348,#14349);
#14348 = CARTESIAN_POINT('',(7.42097,-54.034329,0.));
#14349 = VECTOR('',#14350,1.);
#14350 = DIRECTION('',(0.,0.,1.));
#14351 = PCURVE('',#4305,#14352);
#14352 = DEFINITIONAL_REPRESENTATION('',(#14353),#14357);
#14353 = LINE('',#14354,#14355);
#14354 = CARTESIAN_POINT('',(9.754519201375E-02,0.));
#14355 = VECTOR('',#14356,1.);
#14356 = DIRECTION('',(0.,-1.));
#14357 = ( GEOMETRIC_REPRESENTATION_CONTEXT(2) 
PARAMETRIC_REPRESENTATION_CONTEXT() REPRESENTATION_CONTEXT('2D SPACE',''
  ) );
#14358 = PCURVE('',#4279,#14359);
#14359 = DEFINITIONAL_REPRESENTATION('',(#14360),#14364);
#14360 = LINE('',#14361,#14362);
#14361 = CARTESIAN_POINT('',(0.,0.));
#14362 = VECTOR('',#14363,1.);
#14363 = DIRECTION('',(0.,-1.));
#14364 = ( GEOMETRIC_REPRESENTATION_CONTEXT(2) 
PARAMETRIC_REPRESENTATION_CONTEXT() REPRESENTATION_CONTEXT('2D SPACE',''
  ) );
#14365 = ADVANCED_FACE('',(#14366),#4279,.F.);
#14366 = FACE_BOUND('',#14367,.F.);
#14367 = EDGE_LOOP('',(#14368,#14369,#14370,#14371));
#14368 = ORIENTED_EDGE('',*,*,#4263,.F.);
#14369 = ORIENTED_EDGE('',*,*,#14345,.T.);
#14370 = ORIENTED_EDGE('',*,*,#9481,.T.);
#14371 = ORIENTED_EDGE('',*,*,#14372,.F.);
#14372 = EDGE_CURVE('',#4236,#9461,#14373,.T.);
#14373 = SURFACE_CURVE('',#14374,(#14378,#14385),.PCURVE_S1.);
#14374 = LINE('',#14375,#14376);
#14375 = CARTESIAN_POINT('',(7.44,-54.13,0.));
#14376 = VECTOR('',#14377,1.);
#14377 = DIRECTION('',(0.,0.,1.));
#14378 = PCURVE('',#4279,#14379);
#14379 = DEFINITIONAL_REPRESENTATION('',(#14380),#14384);
#14380 = LINE('',#14381,#14382);
#14381 = CARTESIAN_POINT('',(9.754527738953E-02,0.));
#14382 = VECTOR('',#14383,1.);
#14383 = DIRECTION('',(0.,-1.));
#14384 = ( GEOMETRIC_REPRESENTATION_CONTEXT(2) 
PARAMETRIC_REPRESENTATION_CONTEXT() REPRESENTATION_CONTEXT('2D SPACE',''
  ) );
#14385 = PCURVE('',#4251,#14386);
#14386 = DEFINITIONAL_REPRESENTATION('',(#14387),#14391);
#14387 = LINE('',#14388,#14389);
#14388 = CARTESIAN_POINT('',(0.,0.));
#14389 = VECTOR('',#14390,1.);
#14390 = DIRECTION('',(0.,-1.));
#14391 = ( GEOMETRIC_REPRESENTATION_CONTEXT(2) 
PARAMETRIC_REPRESENTATION_CONTEXT() REPRESENTATION_CONTEXT('2D SPACE',''
  ) );
#14392 = ADVANCED_FACE('',(#14393),#4251,.F.);
#14393 = FACE_BOUND('',#14394,.F.);
#14394 = EDGE_LOOP('',(#14395,#14396,#14397,#14398));
#14395 = ORIENTED_EDGE('',*,*,#4235,.F.);
#14396 = ORIENTED_EDGE('',*,*,#14372,.T.);
#14397 = ORIENTED_EDGE('',*,*,#9460,.T.);
#14398 = ORIENTED_EDGE('',*,*,#14399,.F.);
#14399 = EDGE_CURVE('',#4208,#9440,#14400,.T.);
#14400 = SURFACE_CURVE('',#14401,(#14405,#14412),.PCURVE_S1.);
#14401 = LINE('',#14402,#14403);
#14402 = CARTESIAN_POINT('',(7.42097,-54.225671,0.));
#14403 = VECTOR('',#14404,1.);
#14404 = DIRECTION('',(0.,0.,1.));
#14405 = PCURVE('',#4251,#14406);
#14406 = DEFINITIONAL_REPRESENTATION('',(#14407),#14411);
#14407 = LINE('',#14408,#14409);
#14408 = CARTESIAN_POINT('',(9.754527738952E-02,0.));
#14409 = VECTOR('',#14410,1.);
#14410 = DIRECTION('',(0.,-1.));
#14411 = ( GEOMETRIC_REPRESENTATION_CONTEXT(2) 
PARAMETRIC_REPRESENTATION_CONTEXT() REPRESENTATION_CONTEXT('2D SPACE',''
  ) );
#14412 = PCURVE('',#4223,#14413);
#14413 = DEFINITIONAL_REPRESENTATION('',(#14414),#14418);
#14414 = LINE('',#14415,#14416);
#14415 = CARTESIAN_POINT('',(0.,0.));
#14416 = VECTOR('',#14417,1.);
#14417 = DIRECTION('',(0.,-1.));
#14418 = ( GEOMETRIC_REPRESENTATION_CONTEXT(2) 
PARAMETRIC_REPRESENTATION_CONTEXT() REPRESENTATION_CONTEXT('2D SPACE',''
  ) );
#14419 = ADVANCED_FACE('',(#14420),#4223,.F.);
#14420 = FACE_BOUND('',#14421,.F.);
#14421 = EDGE_LOOP('',(#14422,#14423,#14424,#14425));
#14422 = ORIENTED_EDGE('',*,*,#4207,.F.);
#14423 = ORIENTED_EDGE('',*,*,#14399,.T.);
#14424 = ORIENTED_EDGE('',*,*,#9439,.T.);
#14425 = ORIENTED_EDGE('',*,*,#14426,.F.);
#14426 = EDGE_CURVE('',#4180,#9419,#14427,.T.);
#14427 = SURFACE_CURVE('',#14428,(#14432,#14439),.PCURVE_S1.);
#14428 = LINE('',#14429,#14430);
#14429 = CARTESIAN_POINT('',(7.366777,-54.306777,0.));
#14430 = VECTOR('',#14431,1.);
#14431 = DIRECTION('',(0.,0.,1.));
#14432 = PCURVE('',#4223,#14433);
#14433 = DEFINITIONAL_REPRESENTATION('',(#14434),#14438);
#14434 = LINE('',#14435,#14436);
#14435 = CARTESIAN_POINT('',(9.754519201375E-02,0.));
#14436 = VECTOR('',#14437,1.);
#14437 = DIRECTION('',(0.,-1.));
#14438 = ( GEOMETRIC_REPRESENTATION_CONTEXT(2) 
PARAMETRIC_REPRESENTATION_CONTEXT() REPRESENTATION_CONTEXT('2D SPACE',''
  ) );
#14439 = PCURVE('',#4195,#14440);
#14440 = DEFINITIONAL_REPRESENTATION('',(#14441),#14445);
#14441 = LINE('',#14442,#14443);
#14442 = CARTESIAN_POINT('',(0.,0.));
#14443 = VECTOR('',#14444,1.);
#14444 = DIRECTION('',(0.,-1.));
#14445 = ( GEOMETRIC_REPRESENTATION_CONTEXT(2) 
PARAMETRIC_REPRESENTATION_CONTEXT() REPRESENTATION_CONTEXT('2D SPACE',''
  ) );
#14446 = ADVANCED_FACE('',(#14447),#4195,.F.);
#14447 = FACE_BOUND('',#14448,.F.);
#14448 = EDGE_LOOP('',(#14449,#14450,#14451,#14452));
#14449 = ORIENTED_EDGE('',*,*,#4179,.F.);
#14450 = ORIENTED_EDGE('',*,*,#14426,.T.);
#14451 = ORIENTED_EDGE('',*,*,#9418,.T.);
#14452 = ORIENTED_EDGE('',*,*,#14453,.F.);
#14453 = EDGE_CURVE('',#4152,#9398,#14454,.T.);
#14454 = SURFACE_CURVE('',#14455,(#14459,#14466),.PCURVE_S1.);
#14455 = LINE('',#14456,#14457);
#14456 = CARTESIAN_POINT('',(7.285671,-54.36097,0.));
#14457 = VECTOR('',#14458,1.);
#14458 = DIRECTION('',(0.,0.,1.));
#14459 = PCURVE('',#4195,#14460);
#14460 = DEFINITIONAL_REPRESENTATION('',(#14461),#14465);
#14461 = LINE('',#14462,#14463);
#14462 = CARTESIAN_POINT('',(9.754519201376E-02,0.));
#14463 = VECTOR('',#14464,1.);
#14464 = DIRECTION('',(0.,-1.));
#14465 = ( GEOMETRIC_REPRESENTATION_CONTEXT(2) 
PARAMETRIC_REPRESENTATION_CONTEXT() REPRESENTATION_CONTEXT('2D SPACE',''
  ) );
#14466 = PCURVE('',#4167,#14467);
#14467 = DEFINITIONAL_REPRESENTATION('',(#14468),#14472);
#14468 = LINE('',#14469,#14470);
#14469 = CARTESIAN_POINT('',(0.,0.));
#14470 = VECTOR('',#14471,1.);
#14471 = DIRECTION('',(0.,-1.));
#14472 = ( GEOMETRIC_REPRESENTATION_CONTEXT(2) 
PARAMETRIC_REPRESENTATION_CONTEXT() REPRESENTATION_CONTEXT('2D SPACE',''
  ) );
#14473 = ADVANCED_FACE('',(#14474),#4167,.F.);
#14474 = FACE_BOUND('',#14475,.F.);
#14475 = EDGE_LOOP('',(#14476,#14477,#14478,#14479));
#14476 = ORIENTED_EDGE('',*,*,#4151,.F.);
#14477 = ORIENTED_EDGE('',*,*,#14453,.T.);
#14478 = ORIENTED_EDGE('',*,*,#9397,.T.);
#14479 = ORIENTED_EDGE('',*,*,#14480,.F.);
#14480 = EDGE_CURVE('',#4124,#9377,#14481,.T.);
#14481 = SURFACE_CURVE('',#14482,(#14486,#14493),.PCURVE_S1.);
#14482 = LINE('',#14483,#14484);
#14483 = CARTESIAN_POINT('',(7.19,-54.38,0.));
#14484 = VECTOR('',#14485,1.);
#14485 = DIRECTION('',(0.,0.,1.));
#14486 = PCURVE('',#4167,#14487);
#14487 = DEFINITIONAL_REPRESENTATION('',(#14488),#14492);
#14488 = LINE('',#14489,#14490);
#14489 = CARTESIAN_POINT('',(9.754527738953E-02,0.));
#14490 = VECTOR('',#14491,1.);
#14491 = DIRECTION('',(0.,-1.));
#14492 = ( GEOMETRIC_REPRESENTATION_CONTEXT(2) 
PARAMETRIC_REPRESENTATION_CONTEXT() REPRESENTATION_CONTEXT('2D SPACE',''
  ) );
#14493 = PCURVE('',#4139,#14494);
#14494 = DEFINITIONAL_REPRESENTATION('',(#14495),#14499);
#14495 = LINE('',#14496,#14497);
#14496 = CARTESIAN_POINT('',(0.,-0.));
#14497 = VECTOR('',#14498,1.);
#14498 = DIRECTION('',(0.,-1.));
#14499 = ( GEOMETRIC_REPRESENTATION_CONTEXT(2) 
PARAMETRIC_REPRESENTATION_CONTEXT() REPRESENTATION_CONTEXT('2D SPACE',''
  ) );
#14500 = ADVANCED_FACE('',(#14501),#4139,.F.);
#14501 = FACE_BOUND('',#14502,.F.);
#14502 = EDGE_LOOP('',(#14503,#14504,#14505,#14506));
#14503 = ORIENTED_EDGE('',*,*,#4123,.F.);
#14504 = ORIENTED_EDGE('',*,*,#14480,.T.);
#14505 = ORIENTED_EDGE('',*,*,#9376,.T.);
#14506 = ORIENTED_EDGE('',*,*,#14507,.F.);
#14507 = EDGE_CURVE('',#4096,#9356,#14508,.T.);
#14508 = SURFACE_CURVE('',#14509,(#14513,#14520),.PCURVE_S1.);
#14509 = LINE('',#14510,#14511);
#14510 = CARTESIAN_POINT('',(6.59,-54.38,0.));
#14511 = VECTOR('',#14512,1.);
#14512 = DIRECTION('',(0.,0.,1.));
#14513 = PCURVE('',#4139,#14514);
#14514 = DEFINITIONAL_REPRESENTATION('',(#14515),#14519);
#14515 = LINE('',#14516,#14517);
#14516 = CARTESIAN_POINT('',(0.6,0.));
#14517 = VECTOR('',#14518,1.);
#14518 = DIRECTION('',(0.,-1.));
#14519 = ( GEOMETRIC_REPRESENTATION_CONTEXT(2) 
PARAMETRIC_REPRESENTATION_CONTEXT() REPRESENTATION_CONTEXT('2D SPACE',''
  ) );
#14520 = PCURVE('',#4111,#14521);
#14521 = DEFINITIONAL_REPRESENTATION('',(#14522),#14526);
#14522 = LINE('',#14523,#14524);
#14523 = CARTESIAN_POINT('',(0.,0.));
#14524 = VECTOR('',#14525,1.);
#14525 = DIRECTION('',(0.,-1.));
#14526 = ( GEOMETRIC_REPRESENTATION_CONTEXT(2) 
PARAMETRIC_REPRESENTATION_CONTEXT() REPRESENTATION_CONTEXT('2D SPACE',''
  ) );
#14527 = ADVANCED_FACE('',(#14528),#4111,.F.);
#14528 = FACE_BOUND('',#14529,.F.);
#14529 = EDGE_LOOP('',(#14530,#14531,#14532,#14533));
#14530 = ORIENTED_EDGE('',*,*,#4095,.F.);
#14531 = ORIENTED_EDGE('',*,*,#14507,.T.);
#14532 = ORIENTED_EDGE('',*,*,#9355,.T.);
#14533 = ORIENTED_EDGE('',*,*,#14534,.F.);
#14534 = EDGE_CURVE('',#4068,#9335,#14535,.T.);
#14535 = SURFACE_CURVE('',#14536,(#14540,#14547),.PCURVE_S1.);
#14536 = LINE('',#14537,#14538);
#14537 = CARTESIAN_POINT('',(6.494329,-54.36097,0.));
#14538 = VECTOR('',#14539,1.);
#14539 = DIRECTION('',(0.,0.,1.));
#14540 = PCURVE('',#4111,#14541);
#14541 = DEFINITIONAL_REPRESENTATION('',(#14542),#14546);
#14542 = LINE('',#14543,#14544);
#14543 = CARTESIAN_POINT('',(9.754527738953E-02,0.));
#14544 = VECTOR('',#14545,1.);
#14545 = DIRECTION('',(0.,-1.));
#14546 = ( GEOMETRIC_REPRESENTATION_CONTEXT(2) 
PARAMETRIC_REPRESENTATION_CONTEXT() REPRESENTATION_CONTEXT('2D SPACE',''
  ) );
#14547 = PCURVE('',#4083,#14548);
#14548 = DEFINITIONAL_REPRESENTATION('',(#14549),#14553);
#14549 = LINE('',#14550,#14551);
#14550 = CARTESIAN_POINT('',(0.,0.));
#14551 = VECTOR('',#14552,1.);
#14552 = DIRECTION('',(0.,-1.));
#14553 = ( GEOMETRIC_REPRESENTATION_CONTEXT(2) 
PARAMETRIC_REPRESENTATION_CONTEXT() REPRESENTATION_CONTEXT('2D SPACE',''
  ) );
#14554 = ADVANCED_FACE('',(#14555),#4083,.F.);
#14555 = FACE_BOUND('',#14556,.F.);
#14556 = EDGE_LOOP('',(#14557,#14558,#14559,#14560));
#14557 = ORIENTED_EDGE('',*,*,#4067,.F.);
#14558 = ORIENTED_EDGE('',*,*,#14534,.T.);
#14559 = ORIENTED_EDGE('',*,*,#9334,.T.);
#14560 = ORIENTED_EDGE('',*,*,#14561,.F.);
#14561 = EDGE_CURVE('',#4040,#9314,#14562,.T.);
#14562 = SURFACE_CURVE('',#14563,(#14567,#14574),.PCURVE_S1.);
#14563 = LINE('',#14564,#14565);
#14564 = CARTESIAN_POINT('',(6.413223,-54.306777,0.));
#14565 = VECTOR('',#14566,1.);
#14566 = DIRECTION('',(0.,0.,1.));
#14567 = PCURVE('',#4083,#14568);
#14568 = DEFINITIONAL_REPRESENTATION('',(#14569),#14573);
#14569 = LINE('',#14570,#14571);
#14570 = CARTESIAN_POINT('',(9.754519201376E-02,0.));
#14571 = VECTOR('',#14572,1.);
#14572 = DIRECTION('',(0.,-1.));
#14573 = ( GEOMETRIC_REPRESENTATION_CONTEXT(2) 
PARAMETRIC_REPRESENTATION_CONTEXT() REPRESENTATION_CONTEXT('2D SPACE',''
  ) );
#14574 = PCURVE('',#4055,#14575);
#14575 = DEFINITIONAL_REPRESENTATION('',(#14576),#14580);
#14576 = LINE('',#14577,#14578);
#14577 = CARTESIAN_POINT('',(0.,0.));
#14578 = VECTOR('',#14579,1.);
#14579 = DIRECTION('',(0.,-1.));
#14580 = ( GEOMETRIC_REPRESENTATION_CONTEXT(2) 
PARAMETRIC_REPRESENTATION_CONTEXT() REPRESENTATION_CONTEXT('2D SPACE',''
  ) );
#14581 = ADVANCED_FACE('',(#14582),#4055,.F.);
#14582 = FACE_BOUND('',#14583,.F.);
#14583 = EDGE_LOOP('',(#14584,#14585,#14586,#14587));
#14584 = ORIENTED_EDGE('',*,*,#4039,.F.);
#14585 = ORIENTED_EDGE('',*,*,#14561,.T.);
#14586 = ORIENTED_EDGE('',*,*,#9313,.T.);
#14587 = ORIENTED_EDGE('',*,*,#14588,.F.);
#14588 = EDGE_CURVE('',#4012,#9293,#14589,.T.);
#14589 = SURFACE_CURVE('',#14590,(#14594,#14601),.PCURVE_S1.);
#14590 = LINE('',#14591,#14592);
#14591 = CARTESIAN_POINT('',(6.35903,-54.225671,0.));
#14592 = VECTOR('',#14593,1.);
#14593 = DIRECTION('',(0.,0.,1.));
#14594 = PCURVE('',#4055,#14595);
#14595 = DEFINITIONAL_REPRESENTATION('',(#14596),#14600);
#14596 = LINE('',#14597,#14598);
#14597 = CARTESIAN_POINT('',(9.754519201375E-02,0.));
#14598 = VECTOR('',#14599,1.);
#14599 = DIRECTION('',(0.,-1.));
#14600 = ( GEOMETRIC_REPRESENTATION_CONTEXT(2) 
PARAMETRIC_REPRESENTATION_CONTEXT() REPRESENTATION_CONTEXT('2D SPACE',''
  ) );
#14601 = PCURVE('',#4027,#14602);
#14602 = DEFINITIONAL_REPRESENTATION('',(#14603),#14607);
#14603 = LINE('',#14604,#14605);
#14604 = CARTESIAN_POINT('',(0.,0.));
#14605 = VECTOR('',#14606,1.);
#14606 = DIRECTION('',(0.,-1.));
#14607 = ( GEOMETRIC_REPRESENTATION_CONTEXT(2) 
PARAMETRIC_REPRESENTATION_CONTEXT() REPRESENTATION_CONTEXT('2D SPACE',''
  ) );
#14608 = ADVANCED_FACE('',(#14609),#4027,.F.);
#14609 = FACE_BOUND('',#14610,.F.);
#14610 = EDGE_LOOP('',(#14611,#14612,#14613,#14614));
#14611 = ORIENTED_EDGE('',*,*,#4011,.F.);
#14612 = ORIENTED_EDGE('',*,*,#14588,.T.);
#14613 = ORIENTED_EDGE('',*,*,#9292,.T.);
#14614 = ORIENTED_EDGE('',*,*,#14615,.F.);
#14615 = EDGE_CURVE('',#3984,#9272,#14616,.T.);
#14616 = SURFACE_CURVE('',#14617,(#14621,#14628),.PCURVE_S1.);
#14617 = LINE('',#14618,#14619);
#14618 = CARTESIAN_POINT('',(6.34,-54.13,0.));
#14619 = VECTOR('',#14620,1.);
#14620 = DIRECTION('',(0.,0.,1.));
#14621 = PCURVE('',#4027,#14622);
#14622 = DEFINITIONAL_REPRESENTATION('',(#14623),#14627);
#14623 = LINE('',#14624,#14625);
#14624 = CARTESIAN_POINT('',(9.754527738952E-02,0.));
#14625 = VECTOR('',#14626,1.);
#14626 = DIRECTION('',(0.,-1.));
#14627 = ( GEOMETRIC_REPRESENTATION_CONTEXT(2) 
PARAMETRIC_REPRESENTATION_CONTEXT() REPRESENTATION_CONTEXT('2D SPACE',''
  ) );
#14628 = PCURVE('',#3999,#14629);
#14629 = DEFINITIONAL_REPRESENTATION('',(#14630),#14634);
#14630 = LINE('',#14631,#14632);
#14631 = CARTESIAN_POINT('',(0.,0.));
#14632 = VECTOR('',#14633,1.);
#14633 = DIRECTION('',(0.,-1.));
#14634 = ( GEOMETRIC_REPRESENTATION_CONTEXT(2) 
PARAMETRIC_REPRESENTATION_CONTEXT() REPRESENTATION_CONTEXT('2D SPACE',''
  ) );
#14635 = ADVANCED_FACE('',(#14636),#3999,.F.);
#14636 = FACE_BOUND('',#14637,.F.);
#14637 = EDGE_LOOP('',(#14638,#14639,#14640,#14641));
#14638 = ORIENTED_EDGE('',*,*,#3983,.F.);
#14639 = ORIENTED_EDGE('',*,*,#14615,.T.);
#14640 = ORIENTED_EDGE('',*,*,#9271,.T.);
#14641 = ORIENTED_EDGE('',*,*,#14642,.F.);
#14642 = EDGE_CURVE('',#3956,#9251,#14643,.T.);
#14643 = SURFACE_CURVE('',#14644,(#14648,#14655),.PCURVE_S1.);
#14644 = LINE('',#14645,#14646);
#14645 = CARTESIAN_POINT('',(6.35903,-54.034329,0.));
#14646 = VECTOR('',#14647,1.);
#14647 = DIRECTION('',(0.,0.,1.));
#14648 = PCURVE('',#3999,#14649);
#14649 = DEFINITIONAL_REPRESENTATION('',(#14650),#14654);
#14650 = LINE('',#14651,#14652);
#14651 = CARTESIAN_POINT('',(9.754527738953E-02,0.));
#14652 = VECTOR('',#14653,1.);
#14653 = DIRECTION('',(0.,-1.));
#14654 = ( GEOMETRIC_REPRESENTATION_CONTEXT(2) 
PARAMETRIC_REPRESENTATION_CONTEXT() REPRESENTATION_CONTEXT('2D SPACE',''
  ) );
#14655 = PCURVE('',#3971,#14656);
#14656 = DEFINITIONAL_REPRESENTATION('',(#14657),#14661);
#14657 = LINE('',#14658,#14659);
#14658 = CARTESIAN_POINT('',(0.,0.));
#14659 = VECTOR('',#14660,1.);
#14660 = DIRECTION('',(0.,-1.));
#14661 = ( GEOMETRIC_REPRESENTATION_CONTEXT(2) 
PARAMETRIC_REPRESENTATION_CONTEXT() REPRESENTATION_CONTEXT('2D SPACE',''
  ) );
#14662 = ADVANCED_FACE('',(#14663),#3971,.F.);
#14663 = FACE_BOUND('',#14664,.F.);
#14664 = EDGE_LOOP('',(#14665,#14666,#14667,#14668));
#14665 = ORIENTED_EDGE('',*,*,#3955,.F.);
#14666 = ORIENTED_EDGE('',*,*,#14642,.T.);
#14667 = ORIENTED_EDGE('',*,*,#9250,.T.);
#14668 = ORIENTED_EDGE('',*,*,#14669,.F.);
#14669 = EDGE_CURVE('',#3928,#9230,#14670,.T.);
#14670 = SURFACE_CURVE('',#14671,(#14675,#14682),.PCURVE_S1.);
#14671 = LINE('',#14672,#14673);
#14672 = CARTESIAN_POINT('',(6.413223,-53.953223,0.));
#14673 = VECTOR('',#14674,1.);
#14674 = DIRECTION('',(0.,0.,1.));
#14675 = PCURVE('',#3971,#14676);
#14676 = DEFINITIONAL_REPRESENTATION('',(#14677),#14681);
#14677 = LINE('',#14678,#14679);
#14678 = CARTESIAN_POINT('',(9.754519201375E-02,0.));
#14679 = VECTOR('',#14680,1.);
#14680 = DIRECTION('',(0.,-1.));
#14681 = ( GEOMETRIC_REPRESENTATION_CONTEXT(2) 
PARAMETRIC_REPRESENTATION_CONTEXT() REPRESENTATION_CONTEXT('2D SPACE',''
  ) );
#14682 = PCURVE('',#3943,#14683);
#14683 = DEFINITIONAL_REPRESENTATION('',(#14684),#14688);
#14684 = LINE('',#14685,#14686);
#14685 = CARTESIAN_POINT('',(0.,0.));
#14686 = VECTOR('',#14687,1.);
#14687 = DIRECTION('',(0.,-1.));
#14688 = ( GEOMETRIC_REPRESENTATION_CONTEXT(2) 
PARAMETRIC_REPRESENTATION_CONTEXT() REPRESENTATION_CONTEXT('2D SPACE',''
  ) );
#14689 = ADVANCED_FACE('',(#14690),#3943,.F.);
#14690 = FACE_BOUND('',#14691,.F.);
#14691 = EDGE_LOOP('',(#14692,#14693,#14694,#14695));
#14692 = ORIENTED_EDGE('',*,*,#3927,.F.);
#14693 = ORIENTED_EDGE('',*,*,#14669,.T.);
#14694 = ORIENTED_EDGE('',*,*,#9229,.T.);
#14695 = ORIENTED_EDGE('',*,*,#14696,.F.);
#14696 = EDGE_CURVE('',#3900,#9209,#14697,.T.);
#14697 = SURFACE_CURVE('',#14698,(#14702,#14709),.PCURVE_S1.);
#14698 = LINE('',#14699,#14700);
#14699 = CARTESIAN_POINT('',(6.494329,-53.89903,0.));
#14700 = VECTOR('',#14701,1.);
#14701 = DIRECTION('',(0.,0.,1.));
#14702 = PCURVE('',#3943,#14703);
#14703 = DEFINITIONAL_REPRESENTATION('',(#14704),#14708);
#14704 = LINE('',#14705,#14706);
#14705 = CARTESIAN_POINT('',(9.754519201375E-02,0.));
#14706 = VECTOR('',#14707,1.);
#14707 = DIRECTION('',(0.,-1.));
#14708 = ( GEOMETRIC_REPRESENTATION_CONTEXT(2) 
PARAMETRIC_REPRESENTATION_CONTEXT() REPRESENTATION_CONTEXT('2D SPACE',''
  ) );
#14709 = PCURVE('',#3915,#14710);
#14710 = DEFINITIONAL_REPRESENTATION('',(#14711),#14715);
#14711 = LINE('',#14712,#14713);
#14712 = CARTESIAN_POINT('',(0.,0.));
#14713 = VECTOR('',#14714,1.);
#14714 = DIRECTION('',(0.,-1.));
#14715 = ( GEOMETRIC_REPRESENTATION_CONTEXT(2) 
PARAMETRIC_REPRESENTATION_CONTEXT() REPRESENTATION_CONTEXT('2D SPACE',''
  ) );
#14716 = ADVANCED_FACE('',(#14717),#3915,.F.);
#14717 = FACE_BOUND('',#14718,.F.);
#14718 = EDGE_LOOP('',(#14719,#14720,#14721,#14722));
#14719 = ORIENTED_EDGE('',*,*,#3899,.F.);
#14720 = ORIENTED_EDGE('',*,*,#14696,.T.);
#14721 = ORIENTED_EDGE('',*,*,#9208,.T.);
#14722 = ORIENTED_EDGE('',*,*,#14723,.F.);
#14723 = EDGE_CURVE('',#3872,#9188,#14724,.T.);
#14724 = SURFACE_CURVE('',#14725,(#14729,#14736),.PCURVE_S1.);
#14725 = LINE('',#14726,#14727);
#14726 = CARTESIAN_POINT('',(6.59,-53.88,0.));
#14727 = VECTOR('',#14728,1.);
#14728 = DIRECTION('',(0.,0.,1.));
#14729 = PCURVE('',#3915,#14730);
#14730 = DEFINITIONAL_REPRESENTATION('',(#14731),#14735);
#14731 = LINE('',#14732,#14733);
#14732 = CARTESIAN_POINT('',(9.754527738953E-02,0.));
#14733 = VECTOR('',#14734,1.);
#14734 = DIRECTION('',(0.,-1.));
#14735 = ( GEOMETRIC_REPRESENTATION_CONTEXT(2) 
PARAMETRIC_REPRESENTATION_CONTEXT() REPRESENTATION_CONTEXT('2D SPACE',''
  ) );
#14736 = PCURVE('',#3887,#14737);
#14737 = DEFINITIONAL_REPRESENTATION('',(#14738),#14742);
#14738 = LINE('',#14739,#14740);
#14739 = CARTESIAN_POINT('',(0.,0.));
#14740 = VECTOR('',#14741,1.);
#14741 = DIRECTION('',(0.,-1.));
#14742 = ( GEOMETRIC_REPRESENTATION_CONTEXT(2) 
PARAMETRIC_REPRESENTATION_CONTEXT() REPRESENTATION_CONTEXT('2D SPACE',''
  ) );
#14743 = ADVANCED_FACE('',(#14744),#3887,.F.);
#14744 = FACE_BOUND('',#14745,.F.);
#14745 = EDGE_LOOP('',(#14746,#14747,#14748,#14749));
#14746 = ORIENTED_EDGE('',*,*,#3871,.F.);
#14747 = ORIENTED_EDGE('',*,*,#14723,.T.);
#14748 = ORIENTED_EDGE('',*,*,#9187,.T.);
#14749 = ORIENTED_EDGE('',*,*,#14750,.F.);
#14750 = EDGE_CURVE('',#3844,#9167,#14751,.T.);
#14751 = SURFACE_CURVE('',#14752,(#14756,#14763),.PCURVE_S1.);
#14752 = LINE('',#14753,#14754);
#14753 = CARTESIAN_POINT('',(7.19,-53.88,0.));
#14754 = VECTOR('',#14755,1.);
#14755 = DIRECTION('',(0.,0.,1.));
#14756 = PCURVE('',#3887,#14757);
#14757 = DEFINITIONAL_REPRESENTATION('',(#14758),#14762);
#14758 = LINE('',#14759,#14760);
#14759 = CARTESIAN_POINT('',(0.6,0.));
#14760 = VECTOR('',#14761,1.);
#14761 = DIRECTION('',(0.,-1.));
#14762 = ( GEOMETRIC_REPRESENTATION_CONTEXT(2) 
PARAMETRIC_REPRESENTATION_CONTEXT() REPRESENTATION_CONTEXT('2D SPACE',''
  ) );
#14763 = PCURVE('',#3859,#14764);
#14764 = DEFINITIONAL_REPRESENTATION('',(#14765),#14769);
#14765 = LINE('',#14766,#14767);
#14766 = CARTESIAN_POINT('',(0.,0.));
#14767 = VECTOR('',#14768,1.);
#14768 = DIRECTION('',(0.,-1.));
#14769 = ( GEOMETRIC_REPRESENTATION_CONTEXT(2) 
PARAMETRIC_REPRESENTATION_CONTEXT() REPRESENTATION_CONTEXT('2D SPACE',''
  ) );
#14770 = ADVANCED_FACE('',(#14771),#3859,.F.);
#14771 = FACE_BOUND('',#14772,.F.);
#14772 = EDGE_LOOP('',(#14773,#14774,#14775,#14776));
#14773 = ORIENTED_EDGE('',*,*,#3843,.F.);
#14774 = ORIENTED_EDGE('',*,*,#14750,.T.);
#14775 = ORIENTED_EDGE('',*,*,#9166,.T.);
#14776 = ORIENTED_EDGE('',*,*,#14296,.F.);
#14777 = ADVANCED_FACE('',(#14778),#4340,.F.);
#14778 = FACE_BOUND('',#14779,.F.);
#14779 = EDGE_LOOP('',(#14780,#14781,#14802,#14803));
#14780 = ORIENTED_EDGE('',*,*,#9523,.F.);
#14781 = ORIENTED_EDGE('',*,*,#14782,.F.);
#14782 = EDGE_CURVE('',#4320,#9524,#14783,.T.);
#14783 = SEAM_CURVE('',#14784,(#14788,#14795),.PCURVE_S1.);
#14784 = LINE('',#14785,#14786);
#14785 = CARTESIAN_POINT('',(7.19,-52.4,-1.E-02));
#14786 = VECTOR('',#14787,1.);
#14787 = DIRECTION('',(0.,0.,1.));
#14788 = PCURVE('',#4340,#14789);
#14789 = DEFINITIONAL_REPRESENTATION('',(#14790),#14794);
#14790 = LINE('',#14791,#14792);
#14791 = CARTESIAN_POINT('',(6.28318530718,-0.));
#14792 = VECTOR('',#14793,1.);
#14793 = DIRECTION('',(0.,1.));
#14794 = ( GEOMETRIC_REPRESENTATION_CONTEXT(2) 
PARAMETRIC_REPRESENTATION_CONTEXT() REPRESENTATION_CONTEXT('2D SPACE',''
  ) );
#14795 = PCURVE('',#4340,#14796);
#14796 = DEFINITIONAL_REPRESENTATION('',(#14797),#14801);
#14797 = LINE('',#14798,#14799);
#14798 = CARTESIAN_POINT('',(0.,-0.));
#14799 = VECTOR('',#14800,1.);
#14800 = DIRECTION('',(0.,1.));
#14801 = ( GEOMETRIC_REPRESENTATION_CONTEXT(2) 
PARAMETRIC_REPRESENTATION_CONTEXT() REPRESENTATION_CONTEXT('2D SPACE',''
  ) );
#14802 = ORIENTED_EDGE('',*,*,#4319,.T.);
#14803 = ORIENTED_EDGE('',*,*,#14782,.T.);
#14804 = ADVANCED_FACE('',(#14805),#4375,.F.);
#14805 = FACE_BOUND('',#14806,.F.);
#14806 = EDGE_LOOP('',(#14807,#14808,#14829,#14830));
#14807 = ORIENTED_EDGE('',*,*,#9553,.F.);
#14808 = ORIENTED_EDGE('',*,*,#14809,.F.);
#14809 = EDGE_CURVE('',#4355,#9554,#14810,.T.);
#14810 = SEAM_CURVE('',#14811,(#14815,#14822),.PCURVE_S1.);
#14811 = LINE('',#14812,#14813);
#14812 = CARTESIAN_POINT('',(7.19,-51.6,-1.E-02));
#14813 = VECTOR('',#14814,1.);
#14814 = DIRECTION('',(0.,0.,1.));
#14815 = PCURVE('',#4375,#14816);
#14816 = DEFINITIONAL_REPRESENTATION('',(#14817),#14821);
#14817 = LINE('',#14818,#14819);
#14818 = CARTESIAN_POINT('',(6.28318530718,-0.));
#14819 = VECTOR('',#14820,1.);
#14820 = DIRECTION('',(0.,1.));
#14821 = ( GEOMETRIC_REPRESENTATION_CONTEXT(2) 
PARAMETRIC_REPRESENTATION_CONTEXT() REPRESENTATION_CONTEXT('2D SPACE',''
  ) );
#14822 = PCURVE('',#4375,#14823);
#14823 = DEFINITIONAL_REPRESENTATION('',(#14824),#14828);
#14824 = LINE('',#14825,#14826);
#14825 = CARTESIAN_POINT('',(0.,-0.));
#14826 = VECTOR('',#14827,1.);
#14827 = DIRECTION('',(0.,1.));
#14828 = ( GEOMETRIC_REPRESENTATION_CONTEXT(2) 
PARAMETRIC_REPRESENTATION_CONTEXT() REPRESENTATION_CONTEXT('2D SPACE',''
  ) );
#14829 = ORIENTED_EDGE('',*,*,#4354,.T.);
#14830 = ORIENTED_EDGE('',*,*,#14809,.T.);
#14831 = ADVANCED_FACE('',(#14832),#4410,.F.);
#14832 = FACE_BOUND('',#14833,.F.);
#14833 = EDGE_LOOP('',(#14834,#14835,#14856,#14857));
#14834 = ORIENTED_EDGE('',*,*,#9583,.F.);
#14835 = ORIENTED_EDGE('',*,*,#14836,.F.);
#14836 = EDGE_CURVE('',#4390,#9584,#14837,.T.);
#14837 = SEAM_CURVE('',#14838,(#14842,#14849),.PCURVE_S1.);
#14838 = LINE('',#14839,#14840);
#14839 = CARTESIAN_POINT('',(7.19,-50.8,-1.E-02));
#14840 = VECTOR('',#14841,1.);
#14841 = DIRECTION('',(0.,0.,1.));
#14842 = PCURVE('',#4410,#14843);
#14843 = DEFINITIONAL_REPRESENTATION('',(#14844),#14848);
#14844 = LINE('',#14845,#14846);
#14845 = CARTESIAN_POINT('',(6.28318530718,-0.));
#14846 = VECTOR('',#14847,1.);
#14847 = DIRECTION('',(0.,1.));
#14848 = ( GEOMETRIC_REPRESENTATION_CONTEXT(2) 
PARAMETRIC_REPRESENTATION_CONTEXT() REPRESENTATION_CONTEXT('2D SPACE',''
  ) );
#14849 = PCURVE('',#4410,#14850);
#14850 = DEFINITIONAL_REPRESENTATION('',(#14851),#14855);
#14851 = LINE('',#14852,#14853);
#14852 = CARTESIAN_POINT('',(0.,-0.));
#14853 = VECTOR('',#14854,1.);
#14854 = DIRECTION('',(0.,1.));
#14855 = ( GEOMETRIC_REPRESENTATION_CONTEXT(2) 
PARAMETRIC_REPRESENTATION_CONTEXT() REPRESENTATION_CONTEXT('2D SPACE',''
  ) );
#14856 = ORIENTED_EDGE('',*,*,#4389,.T.);
#14857 = ORIENTED_EDGE('',*,*,#14836,.T.);
#14858 = ADVANCED_FACE('',(#14859),#4445,.F.);
#14859 = FACE_BOUND('',#14860,.F.);
#14860 = EDGE_LOOP('',(#14861,#14862,#14883,#14884));
#14861 = ORIENTED_EDGE('',*,*,#9613,.F.);
#14862 = ORIENTED_EDGE('',*,*,#14863,.F.);
#14863 = EDGE_CURVE('',#4425,#9614,#14864,.T.);
#14864 = SEAM_CURVE('',#14865,(#14869,#14876),.PCURVE_S1.);
#14865 = LINE('',#14866,#14867);
#14866 = CARTESIAN_POINT('',(7.19,-49.2,-1.E-02));
#14867 = VECTOR('',#14868,1.);
#14868 = DIRECTION('',(0.,0.,1.));
#14869 = PCURVE('',#4445,#14870);
#14870 = DEFINITIONAL_REPRESENTATION('',(#14871),#14875);
#14871 = LINE('',#14872,#14873);
#14872 = CARTESIAN_POINT('',(6.28318530718,-0.));
#14873 = VECTOR('',#14874,1.);
#14874 = DIRECTION('',(0.,1.));
#14875 = ( GEOMETRIC_REPRESENTATION_CONTEXT(2) 
PARAMETRIC_REPRESENTATION_CONTEXT() REPRESENTATION_CONTEXT('2D SPACE',''
  ) );
#14876 = PCURVE('',#4445,#14877);
#14877 = DEFINITIONAL_REPRESENTATION('',(#14878),#14882);
#14878 = LINE('',#14879,#14880);
#14879 = CARTESIAN_POINT('',(0.,-0.));
#14880 = VECTOR('',#14881,1.);
#14881 = DIRECTION('',(0.,1.));
#14882 = ( GEOMETRIC_REPRESENTATION_CONTEXT(2) 
PARAMETRIC_REPRESENTATION_CONTEXT() REPRESENTATION_CONTEXT('2D SPACE',''
  ) );
#14883 = ORIENTED_EDGE('',*,*,#4424,.T.);
#14884 = ORIENTED_EDGE('',*,*,#14863,.T.);
#14885 = ADVANCED_FACE('',(#14886),#4480,.F.);
#14886 = FACE_BOUND('',#14887,.F.);
#14887 = EDGE_LOOP('',(#14888,#14889,#14910,#14911));
#14888 = ORIENTED_EDGE('',*,*,#9643,.F.);
#14889 = ORIENTED_EDGE('',*,*,#14890,.F.);
#14890 = EDGE_CURVE('',#4460,#9644,#14891,.T.);
#14891 = SEAM_CURVE('',#14892,(#14896,#14903),.PCURVE_S1.);
#14892 = LINE('',#14893,#14894);
#14893 = CARTESIAN_POINT('',(5.965,-53.6,-1.E-02));
#14894 = VECTOR('',#14895,1.);
#14895 = DIRECTION('',(0.,0.,1.));
#14896 = PCURVE('',#4480,#14897);
#14897 = DEFINITIONAL_REPRESENTATION('',(#14898),#14902);
#14898 = LINE('',#14899,#14900);
#14899 = CARTESIAN_POINT('',(6.28318530718,-0.));
#14900 = VECTOR('',#14901,1.);
#14901 = DIRECTION('',(0.,1.));
#14902 = ( GEOMETRIC_REPRESENTATION_CONTEXT(2) 
PARAMETRIC_REPRESENTATION_CONTEXT() REPRESENTATION_CONTEXT('2D SPACE',''
  ) );
#14903 = PCURVE('',#4480,#14904);
#14904 = DEFINITIONAL_REPRESENTATION('',(#14905),#14909);
#14905 = LINE('',#14906,#14907);
#14906 = CARTESIAN_POINT('',(0.,-0.));
#14907 = VECTOR('',#14908,1.);
#14908 = DIRECTION('',(0.,1.));
#14909 = ( GEOMETRIC_REPRESENTATION_CONTEXT(2) 
PARAMETRIC_REPRESENTATION_CONTEXT() REPRESENTATION_CONTEXT('2D SPACE',''
  ) );
#14910 = ORIENTED_EDGE('',*,*,#4459,.T.);
#14911 = ORIENTED_EDGE('',*,*,#14890,.T.);
#14912 = ADVANCED_FACE('',(#14913),#4515,.F.);
#14913 = FACE_BOUND('',#14914,.F.);
#14914 = EDGE_LOOP('',(#14915,#14916,#14937,#14938));
#14915 = ORIENTED_EDGE('',*,*,#9673,.F.);
#14916 = ORIENTED_EDGE('',*,*,#14917,.F.);
#14917 = EDGE_CURVE('',#4495,#9674,#14918,.T.);
#14918 = SEAM_CURVE('',#14919,(#14923,#14930),.PCURVE_S1.);
#14919 = LINE('',#14920,#14921);
#14920 = CARTESIAN_POINT('',(6.49,-52.8,-1.E-02));
#14921 = VECTOR('',#14922,1.);
#14922 = DIRECTION('',(0.,0.,1.));
#14923 = PCURVE('',#4515,#14924);
#14924 = DEFINITIONAL_REPRESENTATION('',(#14925),#14929);
#14925 = LINE('',#14926,#14927);
#14926 = CARTESIAN_POINT('',(6.28318530718,-0.));
#14927 = VECTOR('',#14928,1.);
#14928 = DIRECTION('',(0.,1.));
#14929 = ( GEOMETRIC_REPRESENTATION_CONTEXT(2) 
PARAMETRIC_REPRESENTATION_CONTEXT() REPRESENTATION_CONTEXT('2D SPACE',''
  ) );
#14930 = PCURVE('',#4515,#14931);
#14931 = DEFINITIONAL_REPRESENTATION('',(#14932),#14936);
#14932 = LINE('',#14933,#14934);
#14933 = CARTESIAN_POINT('',(0.,-0.));
#14934 = VECTOR('',#14935,1.);
#14935 = DIRECTION('',(0.,1.));
#14936 = ( GEOMETRIC_REPRESENTATION_CONTEXT(2) 
PARAMETRIC_REPRESENTATION_CONTEXT() REPRESENTATION_CONTEXT('2D SPACE',''
  ) );
#14937 = ORIENTED_EDGE('',*,*,#4494,.T.);
#14938 = ORIENTED_EDGE('',*,*,#14917,.T.);
#14939 = ADVANCED_FACE('',(#14940),#4550,.F.);
#14940 = FACE_BOUND('',#14941,.F.);
#14941 = EDGE_LOOP('',(#14942,#14943,#14964,#14965));
#14942 = ORIENTED_EDGE('',*,*,#9703,.F.);
#14943 = ORIENTED_EDGE('',*,*,#14944,.F.);
#14944 = EDGE_CURVE('',#4530,#9704,#14945,.T.);
#14945 = SEAM_CURVE('',#14946,(#14950,#14957),.PCURVE_S1.);
#14946 = LINE('',#14947,#14948);
#14947 = CARTESIAN_POINT('',(6.49,-51.2,-1.E-02));
#14948 = VECTOR('',#14949,1.);
#14949 = DIRECTION('',(0.,0.,1.));
#14950 = PCURVE('',#4550,#14951);
#14951 = DEFINITIONAL_REPRESENTATION('',(#14952),#14956);
#14952 = LINE('',#14953,#14954);
#14953 = CARTESIAN_POINT('',(6.28318530718,-0.));
#14954 = VECTOR('',#14955,1.);
#14955 = DIRECTION('',(0.,1.));
#14956 = ( GEOMETRIC_REPRESENTATION_CONTEXT(2) 
PARAMETRIC_REPRESENTATION_CONTEXT() REPRESENTATION_CONTEXT('2D SPACE',''
  ) );
#14957 = PCURVE('',#4550,#14958);
#14958 = DEFINITIONAL_REPRESENTATION('',(#14959),#14963);
#14959 = LINE('',#14960,#14961);
#14960 = CARTESIAN_POINT('',(0.,-0.));
#14961 = VECTOR('',#14962,1.);
#14962 = DIRECTION('',(0.,1.));
#14963 = ( GEOMETRIC_REPRESENTATION_CONTEXT(2) 
PARAMETRIC_REPRESENTATION_CONTEXT() REPRESENTATION_CONTEXT('2D SPACE',''
  ) );
#14964 = ORIENTED_EDGE('',*,*,#4529,.T.);
#14965 = ORIENTED_EDGE('',*,*,#14944,.T.);
#14966 = ADVANCED_FACE('',(#14967),#4585,.F.);
#14967 = FACE_BOUND('',#14968,.F.);
#14968 = EDGE_LOOP('',(#14969,#14970,#14991,#14992));
#14969 = ORIENTED_EDGE('',*,*,#9733,.F.);
#14970 = ORIENTED_EDGE('',*,*,#14971,.F.);
#14971 = EDGE_CURVE('',#4565,#9734,#14972,.T.);
#14972 = SEAM_CURVE('',#14973,(#14977,#14984),.PCURVE_S1.);
#14973 = LINE('',#14974,#14975);
#14974 = CARTESIAN_POINT('',(6.49,-50.4,-1.E-02));
#14975 = VECTOR('',#14976,1.);
#14976 = DIRECTION('',(0.,0.,1.));
#14977 = PCURVE('',#4585,#14978);
#14978 = DEFINITIONAL_REPRESENTATION('',(#14979),#14983);
#14979 = LINE('',#14980,#14981);
#14980 = CARTESIAN_POINT('',(6.28318530718,-0.));
#14981 = VECTOR('',#14982,1.);
#14982 = DIRECTION('',(0.,1.));
#14983 = ( GEOMETRIC_REPRESENTATION_CONTEXT(2) 
PARAMETRIC_REPRESENTATION_CONTEXT() REPRESENTATION_CONTEXT('2D SPACE',''
  ) );
#14984 = PCURVE('',#4585,#14985);
#14985 = DEFINITIONAL_REPRESENTATION('',(#14986),#14990);
#14986 = LINE('',#14987,#14988);
#14987 = CARTESIAN_POINT('',(0.,-0.));
#14988 = VECTOR('',#14989,1.);
#14989 = DIRECTION('',(0.,1.));
#14990 = ( GEOMETRIC_REPRESENTATION_CONTEXT(2) 
PARAMETRIC_REPRESENTATION_CONTEXT() REPRESENTATION_CONTEXT('2D SPACE',''
  ) );
#14991 = ORIENTED_EDGE('',*,*,#4564,.T.);
#14992 = ORIENTED_EDGE('',*,*,#14971,.T.);
#14993 = ADVANCED_FACE('',(#14994),#4620,.F.);
#14994 = FACE_BOUND('',#14995,.F.);
#14995 = EDGE_LOOP('',(#14996,#14997,#15018,#15019));
#14996 = ORIENTED_EDGE('',*,*,#9763,.F.);
#14997 = ORIENTED_EDGE('',*,*,#14998,.F.);
#14998 = EDGE_CURVE('',#4600,#9764,#14999,.T.);
#14999 = SEAM_CURVE('',#15000,(#15004,#15011),.PCURVE_S1.);
#15000 = LINE('',#15001,#15002);
#15001 = CARTESIAN_POINT('',(6.49,-49.6,-1.E-02));
#15002 = VECTOR('',#15003,1.);
#15003 = DIRECTION('',(0.,0.,1.));
#15004 = PCURVE('',#4620,#15005);
#15005 = DEFINITIONAL_REPRESENTATION('',(#15006),#15010);
#15006 = LINE('',#15007,#15008);
#15007 = CARTESIAN_POINT('',(6.28318530718,-0.));
#15008 = VECTOR('',#15009,1.);
#15009 = DIRECTION('',(0.,1.));
#15010 = ( GEOMETRIC_REPRESENTATION_CONTEXT(2) 
PARAMETRIC_REPRESENTATION_CONTEXT() REPRESENTATION_CONTEXT('2D SPACE',''
  ) );
#15011 = PCURVE('',#4620,#15012);
#15012 = DEFINITIONAL_REPRESENTATION('',(#15013),#15017);
#15013 = LINE('',#15014,#15015);
#15014 = CARTESIAN_POINT('',(0.,-0.));
#15015 = VECTOR('',#15016,1.);
#15016 = DIRECTION('',(0.,1.));
#15017 = ( GEOMETRIC_REPRESENTATION_CONTEXT(2) 
PARAMETRIC_REPRESENTATION_CONTEXT() REPRESENTATION_CONTEXT('2D SPACE',''
  ) );
#15018 = ORIENTED_EDGE('',*,*,#4599,.T.);
#15019 = ORIENTED_EDGE('',*,*,#14998,.T.);
#15020 = ADVANCED_FACE('',(#15021),#4655,.F.);
#15021 = FACE_BOUND('',#15022,.F.);
#15022 = EDGE_LOOP('',(#15023,#15024,#15045,#15046));
#15023 = ORIENTED_EDGE('',*,*,#9793,.F.);
#15024 = ORIENTED_EDGE('',*,*,#15025,.F.);
#15025 = EDGE_CURVE('',#4635,#9794,#15026,.T.);
#15026 = SEAM_CURVE('',#15027,(#15031,#15038),.PCURVE_S1.);
#15027 = LINE('',#15028,#15029);
#15028 = CARTESIAN_POINT('',(6.49,-48.8,-1.E-02));
#15029 = VECTOR('',#15030,1.);
#15030 = DIRECTION('',(0.,0.,1.));
#15031 = PCURVE('',#4655,#15032);
#15032 = DEFINITIONAL_REPRESENTATION('',(#15033),#15037);
#15033 = LINE('',#15034,#15035);
#15034 = CARTESIAN_POINT('',(6.28318530718,-0.));
#15035 = VECTOR('',#15036,1.);
#15036 = DIRECTION('',(0.,1.));
#15037 = ( GEOMETRIC_REPRESENTATION_CONTEXT(2) 
PARAMETRIC_REPRESENTATION_CONTEXT() REPRESENTATION_CONTEXT('2D SPACE',''
  ) );
#15038 = PCURVE('',#4655,#15039);
#15039 = DEFINITIONAL_REPRESENTATION('',(#15040),#15044);
#15040 = LINE('',#15041,#15042);
#15041 = CARTESIAN_POINT('',(0.,-0.));
#15042 = VECTOR('',#15043,1.);
#15043 = DIRECTION('',(0.,1.));
#15044 = ( GEOMETRIC_REPRESENTATION_CONTEXT(2) 
PARAMETRIC_REPRESENTATION_CONTEXT() REPRESENTATION_CONTEXT('2D SPACE',''
  ) );
#15045 = ORIENTED_EDGE('',*,*,#4634,.T.);
#15046 = ORIENTED_EDGE('',*,*,#15025,.T.);
#15047 = ADVANCED_FACE('',(#15048),#4690,.F.);
#15048 = FACE_BOUND('',#15049,.F.);
#15049 = EDGE_LOOP('',(#15050,#15051,#15072,#15073));
#15050 = ORIENTED_EDGE('',*,*,#9823,.F.);
#15051 = ORIENTED_EDGE('',*,*,#15052,.F.);
#15052 = EDGE_CURVE('',#4670,#9824,#15053,.T.);
#15053 = SEAM_CURVE('',#15054,(#15058,#15065),.PCURVE_S1.);
#15054 = LINE('',#15055,#15056);
#15055 = CARTESIAN_POINT('',(7.19,-48.4,-1.E-02));
#15056 = VECTOR('',#15057,1.);
#15057 = DIRECTION('',(0.,0.,1.));
#15058 = PCURVE('',#4690,#15059);
#15059 = DEFINITIONAL_REPRESENTATION('',(#15060),#15064);
#15060 = LINE('',#15061,#15062);
#15061 = CARTESIAN_POINT('',(6.28318530718,-0.));
#15062 = VECTOR('',#15063,1.);
#15063 = DIRECTION('',(0.,1.));
#15064 = ( GEOMETRIC_REPRESENTATION_CONTEXT(2) 
PARAMETRIC_REPRESENTATION_CONTEXT() REPRESENTATION_CONTEXT('2D SPACE',''
  ) );
#15065 = PCURVE('',#4690,#15066);
#15066 = DEFINITIONAL_REPRESENTATION('',(#15067),#15071);
#15067 = LINE('',#15068,#15069);
#15068 = CARTESIAN_POINT('',(0.,-0.));
#15069 = VECTOR('',#15070,1.);
#15070 = DIRECTION('',(0.,1.));
#15071 = ( GEOMETRIC_REPRESENTATION_CONTEXT(2) 
PARAMETRIC_REPRESENTATION_CONTEXT() REPRESENTATION_CONTEXT('2D SPACE',''
  ) );
#15072 = ORIENTED_EDGE('',*,*,#4669,.T.);
#15073 = ORIENTED_EDGE('',*,*,#15052,.T.);
#15074 = ADVANCED_FACE('',(#15075),#4725,.F.);
#15075 = FACE_BOUND('',#15076,.F.);
#15076 = EDGE_LOOP('',(#15077,#15078,#15099,#15100));
#15077 = ORIENTED_EDGE('',*,*,#9853,.F.);
#15078 = ORIENTED_EDGE('',*,*,#15079,.F.);
#15079 = EDGE_CURVE('',#4705,#9854,#15080,.T.);
#15080 = SEAM_CURVE('',#15081,(#15085,#15092),.PCURVE_S1.);
#15081 = LINE('',#15082,#15083);
#15082 = CARTESIAN_POINT('',(7.19,-47.6,-1.E-02));
#15083 = VECTOR('',#15084,1.);
#15084 = DIRECTION('',(0.,0.,1.));
#15085 = PCURVE('',#4725,#15086);
#15086 = DEFINITIONAL_REPRESENTATION('',(#15087),#15091);
#15087 = LINE('',#15088,#15089);
#15088 = CARTESIAN_POINT('',(6.28318530718,-0.));
#15089 = VECTOR('',#15090,1.);
#15090 = DIRECTION('',(0.,1.));
#15091 = ( GEOMETRIC_REPRESENTATION_CONTEXT(2) 
PARAMETRIC_REPRESENTATION_CONTEXT() REPRESENTATION_CONTEXT('2D SPACE',''
  ) );
#15092 = PCURVE('',#4725,#15093);
#15093 = DEFINITIONAL_REPRESENTATION('',(#15094),#15098);
#15094 = LINE('',#15095,#15096);
#15095 = CARTESIAN_POINT('',(0.,-0.));
#15096 = VECTOR('',#15097,1.);
#15097 = DIRECTION('',(0.,1.));
#15098 = ( GEOMETRIC_REPRESENTATION_CONTEXT(2) 
PARAMETRIC_REPRESENTATION_CONTEXT() REPRESENTATION_CONTEXT('2D SPACE',''
  ) );
#15099 = ORIENTED_EDGE('',*,*,#4704,.T.);
#15100 = ORIENTED_EDGE('',*,*,#15079,.T.);
#15101 = ADVANCED_FACE('',(#15102),#4757,.F.);
#15102 = FACE_BOUND('',#15103,.F.);
#15103 = EDGE_LOOP('',(#15104,#15105,#15126,#15127));
#15104 = ORIENTED_EDGE('',*,*,#4739,.F.);
#15105 = ORIENTED_EDGE('',*,*,#15106,.T.);
#15106 = EDGE_CURVE('',#4740,#9884,#15107,.T.);
#15107 = SURFACE_CURVE('',#15108,(#15112,#15119),.PCURVE_S1.);
#15108 = LINE('',#15109,#15110);
#15109 = CARTESIAN_POINT('',(7.285671,-45.63903,0.));
#15110 = VECTOR('',#15111,1.);
#15111 = DIRECTION('',(0.,0.,1.));
#15112 = PCURVE('',#4757,#15113);
#15113 = DEFINITIONAL_REPRESENTATION('',(#15114),#15118);
#15114 = LINE('',#15115,#15116);
#15115 = CARTESIAN_POINT('',(0.,0.));
#15116 = VECTOR('',#15117,1.);
#15117 = DIRECTION('',(0.,-1.));
#15118 = ( GEOMETRIC_REPRESENTATION_CONTEXT(2) 
PARAMETRIC_REPRESENTATION_CONTEXT() REPRESENTATION_CONTEXT('2D SPACE',''
  ) );
#15119 = PCURVE('',#4785,#15120);
#15120 = DEFINITIONAL_REPRESENTATION('',(#15121),#15125);
#15121 = LINE('',#15122,#15123);
#15122 = CARTESIAN_POINT('',(9.754527738953E-02,0.));
#15123 = VECTOR('',#15124,1.);
#15124 = DIRECTION('',(0.,-1.));
#15125 = ( GEOMETRIC_REPRESENTATION_CONTEXT(2) 
PARAMETRIC_REPRESENTATION_CONTEXT() REPRESENTATION_CONTEXT('2D SPACE',''
  ) );
#15126 = ORIENTED_EDGE('',*,*,#9883,.T.);
#15127 = ORIENTED_EDGE('',*,*,#15128,.F.);
#15128 = EDGE_CURVE('',#4742,#9886,#15129,.T.);
#15129 = SURFACE_CURVE('',#15130,(#15134,#15141),.PCURVE_S1.);
#15130 = LINE('',#15131,#15132);
#15131 = CARTESIAN_POINT('',(7.366777,-45.693223,0.));
#15132 = VECTOR('',#15133,1.);
#15133 = DIRECTION('',(0.,0.,1.));
#15134 = PCURVE('',#4757,#15135);
#15135 = DEFINITIONAL_REPRESENTATION('',(#15136),#15140);
#15136 = LINE('',#15137,#15138);
#15137 = CARTESIAN_POINT('',(9.754519201376E-02,0.));
#15138 = VECTOR('',#15139,1.);
#15139 = DIRECTION('',(0.,-1.));
#15140 = ( GEOMETRIC_REPRESENTATION_CONTEXT(2) 
PARAMETRIC_REPRESENTATION_CONTEXT() REPRESENTATION_CONTEXT('2D SPACE',''
  ) );
#15141 = PCURVE('',#5231,#15142);
#15142 = DEFINITIONAL_REPRESENTATION('',(#15143),#15147);
#15143 = LINE('',#15144,#15145);
#15144 = CARTESIAN_POINT('',(0.,0.));
#15145 = VECTOR('',#15146,1.);
#15146 = DIRECTION('',(0.,-1.));
#15147 = ( GEOMETRIC_REPRESENTATION_CONTEXT(2) 
PARAMETRIC_REPRESENTATION_CONTEXT() REPRESENTATION_CONTEXT('2D SPACE',''
  ) );
#15148 = ADVANCED_FACE('',(#15149),#5231,.F.);
#15149 = FACE_BOUND('',#15150,.F.);
#15150 = EDGE_LOOP('',(#15151,#15152,#15153,#15154));
#15151 = ORIENTED_EDGE('',*,*,#5217,.F.);
#15152 = ORIENTED_EDGE('',*,*,#15128,.T.);
#15153 = ORIENTED_EDGE('',*,*,#10242,.T.);
#15154 = ORIENTED_EDGE('',*,*,#15155,.F.);
#15155 = EDGE_CURVE('',#5190,#10222,#15156,.T.);
#15156 = SURFACE_CURVE('',#15157,(#15161,#15168),.PCURVE_S1.);
#15157 = LINE('',#15158,#15159);
#15158 = CARTESIAN_POINT('',(7.42097,-45.774329,0.));
#15159 = VECTOR('',#15160,1.);
#15160 = DIRECTION('',(0.,0.,1.));
#15161 = PCURVE('',#5231,#15162);
#15162 = DEFINITIONAL_REPRESENTATION('',(#15163),#15167);
#15163 = LINE('',#15164,#15165);
#15164 = CARTESIAN_POINT('',(9.754519201375E-02,0.));
#15165 = VECTOR('',#15166,1.);
#15166 = DIRECTION('',(0.,-1.));
#15167 = ( GEOMETRIC_REPRESENTATION_CONTEXT(2) 
PARAMETRIC_REPRESENTATION_CONTEXT() REPRESENTATION_CONTEXT('2D SPACE',''
  ) );
#15168 = PCURVE('',#5205,#15169);
#15169 = DEFINITIONAL_REPRESENTATION('',(#15170),#15174);
#15170 = LINE('',#15171,#15172);
#15171 = CARTESIAN_POINT('',(0.,0.));
#15172 = VECTOR('',#15173,1.);
#15173 = DIRECTION('',(0.,-1.));
#15174 = ( GEOMETRIC_REPRESENTATION_CONTEXT(2) 
PARAMETRIC_REPRESENTATION_CONTEXT() REPRESENTATION_CONTEXT('2D SPACE',''
  ) );
#15175 = ADVANCED_FACE('',(#15176),#5205,.F.);
#15176 = FACE_BOUND('',#15177,.F.);
#15177 = EDGE_LOOP('',(#15178,#15179,#15180,#15181));
#15178 = ORIENTED_EDGE('',*,*,#5189,.F.);
#15179 = ORIENTED_EDGE('',*,*,#15155,.T.);
#15180 = ORIENTED_EDGE('',*,*,#10221,.T.);
#15181 = ORIENTED_EDGE('',*,*,#15182,.F.);
#15182 = EDGE_CURVE('',#5162,#10201,#15183,.T.);
#15183 = SURFACE_CURVE('',#15184,(#15188,#15195),.PCURVE_S1.);
#15184 = LINE('',#15185,#15186);
#15185 = CARTESIAN_POINT('',(7.44,-45.87,0.));
#15186 = VECTOR('',#15187,1.);
#15187 = DIRECTION('',(0.,0.,1.));
#15188 = PCURVE('',#5205,#15189);
#15189 = DEFINITIONAL_REPRESENTATION('',(#15190),#15194);
#15190 = LINE('',#15191,#15192);
#15191 = CARTESIAN_POINT('',(9.754527738952E-02,0.));
#15192 = VECTOR('',#15193,1.);
#15193 = DIRECTION('',(0.,-1.));
#15194 = ( GEOMETRIC_REPRESENTATION_CONTEXT(2) 
PARAMETRIC_REPRESENTATION_CONTEXT() REPRESENTATION_CONTEXT('2D SPACE',''
  ) );
#15195 = PCURVE('',#5177,#15196);
#15196 = DEFINITIONAL_REPRESENTATION('',(#15197),#15201);
#15197 = LINE('',#15198,#15199);
#15198 = CARTESIAN_POINT('',(0.,0.));
#15199 = VECTOR('',#15200,1.);
#15200 = DIRECTION('',(0.,-1.));
#15201 = ( GEOMETRIC_REPRESENTATION_CONTEXT(2) 
PARAMETRIC_REPRESENTATION_CONTEXT() REPRESENTATION_CONTEXT('2D SPACE',''
  ) );
#15202 = ADVANCED_FACE('',(#15203),#5177,.F.);
#15203 = FACE_BOUND('',#15204,.F.);
#15204 = EDGE_LOOP('',(#15205,#15206,#15207,#15208));
#15205 = ORIENTED_EDGE('',*,*,#5161,.F.);
#15206 = ORIENTED_EDGE('',*,*,#15182,.T.);
#15207 = ORIENTED_EDGE('',*,*,#10200,.T.);
#15208 = ORIENTED_EDGE('',*,*,#15209,.F.);
#15209 = EDGE_CURVE('',#5134,#10180,#15210,.T.);
#15210 = SURFACE_CURVE('',#15211,(#15215,#15222),.PCURVE_S1.);
#15211 = LINE('',#15212,#15213);
#15212 = CARTESIAN_POINT('',(7.42097,-45.965671,0.));
#15213 = VECTOR('',#15214,1.);
#15214 = DIRECTION('',(0.,0.,1.));
#15215 = PCURVE('',#5177,#15216);
#15216 = DEFINITIONAL_REPRESENTATION('',(#15217),#15221);
#15217 = LINE('',#15218,#15219);
#15218 = CARTESIAN_POINT('',(9.754527738953E-02,0.));
#15219 = VECTOR('',#15220,1.);
#15220 = DIRECTION('',(0.,-1.));
#15221 = ( GEOMETRIC_REPRESENTATION_CONTEXT(2) 
PARAMETRIC_REPRESENTATION_CONTEXT() REPRESENTATION_CONTEXT('2D SPACE',''
  ) );
#15222 = PCURVE('',#5149,#15223);
#15223 = DEFINITIONAL_REPRESENTATION('',(#15224),#15228);
#15224 = LINE('',#15225,#15226);
#15225 = CARTESIAN_POINT('',(0.,0.));
#15226 = VECTOR('',#15227,1.);
#15227 = DIRECTION('',(0.,-1.));
#15228 = ( GEOMETRIC_REPRESENTATION_CONTEXT(2) 
PARAMETRIC_REPRESENTATION_CONTEXT() REPRESENTATION_CONTEXT('2D SPACE',''
  ) );
#15229 = ADVANCED_FACE('',(#15230),#5149,.F.);
#15230 = FACE_BOUND('',#15231,.F.);
#15231 = EDGE_LOOP('',(#15232,#15233,#15234,#15235));
#15232 = ORIENTED_EDGE('',*,*,#5133,.F.);
#15233 = ORIENTED_EDGE('',*,*,#15209,.T.);
#15234 = ORIENTED_EDGE('',*,*,#10179,.T.);
#15235 = ORIENTED_EDGE('',*,*,#15236,.F.);
#15236 = EDGE_CURVE('',#5106,#10159,#15237,.T.);
#15237 = SURFACE_CURVE('',#15238,(#15242,#15249),.PCURVE_S1.);
#15238 = LINE('',#15239,#15240);
#15239 = CARTESIAN_POINT('',(7.366777,-46.046777,0.));
#15240 = VECTOR('',#15241,1.);
#15241 = DIRECTION('',(0.,0.,1.));
#15242 = PCURVE('',#5149,#15243);
#15243 = DEFINITIONAL_REPRESENTATION('',(#15244),#15248);
#15244 = LINE('',#15245,#15246);
#15245 = CARTESIAN_POINT('',(9.754519201375E-02,0.));
#15246 = VECTOR('',#15247,1.);
#15247 = DIRECTION('',(0.,-1.));
#15248 = ( GEOMETRIC_REPRESENTATION_CONTEXT(2) 
PARAMETRIC_REPRESENTATION_CONTEXT() REPRESENTATION_CONTEXT('2D SPACE',''
  ) );
#15249 = PCURVE('',#5121,#15250);
#15250 = DEFINITIONAL_REPRESENTATION('',(#15251),#15255);
#15251 = LINE('',#15252,#15253);
#15252 = CARTESIAN_POINT('',(0.,0.));
#15253 = VECTOR('',#15254,1.);
#15254 = DIRECTION('',(0.,-1.));
#15255 = ( GEOMETRIC_REPRESENTATION_CONTEXT(2) 
PARAMETRIC_REPRESENTATION_CONTEXT() REPRESENTATION_CONTEXT('2D SPACE',''
  ) );
#15256 = ADVANCED_FACE('',(#15257),#5121,.F.);
#15257 = FACE_BOUND('',#15258,.F.);
#15258 = EDGE_LOOP('',(#15259,#15260,#15261,#15262));
#15259 = ORIENTED_EDGE('',*,*,#5105,.F.);
#15260 = ORIENTED_EDGE('',*,*,#15236,.T.);
#15261 = ORIENTED_EDGE('',*,*,#10158,.T.);
#15262 = ORIENTED_EDGE('',*,*,#15263,.F.);
#15263 = EDGE_CURVE('',#5078,#10138,#15264,.T.);
#15264 = SURFACE_CURVE('',#15265,(#15269,#15276),.PCURVE_S1.);
#15265 = LINE('',#15266,#15267);
#15266 = CARTESIAN_POINT('',(7.285671,-46.10097,0.));
#15267 = VECTOR('',#15268,1.);
#15268 = DIRECTION('',(0.,0.,1.));
#15269 = PCURVE('',#5121,#15270);
#15270 = DEFINITIONAL_REPRESENTATION('',(#15271),#15275);
#15271 = LINE('',#15272,#15273);
#15272 = CARTESIAN_POINT('',(9.754519201375E-02,0.));
#15273 = VECTOR('',#15274,1.);
#15274 = DIRECTION('',(0.,-1.));
#15275 = ( GEOMETRIC_REPRESENTATION_CONTEXT(2) 
PARAMETRIC_REPRESENTATION_CONTEXT() REPRESENTATION_CONTEXT('2D SPACE',''
  ) );
#15276 = PCURVE('',#5093,#15277);
#15277 = DEFINITIONAL_REPRESENTATION('',(#15278),#15282);
#15278 = LINE('',#15279,#15280);
#15279 = CARTESIAN_POINT('',(0.,0.));
#15280 = VECTOR('',#15281,1.);
#15281 = DIRECTION('',(0.,-1.));
#15282 = ( GEOMETRIC_REPRESENTATION_CONTEXT(2) 
PARAMETRIC_REPRESENTATION_CONTEXT() REPRESENTATION_CONTEXT('2D SPACE',''
  ) );
#15283 = ADVANCED_FACE('',(#15284),#5093,.F.);
#15284 = FACE_BOUND('',#15285,.F.);
#15285 = EDGE_LOOP('',(#15286,#15287,#15288,#15289));
#15286 = ORIENTED_EDGE('',*,*,#5077,.F.);
#15287 = ORIENTED_EDGE('',*,*,#15263,.T.);
#15288 = ORIENTED_EDGE('',*,*,#10137,.T.);
#15289 = ORIENTED_EDGE('',*,*,#15290,.F.);
#15290 = EDGE_CURVE('',#5050,#10117,#15291,.T.);
#15291 = SURFACE_CURVE('',#15292,(#15296,#15303),.PCURVE_S1.);
#15292 = LINE('',#15293,#15294);
#15293 = CARTESIAN_POINT('',(7.19,-46.12,0.));
#15294 = VECTOR('',#15295,1.);
#15295 = DIRECTION('',(0.,0.,1.));
#15296 = PCURVE('',#5093,#15297);
#15297 = DEFINITIONAL_REPRESENTATION('',(#15298),#15302);
#15298 = LINE('',#15299,#15300);
#15299 = CARTESIAN_POINT('',(9.754527738953E-02,0.));
#15300 = VECTOR('',#15301,1.);
#15301 = DIRECTION('',(0.,-1.));
#15302 = ( GEOMETRIC_REPRESENTATION_CONTEXT(2) 
PARAMETRIC_REPRESENTATION_CONTEXT() REPRESENTATION_CONTEXT('2D SPACE',''
  ) );
#15303 = PCURVE('',#5065,#15304);
#15304 = DEFINITIONAL_REPRESENTATION('',(#15305),#15309);
#15305 = LINE('',#15306,#15307);
#15306 = CARTESIAN_POINT('',(0.,-0.));
#15307 = VECTOR('',#15308,1.);
#15308 = DIRECTION('',(0.,-1.));
#15309 = ( GEOMETRIC_REPRESENTATION_CONTEXT(2) 
PARAMETRIC_REPRESENTATION_CONTEXT() REPRESENTATION_CONTEXT('2D SPACE',''
  ) );
#15310 = ADVANCED_FACE('',(#15311),#5065,.F.);
#15311 = FACE_BOUND('',#15312,.F.);
#15312 = EDGE_LOOP('',(#15313,#15314,#15315,#15316));
#15313 = ORIENTED_EDGE('',*,*,#5049,.F.);
#15314 = ORIENTED_EDGE('',*,*,#15290,.T.);
#15315 = ORIENTED_EDGE('',*,*,#10116,.T.);
#15316 = ORIENTED_EDGE('',*,*,#15317,.F.);
#15317 = EDGE_CURVE('',#5022,#10096,#15318,.T.);
#15318 = SURFACE_CURVE('',#15319,(#15323,#15330),.PCURVE_S1.);
#15319 = LINE('',#15320,#15321);
#15320 = CARTESIAN_POINT('',(6.59,-46.12,0.));
#15321 = VECTOR('',#15322,1.);
#15322 = DIRECTION('',(0.,0.,1.));
#15323 = PCURVE('',#5065,#15324);
#15324 = DEFINITIONAL_REPRESENTATION('',(#15325),#15329);
#15325 = LINE('',#15326,#15327);
#15326 = CARTESIAN_POINT('',(0.6,0.));
#15327 = VECTOR('',#15328,1.);
#15328 = DIRECTION('',(0.,-1.));
#15329 = ( GEOMETRIC_REPRESENTATION_CONTEXT(2) 
PARAMETRIC_REPRESENTATION_CONTEXT() REPRESENTATION_CONTEXT('2D SPACE',''
  ) );
#15330 = PCURVE('',#5037,#15331);
#15331 = DEFINITIONAL_REPRESENTATION('',(#15332),#15336);
#15332 = LINE('',#15333,#15334);
#15333 = CARTESIAN_POINT('',(0.,0.));
#15334 = VECTOR('',#15335,1.);
#15335 = DIRECTION('',(0.,-1.));
#15336 = ( GEOMETRIC_REPRESENTATION_CONTEXT(2) 
PARAMETRIC_REPRESENTATION_CONTEXT() REPRESENTATION_CONTEXT('2D SPACE',''
  ) );
#15337 = ADVANCED_FACE('',(#15338),#5037,.F.);
#15338 = FACE_BOUND('',#15339,.F.);
#15339 = EDGE_LOOP('',(#15340,#15341,#15342,#15343));
#15340 = ORIENTED_EDGE('',*,*,#5021,.F.);
#15341 = ORIENTED_EDGE('',*,*,#15317,.T.);
#15342 = ORIENTED_EDGE('',*,*,#10095,.T.);
#15343 = ORIENTED_EDGE('',*,*,#15344,.F.);
#15344 = EDGE_CURVE('',#4994,#10075,#15345,.T.);
#15345 = SURFACE_CURVE('',#15346,(#15350,#15357),.PCURVE_S1.);
#15346 = LINE('',#15347,#15348);
#15347 = CARTESIAN_POINT('',(6.494329,-46.10097,0.));
#15348 = VECTOR('',#15349,1.);
#15349 = DIRECTION('',(0.,0.,1.));
#15350 = PCURVE('',#5037,#15351);
#15351 = DEFINITIONAL_REPRESENTATION('',(#15352),#15356);
#15352 = LINE('',#15353,#15354);
#15353 = CARTESIAN_POINT('',(9.754527738953E-02,0.));
#15354 = VECTOR('',#15355,1.);
#15355 = DIRECTION('',(0.,-1.));
#15356 = ( GEOMETRIC_REPRESENTATION_CONTEXT(2) 
PARAMETRIC_REPRESENTATION_CONTEXT() REPRESENTATION_CONTEXT('2D SPACE',''
  ) );
#15357 = PCURVE('',#5009,#15358);
#15358 = DEFINITIONAL_REPRESENTATION('',(#15359),#15363);
#15359 = LINE('',#15360,#15361);
#15360 = CARTESIAN_POINT('',(0.,0.));
#15361 = VECTOR('',#15362,1.);
#15362 = DIRECTION('',(0.,-1.));
#15363 = ( GEOMETRIC_REPRESENTATION_CONTEXT(2) 
PARAMETRIC_REPRESENTATION_CONTEXT() REPRESENTATION_CONTEXT('2D SPACE',''
  ) );
#15364 = ADVANCED_FACE('',(#15365),#5009,.F.);
#15365 = FACE_BOUND('',#15366,.F.);
#15366 = EDGE_LOOP('',(#15367,#15368,#15369,#15370));
#15367 = ORIENTED_EDGE('',*,*,#4993,.F.);
#15368 = ORIENTED_EDGE('',*,*,#15344,.T.);
#15369 = ORIENTED_EDGE('',*,*,#10074,.T.);
#15370 = ORIENTED_EDGE('',*,*,#15371,.F.);
#15371 = EDGE_CURVE('',#4966,#10054,#15372,.T.);
#15372 = SURFACE_CURVE('',#15373,(#15377,#15384),.PCURVE_S1.);
#15373 = LINE('',#15374,#15375);
#15374 = CARTESIAN_POINT('',(6.413223,-46.046777,0.));
#15375 = VECTOR('',#15376,1.);
#15376 = DIRECTION('',(0.,0.,1.));
#15377 = PCURVE('',#5009,#15378);
#15378 = DEFINITIONAL_REPRESENTATION('',(#15379),#15383);
#15379 = LINE('',#15380,#15381);
#15380 = CARTESIAN_POINT('',(9.754519201375E-02,0.));
#15381 = VECTOR('',#15382,1.);
#15382 = DIRECTION('',(0.,-1.));
#15383 = ( GEOMETRIC_REPRESENTATION_CONTEXT(2) 
PARAMETRIC_REPRESENTATION_CONTEXT() REPRESENTATION_CONTEXT('2D SPACE',''
  ) );
#15384 = PCURVE('',#4981,#15385);
#15385 = DEFINITIONAL_REPRESENTATION('',(#15386),#15390);
#15386 = LINE('',#15387,#15388);
#15387 = CARTESIAN_POINT('',(0.,0.));
#15388 = VECTOR('',#15389,1.);
#15389 = DIRECTION('',(0.,-1.));
#15390 = ( GEOMETRIC_REPRESENTATION_CONTEXT(2) 
PARAMETRIC_REPRESENTATION_CONTEXT() REPRESENTATION_CONTEXT('2D SPACE',''
  ) );
#15391 = ADVANCED_FACE('',(#15392),#4981,.F.);
#15392 = FACE_BOUND('',#15393,.F.);
#15393 = EDGE_LOOP('',(#15394,#15395,#15396,#15397));
#15394 = ORIENTED_EDGE('',*,*,#4965,.F.);
#15395 = ORIENTED_EDGE('',*,*,#15371,.T.);
#15396 = ORIENTED_EDGE('',*,*,#10053,.T.);
#15397 = ORIENTED_EDGE('',*,*,#15398,.F.);
#15398 = EDGE_CURVE('',#4938,#10033,#15399,.T.);
#15399 = SURFACE_CURVE('',#15400,(#15404,#15411),.PCURVE_S1.);
#15400 = LINE('',#15401,#15402);
#15401 = CARTESIAN_POINT('',(6.35903,-45.965671,0.));
#15402 = VECTOR('',#15403,1.);
#15403 = DIRECTION('',(0.,0.,1.));
#15404 = PCURVE('',#4981,#15405);
#15405 = DEFINITIONAL_REPRESENTATION('',(#15406),#15410);
#15406 = LINE('',#15407,#15408);
#15407 = CARTESIAN_POINT('',(9.754519201375E-02,0.));
#15408 = VECTOR('',#15409,1.);
#15409 = DIRECTION('',(0.,-1.));
#15410 = ( GEOMETRIC_REPRESENTATION_CONTEXT(2) 
PARAMETRIC_REPRESENTATION_CONTEXT() REPRESENTATION_CONTEXT('2D SPACE',''
  ) );
#15411 = PCURVE('',#4953,#15412);
#15412 = DEFINITIONAL_REPRESENTATION('',(#15413),#15417);
#15413 = LINE('',#15414,#15415);
#15414 = CARTESIAN_POINT('',(0.,0.));
#15415 = VECTOR('',#15416,1.);
#15416 = DIRECTION('',(0.,-1.));
#15417 = ( GEOMETRIC_REPRESENTATION_CONTEXT(2) 
PARAMETRIC_REPRESENTATION_CONTEXT() REPRESENTATION_CONTEXT('2D SPACE',''
  ) );
#15418 = ADVANCED_FACE('',(#15419),#4953,.F.);
#15419 = FACE_BOUND('',#15420,.F.);
#15420 = EDGE_LOOP('',(#15421,#15422,#15423,#15424));
#15421 = ORIENTED_EDGE('',*,*,#4937,.F.);
#15422 = ORIENTED_EDGE('',*,*,#15398,.T.);
#15423 = ORIENTED_EDGE('',*,*,#10032,.T.);
#15424 = ORIENTED_EDGE('',*,*,#15425,.F.);
#15425 = EDGE_CURVE('',#4910,#10012,#15426,.T.);
#15426 = SURFACE_CURVE('',#15427,(#15431,#15438),.PCURVE_S1.);
#15427 = LINE('',#15428,#15429);
#15428 = CARTESIAN_POINT('',(6.34,-45.87,0.));
#15429 = VECTOR('',#15430,1.);
#15430 = DIRECTION('',(0.,0.,1.));
#15431 = PCURVE('',#4953,#15432);
#15432 = DEFINITIONAL_REPRESENTATION('',(#15433),#15437);
#15433 = LINE('',#15434,#15435);
#15434 = CARTESIAN_POINT('',(9.754527738953E-02,0.));
#15435 = VECTOR('',#15436,1.);
#15436 = DIRECTION('',(0.,-1.));
#15437 = ( GEOMETRIC_REPRESENTATION_CONTEXT(2) 
PARAMETRIC_REPRESENTATION_CONTEXT() REPRESENTATION_CONTEXT('2D SPACE',''
  ) );
#15438 = PCURVE('',#4925,#15439);
#15439 = DEFINITIONAL_REPRESENTATION('',(#15440),#15444);
#15440 = LINE('',#15441,#15442);
#15441 = CARTESIAN_POINT('',(0.,0.));
#15442 = VECTOR('',#15443,1.);
#15443 = DIRECTION('',(0.,-1.));
#15444 = ( GEOMETRIC_REPRESENTATION_CONTEXT(2) 
PARAMETRIC_REPRESENTATION_CONTEXT() REPRESENTATION_CONTEXT('2D SPACE',''
  ) );
#15445 = ADVANCED_FACE('',(#15446),#4925,.F.);
#15446 = FACE_BOUND('',#15447,.F.);
#15447 = EDGE_LOOP('',(#15448,#15449,#15450,#15451));
#15448 = ORIENTED_EDGE('',*,*,#4909,.F.);
#15449 = ORIENTED_EDGE('',*,*,#15425,.T.);
#15450 = ORIENTED_EDGE('',*,*,#10011,.T.);
#15451 = ORIENTED_EDGE('',*,*,#15452,.F.);
#15452 = EDGE_CURVE('',#4882,#9991,#15453,.T.);
#15453 = SURFACE_CURVE('',#15454,(#15458,#15465),.PCURVE_S1.);
#15454 = LINE('',#15455,#15456);
#15455 = CARTESIAN_POINT('',(6.35903,-45.774329,0.));
#15456 = VECTOR('',#15457,1.);
#15457 = DIRECTION('',(0.,0.,1.));
#15458 = PCURVE('',#4925,#15459);
#15459 = DEFINITIONAL_REPRESENTATION('',(#15460),#15464);
#15460 = LINE('',#15461,#15462);
#15461 = CARTESIAN_POINT('',(9.754527738952E-02,0.));
#15462 = VECTOR('',#15463,1.);
#15463 = DIRECTION('',(0.,-1.));
#15464 = ( GEOMETRIC_REPRESENTATION_CONTEXT(2) 
PARAMETRIC_REPRESENTATION_CONTEXT() REPRESENTATION_CONTEXT('2D SPACE',''
  ) );
#15465 = PCURVE('',#4897,#15466);
#15466 = DEFINITIONAL_REPRESENTATION('',(#15467),#15471);
#15467 = LINE('',#15468,#15469);
#15468 = CARTESIAN_POINT('',(0.,0.));
#15469 = VECTOR('',#15470,1.);
#15470 = DIRECTION('',(0.,-1.));
#15471 = ( GEOMETRIC_REPRESENTATION_CONTEXT(2) 
PARAMETRIC_REPRESENTATION_CONTEXT() REPRESENTATION_CONTEXT('2D SPACE',''
  ) );
#15472 = ADVANCED_FACE('',(#15473),#4897,.F.);
#15473 = FACE_BOUND('',#15474,.F.);
#15474 = EDGE_LOOP('',(#15475,#15476,#15477,#15478));
#15475 = ORIENTED_EDGE('',*,*,#4881,.F.);
#15476 = ORIENTED_EDGE('',*,*,#15452,.T.);
#15477 = ORIENTED_EDGE('',*,*,#9990,.T.);
#15478 = ORIENTED_EDGE('',*,*,#15479,.F.);
#15479 = EDGE_CURVE('',#4854,#9970,#15480,.T.);
#15480 = SURFACE_CURVE('',#15481,(#15485,#15492),.PCURVE_S1.);
#15481 = LINE('',#15482,#15483);
#15482 = CARTESIAN_POINT('',(6.413223,-45.693223,0.));
#15483 = VECTOR('',#15484,1.);
#15484 = DIRECTION('',(0.,0.,1.));
#15485 = PCURVE('',#4897,#15486);
#15486 = DEFINITIONAL_REPRESENTATION('',(#15487),#15491);
#15487 = LINE('',#15488,#15489);
#15488 = CARTESIAN_POINT('',(9.754519201375E-02,0.));
#15489 = VECTOR('',#15490,1.);
#15490 = DIRECTION('',(0.,-1.));
#15491 = ( GEOMETRIC_REPRESENTATION_CONTEXT(2) 
PARAMETRIC_REPRESENTATION_CONTEXT() REPRESENTATION_CONTEXT('2D SPACE',''
  ) );
#15492 = PCURVE('',#4869,#15493);
#15493 = DEFINITIONAL_REPRESENTATION('',(#15494),#15498);
#15494 = LINE('',#15495,#15496);
#15495 = CARTESIAN_POINT('',(0.,0.));
#15496 = VECTOR('',#15497,1.);
#15497 = DIRECTION('',(0.,-1.));
#15498 = ( GEOMETRIC_REPRESENTATION_CONTEXT(2) 
PARAMETRIC_REPRESENTATION_CONTEXT() REPRESENTATION_CONTEXT('2D SPACE',''
  ) );
#15499 = ADVANCED_FACE('',(#15500),#4869,.F.);
#15500 = FACE_BOUND('',#15501,.F.);
#15501 = EDGE_LOOP('',(#15502,#15503,#15504,#15505));
#15502 = ORIENTED_EDGE('',*,*,#4853,.F.);
#15503 = ORIENTED_EDGE('',*,*,#15479,.T.);
#15504 = ORIENTED_EDGE('',*,*,#9969,.T.);
#15505 = ORIENTED_EDGE('',*,*,#15506,.F.);
#15506 = EDGE_CURVE('',#4826,#9949,#15507,.T.);
#15507 = SURFACE_CURVE('',#15508,(#15512,#15519),.PCURVE_S1.);
#15508 = LINE('',#15509,#15510);
#15509 = CARTESIAN_POINT('',(6.494329,-45.63903,0.));
#15510 = VECTOR('',#15511,1.);
#15511 = DIRECTION('',(0.,0.,1.));
#15512 = PCURVE('',#4869,#15513);
#15513 = DEFINITIONAL_REPRESENTATION('',(#15514),#15518);
#15514 = LINE('',#15515,#15516);
#15515 = CARTESIAN_POINT('',(9.754519201376E-02,0.));
#15516 = VECTOR('',#15517,1.);
#15517 = DIRECTION('',(0.,-1.));
#15518 = ( GEOMETRIC_REPRESENTATION_CONTEXT(2) 
PARAMETRIC_REPRESENTATION_CONTEXT() REPRESENTATION_CONTEXT('2D SPACE',''
  ) );
#15519 = PCURVE('',#4841,#15520);
#15520 = DEFINITIONAL_REPRESENTATION('',(#15521),#15525);
#15521 = LINE('',#15522,#15523);
#15522 = CARTESIAN_POINT('',(0.,0.));
#15523 = VECTOR('',#15524,1.);
#15524 = DIRECTION('',(0.,-1.));
#15525 = ( GEOMETRIC_REPRESENTATION_CONTEXT(2) 
PARAMETRIC_REPRESENTATION_CONTEXT() REPRESENTATION_CONTEXT('2D SPACE',''
  ) );
#15526 = ADVANCED_FACE('',(#15527),#4841,.F.);
#15527 = FACE_BOUND('',#15528,.F.);
#15528 = EDGE_LOOP('',(#15529,#15530,#15531,#15532));
#15529 = ORIENTED_EDGE('',*,*,#4825,.F.);
#15530 = ORIENTED_EDGE('',*,*,#15506,.T.);
#15531 = ORIENTED_EDGE('',*,*,#9948,.T.);
#15532 = ORIENTED_EDGE('',*,*,#15533,.F.);
#15533 = EDGE_CURVE('',#4798,#9928,#15534,.T.);
#15534 = SURFACE_CURVE('',#15535,(#15539,#15546),.PCURVE_S1.);
#15535 = LINE('',#15536,#15537);
#15536 = CARTESIAN_POINT('',(6.59,-45.62,0.));
#15537 = VECTOR('',#15538,1.);
#15538 = DIRECTION('',(0.,0.,1.));
#15539 = PCURVE('',#4841,#15540);
#15540 = DEFINITIONAL_REPRESENTATION('',(#15541),#15545);
#15541 = LINE('',#15542,#15543);
#15542 = CARTESIAN_POINT('',(9.754527738953E-02,0.));
#15543 = VECTOR('',#15544,1.);
#15544 = DIRECTION('',(0.,-1.));
#15545 = ( GEOMETRIC_REPRESENTATION_CONTEXT(2) 
PARAMETRIC_REPRESENTATION_CONTEXT() REPRESENTATION_CONTEXT('2D SPACE',''
  ) );
#15546 = PCURVE('',#4813,#15547);
#15547 = DEFINITIONAL_REPRESENTATION('',(#15548),#15552);
#15548 = LINE('',#15549,#15550);
#15549 = CARTESIAN_POINT('',(0.,0.));
#15550 = VECTOR('',#15551,1.);
#15551 = DIRECTION('',(0.,-1.));
#15552 = ( GEOMETRIC_REPRESENTATION_CONTEXT(2) 
PARAMETRIC_REPRESENTATION_CONTEXT() REPRESENTATION_CONTEXT('2D SPACE',''
  ) );
#15553 = ADVANCED_FACE('',(#15554),#4813,.F.);
#15554 = FACE_BOUND('',#15555,.F.);
#15555 = EDGE_LOOP('',(#15556,#15557,#15558,#15559));
#15556 = ORIENTED_EDGE('',*,*,#4797,.F.);
#15557 = ORIENTED_EDGE('',*,*,#15533,.T.);
#15558 = ORIENTED_EDGE('',*,*,#9927,.T.);
#15559 = ORIENTED_EDGE('',*,*,#15560,.F.);
#15560 = EDGE_CURVE('',#4770,#9907,#15561,.T.);
#15561 = SURFACE_CURVE('',#15562,(#15566,#15573),.PCURVE_S1.);
#15562 = LINE('',#15563,#15564);
#15563 = CARTESIAN_POINT('',(7.19,-45.62,0.));
#15564 = VECTOR('',#15565,1.);
#15565 = DIRECTION('',(0.,0.,1.));
#15566 = PCURVE('',#4813,#15567);
#15567 = DEFINITIONAL_REPRESENTATION('',(#15568),#15572);
#15568 = LINE('',#15569,#15570);
#15569 = CARTESIAN_POINT('',(0.6,0.));
#15570 = VECTOR('',#15571,1.);
#15571 = DIRECTION('',(0.,-1.));
#15572 = ( GEOMETRIC_REPRESENTATION_CONTEXT(2) 
PARAMETRIC_REPRESENTATION_CONTEXT() REPRESENTATION_CONTEXT('2D SPACE',''
  ) );
#15573 = PCURVE('',#4785,#15574);
#15574 = DEFINITIONAL_REPRESENTATION('',(#15575),#15579);
#15575 = LINE('',#15576,#15577);
#15576 = CARTESIAN_POINT('',(0.,0.));
#15577 = VECTOR('',#15578,1.);
#15578 = DIRECTION('',(0.,-1.));
#15579 = ( GEOMETRIC_REPRESENTATION_CONTEXT(2) 
PARAMETRIC_REPRESENTATION_CONTEXT() REPRESENTATION_CONTEXT('2D SPACE',''
  ) );
#15580 = ADVANCED_FACE('',(#15581),#4785,.F.);
#15581 = FACE_BOUND('',#15582,.F.);
#15582 = EDGE_LOOP('',(#15583,#15584,#15585,#15586));
#15583 = ORIENTED_EDGE('',*,*,#4769,.F.);
#15584 = ORIENTED_EDGE('',*,*,#15560,.T.);
#15585 = ORIENTED_EDGE('',*,*,#9906,.T.);
#15586 = ORIENTED_EDGE('',*,*,#15106,.F.);
#15587 = ADVANCED_FACE('',(#15588),#5266,.F.);
#15588 = FACE_BOUND('',#15589,.F.);
#15589 = EDGE_LOOP('',(#15590,#15591,#15612,#15613));
#15590 = ORIENTED_EDGE('',*,*,#10263,.F.);
#15591 = ORIENTED_EDGE('',*,*,#15592,.F.);
#15592 = EDGE_CURVE('',#5246,#10264,#15593,.T.);
#15593 = SEAM_CURVE('',#15594,(#15598,#15605),.PCURVE_S1.);
#15594 = LINE('',#15595,#15596);
#15595 = CARTESIAN_POINT('',(6.49,-47.2,-1.E-02));
#15596 = VECTOR('',#15597,1.);
#15597 = DIRECTION('',(0.,0.,1.));
#15598 = PCURVE('',#5266,#15599);
#15599 = DEFINITIONAL_REPRESENTATION('',(#15600),#15604);
#15600 = LINE('',#15601,#15602);
#15601 = CARTESIAN_POINT('',(6.28318530718,-0.));
#15602 = VECTOR('',#15603,1.);
#15603 = DIRECTION('',(0.,1.));
#15604 = ( GEOMETRIC_REPRESENTATION_CONTEXT(2) 
PARAMETRIC_REPRESENTATION_CONTEXT() REPRESENTATION_CONTEXT('2D SPACE',''
  ) );
#15605 = PCURVE('',#5266,#15606);
#15606 = DEFINITIONAL_REPRESENTATION('',(#15607),#15611);
#15607 = LINE('',#15608,#15609);
#15608 = CARTESIAN_POINT('',(0.,-0.));
#15609 = VECTOR('',#15610,1.);
#15610 = DIRECTION('',(0.,1.));
#15611 = ( GEOMETRIC_REPRESENTATION_CONTEXT(2) 
PARAMETRIC_REPRESENTATION_CONTEXT() REPRESENTATION_CONTEXT('2D SPACE',''
  ) );
#15612 = ORIENTED_EDGE('',*,*,#5245,.T.);
#15613 = ORIENTED_EDGE('',*,*,#15592,.T.);
#15614 = ADVANCED_FACE('',(#15615),#5298,.F.);
#15615 = FACE_BOUND('',#15616,.F.);
#15616 = EDGE_LOOP('',(#15617,#15618,#15639,#15640));
#15617 = ORIENTED_EDGE('',*,*,#5280,.F.);
#15618 = ORIENTED_EDGE('',*,*,#15619,.T.);
#15619 = EDGE_CURVE('',#5281,#10294,#15620,.T.);
#15620 = SURFACE_CURVE('',#15621,(#15625,#15632),.PCURVE_S1.);
#15621 = LINE('',#15622,#15623);
#15622 = CARTESIAN_POINT('',(5.3346,-46.138843,0.));
#15623 = VECTOR('',#15624,1.);
#15624 = DIRECTION('',(0.,0.,1.));
#15625 = PCURVE('',#5298,#15626);
#15626 = DEFINITIONAL_REPRESENTATION('',(#15627),#15631);
#15627 = LINE('',#15628,#15629);
#15628 = CARTESIAN_POINT('',(0.,0.));
#15629 = VECTOR('',#15630,1.);
#15630 = DIRECTION('',(0.,-1.));
#15631 = ( GEOMETRIC_REPRESENTATION_CONTEXT(2) 
PARAMETRIC_REPRESENTATION_CONTEXT() REPRESENTATION_CONTEXT('2D SPACE',''
  ) );
#15632 = PCURVE('',#5326,#15633);
#15633 = DEFINITIONAL_REPRESENTATION('',(#15634),#15638);
#15634 = LINE('',#15635,#15636);
#15635 = CARTESIAN_POINT('',(0.112871779684,0.));
#15636 = VECTOR('',#15637,1.);
#15637 = DIRECTION('',(0.,-1.));
#15638 = ( GEOMETRIC_REPRESENTATION_CONTEXT(2) 
PARAMETRIC_REPRESENTATION_CONTEXT() REPRESENTATION_CONTEXT('2D SPACE',''
  ) );
#15639 = ORIENTED_EDGE('',*,*,#10293,.T.);
#15640 = ORIENTED_EDGE('',*,*,#15641,.F.);
#15641 = EDGE_CURVE('',#5283,#10296,#15642,.T.);
#15642 = SURFACE_CURVE('',#15643,(#15647,#15654),.PCURVE_S1.);
#15643 = LINE('',#15644,#15645);
#15644 = CARTESIAN_POINT('',(5.391036,-46.041094,0.));
#15645 = VECTOR('',#15646,1.);
#15646 = DIRECTION('',(0.,0.,1.));
#15647 = PCURVE('',#5298,#15648);
#15648 = DEFINITIONAL_REPRESENTATION('',(#15649),#15653);
#15649 = LINE('',#15650,#15651);
#15650 = CARTESIAN_POINT('',(0.112871117196,0.));
#15651 = VECTOR('',#15652,1.);
#15652 = DIRECTION('',(0.,-1.));
#15653 = ( GEOMETRIC_REPRESENTATION_CONTEXT(2) 
PARAMETRIC_REPRESENTATION_CONTEXT() REPRESENTATION_CONTEXT('2D SPACE',''
  ) );
#15654 = PCURVE('',#5828,#15655);
#15655 = DEFINITIONAL_REPRESENTATION('',(#15656),#15660);
#15656 = LINE('',#15657,#15658);
#15657 = CARTESIAN_POINT('',(0.,0.));
#15658 = VECTOR('',#15659,1.);
#15659 = DIRECTION('',(0.,-1.));
#15660 = ( GEOMETRIC_REPRESENTATION_CONTEXT(2) 
PARAMETRIC_REPRESENTATION_CONTEXT() REPRESENTATION_CONTEXT('2D SPACE',''
  ) );
#15661 = ADVANCED_FACE('',(#15662),#5828,.F.);
#15662 = FACE_BOUND('',#15663,.F.);
#15663 = EDGE_LOOP('',(#15664,#15665,#15666,#15667));
#15664 = ORIENTED_EDGE('',*,*,#5814,.F.);
#15665 = ORIENTED_EDGE('',*,*,#15641,.T.);
#15666 = ORIENTED_EDGE('',*,*,#10694,.T.);
#15667 = ORIENTED_EDGE('',*,*,#15668,.F.);
#15668 = EDGE_CURVE('',#5787,#10674,#15669,.T.);
#15669 = SURFACE_CURVE('',#15670,(#15674,#15681),.PCURVE_S1.);
#15670 = LINE('',#15671,#15672);
#15671 = CARTESIAN_POINT('',(5.4775,-45.968542,0.));
#15672 = VECTOR('',#15673,1.);
#15673 = DIRECTION('',(0.,0.,1.));
#15674 = PCURVE('',#5828,#15675);
#15675 = DEFINITIONAL_REPRESENTATION('',(#15676),#15680);
#15676 = LINE('',#15677,#15678);
#15677 = CARTESIAN_POINT('',(0.112870793388,0.));
#15678 = VECTOR('',#15679,1.);
#15679 = DIRECTION('',(0.,-1.));
#15680 = ( GEOMETRIC_REPRESENTATION_CONTEXT(2) 
PARAMETRIC_REPRESENTATION_CONTEXT() REPRESENTATION_CONTEXT('2D SPACE',''
  ) );
#15681 = PCURVE('',#5802,#15682);
#15682 = DEFINITIONAL_REPRESENTATION('',(#15683),#15687);
#15683 = LINE('',#15684,#15685);
#15684 = CARTESIAN_POINT('',(0.,0.));
#15685 = VECTOR('',#15686,1.);
#15686 = DIRECTION('',(0.,-1.));
#15687 = ( GEOMETRIC_REPRESENTATION_CONTEXT(2) 
PARAMETRIC_REPRESENTATION_CONTEXT() REPRESENTATION_CONTEXT('2D SPACE',''
  ) );
#15688 = ADVANCED_FACE('',(#15689),#5802,.F.);
#15689 = FACE_BOUND('',#15690,.F.);
#15690 = EDGE_LOOP('',(#15691,#15692,#15693,#15694));
#15691 = ORIENTED_EDGE('',*,*,#5786,.F.);
#15692 = ORIENTED_EDGE('',*,*,#15668,.T.);
#15693 = ORIENTED_EDGE('',*,*,#10673,.T.);
#15694 = ORIENTED_EDGE('',*,*,#15695,.F.);
#15695 = EDGE_CURVE('',#5759,#10653,#15696,.T.);
#15696 = SURFACE_CURVE('',#15697,(#15701,#15708),.PCURVE_S1.);
#15697 = LINE('',#15698,#15699);
#15698 = CARTESIAN_POINT('',(5.583564,-45.929937,0.));
#15699 = VECTOR('',#15700,1.);
#15700 = DIRECTION('',(0.,0.,1.));
#15701 = PCURVE('',#5802,#15702);
#15702 = DEFINITIONAL_REPRESENTATION('',(#15703),#15707);
#15703 = LINE('',#15704,#15705);
#15704 = CARTESIAN_POINT('',(0.112871245767,0.));
#15705 = VECTOR('',#15706,1.);
#15706 = DIRECTION('',(0.,-1.));
#15707 = ( GEOMETRIC_REPRESENTATION_CONTEXT(2) 
PARAMETRIC_REPRESENTATION_CONTEXT() REPRESENTATION_CONTEXT('2D SPACE',''
  ) );
#15708 = PCURVE('',#5774,#15709);
#15709 = DEFINITIONAL_REPRESENTATION('',(#15710),#15714);
#15710 = LINE('',#15711,#15712);
#15711 = CARTESIAN_POINT('',(0.,0.));
#15712 = VECTOR('',#15713,1.);
#15713 = DIRECTION('',(0.,-1.));
#15714 = ( GEOMETRIC_REPRESENTATION_CONTEXT(2) 
PARAMETRIC_REPRESENTATION_CONTEXT() REPRESENTATION_CONTEXT('2D SPACE',''
  ) );
#15715 = ADVANCED_FACE('',(#15716),#5774,.F.);
#15716 = FACE_BOUND('',#15717,.F.);
#15717 = EDGE_LOOP('',(#15718,#15719,#15720,#15721));
#15718 = ORIENTED_EDGE('',*,*,#5758,.F.);
#15719 = ORIENTED_EDGE('',*,*,#15695,.T.);
#15720 = ORIENTED_EDGE('',*,*,#10652,.T.);
#15721 = ORIENTED_EDGE('',*,*,#15722,.F.);
#15722 = EDGE_CURVE('',#5731,#10632,#15723,.T.);
#15723 = SURFACE_CURVE('',#15724,(#15728,#15735),.PCURVE_S1.);
#15724 = LINE('',#15725,#15726);
#15725 = CARTESIAN_POINT('',(5.696436,-45.929937,0.));
#15726 = VECTOR('',#15727,1.);
#15727 = DIRECTION('',(0.,0.,1.));
#15728 = PCURVE('',#5774,#15729);
#15729 = DEFINITIONAL_REPRESENTATION('',(#15730),#15734);
#15730 = LINE('',#15731,#15732);
#15731 = CARTESIAN_POINT('',(0.112872,0.));
#15732 = VECTOR('',#15733,1.);
#15733 = DIRECTION('',(0.,-1.));
#15734 = ( GEOMETRIC_REPRESENTATION_CONTEXT(2) 
PARAMETRIC_REPRESENTATION_CONTEXT() REPRESENTATION_CONTEXT('2D SPACE',''
  ) );
#15735 = PCURVE('',#5746,#15736);
#15736 = DEFINITIONAL_REPRESENTATION('',(#15737),#15741);
#15737 = LINE('',#15738,#15739);
#15738 = CARTESIAN_POINT('',(0.,0.));
#15739 = VECTOR('',#15740,1.);
#15740 = DIRECTION('',(0.,-1.));
#15741 = ( GEOMETRIC_REPRESENTATION_CONTEXT(2) 
PARAMETRIC_REPRESENTATION_CONTEXT() REPRESENTATION_CONTEXT('2D SPACE',''
  ) );
#15742 = ADVANCED_FACE('',(#15743),#5746,.F.);
#15743 = FACE_BOUND('',#15744,.F.);
#15744 = EDGE_LOOP('',(#15745,#15746,#15747,#15748));
#15745 = ORIENTED_EDGE('',*,*,#5730,.F.);
#15746 = ORIENTED_EDGE('',*,*,#15722,.T.);
#15747 = ORIENTED_EDGE('',*,*,#10631,.T.);
#15748 = ORIENTED_EDGE('',*,*,#15749,.F.);
#15749 = EDGE_CURVE('',#5703,#10611,#15750,.T.);
#15750 = SURFACE_CURVE('',#15751,(#15755,#15762),.PCURVE_S1.);
#15751 = LINE('',#15752,#15753);
#15752 = CARTESIAN_POINT('',(5.8025,-45.968542,0.));
#15753 = VECTOR('',#15754,1.);
#15754 = DIRECTION('',(0.,0.,1.));
#15755 = PCURVE('',#5746,#15756);
#15756 = DEFINITIONAL_REPRESENTATION('',(#15757),#15761);
#15757 = LINE('',#15758,#15759);
#15758 = CARTESIAN_POINT('',(0.112871245767,0.));
#15759 = VECTOR('',#15760,1.);
#15760 = DIRECTION('',(0.,-1.));
#15761 = ( GEOMETRIC_REPRESENTATION_CONTEXT(2) 
PARAMETRIC_REPRESENTATION_CONTEXT() REPRESENTATION_CONTEXT('2D SPACE',''
  ) );
#15762 = PCURVE('',#5718,#15763);
#15763 = DEFINITIONAL_REPRESENTATION('',(#15764),#15768);
#15764 = LINE('',#15765,#15766);
#15765 = CARTESIAN_POINT('',(0.,0.));
#15766 = VECTOR('',#15767,1.);
#15767 = DIRECTION('',(0.,-1.));
#15768 = ( GEOMETRIC_REPRESENTATION_CONTEXT(2) 
PARAMETRIC_REPRESENTATION_CONTEXT() REPRESENTATION_CONTEXT('2D SPACE',''
  ) );
#15769 = ADVANCED_FACE('',(#15770),#5718,.F.);
#15770 = FACE_BOUND('',#15771,.F.);
#15771 = EDGE_LOOP('',(#15772,#15773,#15774,#15775));
#15772 = ORIENTED_EDGE('',*,*,#5702,.F.);
#15773 = ORIENTED_EDGE('',*,*,#15749,.T.);
#15774 = ORIENTED_EDGE('',*,*,#10610,.T.);
#15775 = ORIENTED_EDGE('',*,*,#15776,.F.);
#15776 = EDGE_CURVE('',#5675,#10590,#15777,.T.);
#15777 = SURFACE_CURVE('',#15778,(#15782,#15789),.PCURVE_S1.);
#15778 = LINE('',#15779,#15780);
#15779 = CARTESIAN_POINT('',(5.888964,-46.041094,0.));
#15780 = VECTOR('',#15781,1.);
#15781 = DIRECTION('',(0.,0.,1.));
#15782 = PCURVE('',#5718,#15783);
#15783 = DEFINITIONAL_REPRESENTATION('',(#15784),#15788);
#15784 = LINE('',#15785,#15786);
#15785 = CARTESIAN_POINT('',(0.112870793388,0.));
#15786 = VECTOR('',#15787,1.);
#15787 = DIRECTION('',(0.,-1.));
#15788 = ( GEOMETRIC_REPRESENTATION_CONTEXT(2) 
PARAMETRIC_REPRESENTATION_CONTEXT() REPRESENTATION_CONTEXT('2D SPACE',''
  ) );
#15789 = PCURVE('',#5690,#15790);
#15790 = DEFINITIONAL_REPRESENTATION('',(#15791),#15795);
#15791 = LINE('',#15792,#15793);
#15792 = CARTESIAN_POINT('',(0.,0.));
#15793 = VECTOR('',#15794,1.);
#15794 = DIRECTION('',(0.,-1.));
#15795 = ( GEOMETRIC_REPRESENTATION_CONTEXT(2) 
PARAMETRIC_REPRESENTATION_CONTEXT() REPRESENTATION_CONTEXT('2D SPACE',''
  ) );
#15796 = ADVANCED_FACE('',(#15797),#5690,.F.);
#15797 = FACE_BOUND('',#15798,.F.);
#15798 = EDGE_LOOP('',(#15799,#15800,#15801,#15802));
#15799 = ORIENTED_EDGE('',*,*,#5674,.F.);
#15800 = ORIENTED_EDGE('',*,*,#15776,.T.);
#15801 = ORIENTED_EDGE('',*,*,#10589,.T.);
#15802 = ORIENTED_EDGE('',*,*,#15803,.F.);
#15803 = EDGE_CURVE('',#5647,#10569,#15804,.T.);
#15804 = SURFACE_CURVE('',#15805,(#15809,#15816),.PCURVE_S1.);
#15805 = LINE('',#15806,#15807);
#15806 = CARTESIAN_POINT('',(5.9454,-46.138843,0.));
#15807 = VECTOR('',#15808,1.);
#15808 = DIRECTION('',(0.,0.,1.));
#15809 = PCURVE('',#5690,#15810);
#15810 = DEFINITIONAL_REPRESENTATION('',(#15811),#15815);
#15811 = LINE('',#15812,#15813);
#15812 = CARTESIAN_POINT('',(0.112871117196,0.));
#15813 = VECTOR('',#15814,1.);
#15814 = DIRECTION('',(0.,-1.));
#15815 = ( GEOMETRIC_REPRESENTATION_CONTEXT(2) 
PARAMETRIC_REPRESENTATION_CONTEXT() REPRESENTATION_CONTEXT('2D SPACE',''
  ) );
#15816 = PCURVE('',#5662,#15817);
#15817 = DEFINITIONAL_REPRESENTATION('',(#15818),#15822);
#15818 = LINE('',#15819,#15820);
#15819 = CARTESIAN_POINT('',(0.,0.));
#15820 = VECTOR('',#15821,1.);
#15821 = DIRECTION('',(0.,-1.));
#15822 = ( GEOMETRIC_REPRESENTATION_CONTEXT(2) 
PARAMETRIC_REPRESENTATION_CONTEXT() REPRESENTATION_CONTEXT('2D SPACE',''
  ) );
#15823 = ADVANCED_FACE('',(#15824),#5662,.F.);
#15824 = FACE_BOUND('',#15825,.F.);
#15825 = EDGE_LOOP('',(#15826,#15827,#15828,#15829));
#15826 = ORIENTED_EDGE('',*,*,#5646,.F.);
#15827 = ORIENTED_EDGE('',*,*,#15803,.T.);
#15828 = ORIENTED_EDGE('',*,*,#10568,.T.);
#15829 = ORIENTED_EDGE('',*,*,#15830,.F.);
#15830 = EDGE_CURVE('',#5619,#10548,#15831,.T.);
#15831 = SURFACE_CURVE('',#15832,(#15836,#15843),.PCURVE_S1.);
#15832 = LINE('',#15833,#15834);
#15833 = CARTESIAN_POINT('',(5.965,-46.25,0.));
#15834 = VECTOR('',#15835,1.);
#15835 = DIRECTION('',(0.,0.,1.));
#15836 = PCURVE('',#5662,#15837);
#15837 = DEFINITIONAL_REPRESENTATION('',(#15838),#15842);
#15838 = LINE('',#15839,#15840);
#15839 = CARTESIAN_POINT('',(0.112871779684,0.));
#15840 = VECTOR('',#15841,1.);
#15841 = DIRECTION('',(0.,-1.));
#15842 = ( GEOMETRIC_REPRESENTATION_CONTEXT(2) 
PARAMETRIC_REPRESENTATION_CONTEXT() REPRESENTATION_CONTEXT('2D SPACE',''
  ) );
#15843 = PCURVE('',#5634,#15844);
#15844 = DEFINITIONAL_REPRESENTATION('',(#15845),#15849);
#15845 = LINE('',#15846,#15847);
#15846 = CARTESIAN_POINT('',(0.,0.));
#15847 = VECTOR('',#15848,1.);
#15848 = DIRECTION('',(0.,-1.));
#15849 = ( GEOMETRIC_REPRESENTATION_CONTEXT(2) 
PARAMETRIC_REPRESENTATION_CONTEXT() REPRESENTATION_CONTEXT('2D SPACE',''
  ) );
#15850 = ADVANCED_FACE('',(#15851),#5634,.F.);
#15851 = FACE_BOUND('',#15852,.F.);
#15852 = EDGE_LOOP('',(#15853,#15854,#15855,#15856));
#15853 = ORIENTED_EDGE('',*,*,#5618,.F.);
#15854 = ORIENTED_EDGE('',*,*,#15830,.T.);
#15855 = ORIENTED_EDGE('',*,*,#10547,.T.);
#15856 = ORIENTED_EDGE('',*,*,#15857,.F.);
#15857 = EDGE_CURVE('',#5591,#10527,#15858,.T.);
#15858 = SURFACE_CURVE('',#15859,(#15863,#15870),.PCURVE_S1.);
#15859 = LINE('',#15860,#15861);
#15860 = CARTESIAN_POINT('',(5.965,-46.55,0.));
#15861 = VECTOR('',#15862,1.);
#15862 = DIRECTION('',(0.,0.,1.));
#15863 = PCURVE('',#5634,#15864);
#15864 = DEFINITIONAL_REPRESENTATION('',(#15865),#15869);
#15865 = LINE('',#15866,#15867);
#15866 = CARTESIAN_POINT('',(0.3,0.));
#15867 = VECTOR('',#15868,1.);
#15868 = DIRECTION('',(0.,-1.));
#15869 = ( GEOMETRIC_REPRESENTATION_CONTEXT(2) 
PARAMETRIC_REPRESENTATION_CONTEXT() REPRESENTATION_CONTEXT('2D SPACE',''
  ) );
#15870 = PCURVE('',#5606,#15871);
#15871 = DEFINITIONAL_REPRESENTATION('',(#15872),#15876);
#15872 = LINE('',#15873,#15874);
#15873 = CARTESIAN_POINT('',(0.,0.));
#15874 = VECTOR('',#15875,1.);
#15875 = DIRECTION('',(0.,-1.));
#15876 = ( GEOMETRIC_REPRESENTATION_CONTEXT(2) 
PARAMETRIC_REPRESENTATION_CONTEXT() REPRESENTATION_CONTEXT('2D SPACE',''
  ) );
#15877 = ADVANCED_FACE('',(#15878),#5606,.F.);
#15878 = FACE_BOUND('',#15879,.F.);
#15879 = EDGE_LOOP('',(#15880,#15881,#15882,#15883));
#15880 = ORIENTED_EDGE('',*,*,#5590,.F.);
#15881 = ORIENTED_EDGE('',*,*,#15857,.T.);
#15882 = ORIENTED_EDGE('',*,*,#10526,.T.);
#15883 = ORIENTED_EDGE('',*,*,#15884,.F.);
#15884 = EDGE_CURVE('',#5563,#10506,#15885,.T.);
#15885 = SURFACE_CURVE('',#15886,(#15890,#15897),.PCURVE_S1.);
#15886 = LINE('',#15887,#15888);
#15887 = CARTESIAN_POINT('',(5.9454,-46.661157,0.));
#15888 = VECTOR('',#15889,1.);
#15889 = DIRECTION('',(0.,0.,1.));
#15890 = PCURVE('',#5606,#15891);
#15891 = DEFINITIONAL_REPRESENTATION('',(#15892),#15896);
#15892 = LINE('',#15893,#15894);
#15893 = CARTESIAN_POINT('',(0.112871779684,0.));
#15894 = VECTOR('',#15895,1.);
#15895 = DIRECTION('',(0.,-1.));
#15896 = ( GEOMETRIC_REPRESENTATION_CONTEXT(2) 
PARAMETRIC_REPRESENTATION_CONTEXT() REPRESENTATION_CONTEXT('2D SPACE',''
  ) );
#15897 = PCURVE('',#5578,#15898);
#15898 = DEFINITIONAL_REPRESENTATION('',(#15899),#15903);
#15899 = LINE('',#15900,#15901);
#15900 = CARTESIAN_POINT('',(0.,0.));
#15901 = VECTOR('',#15902,1.);
#15902 = DIRECTION('',(0.,-1.));
#15903 = ( GEOMETRIC_REPRESENTATION_CONTEXT(2) 
PARAMETRIC_REPRESENTATION_CONTEXT() REPRESENTATION_CONTEXT('2D SPACE',''
  ) );
#15904 = ADVANCED_FACE('',(#15905),#5578,.F.);
#15905 = FACE_BOUND('',#15906,.F.);
#15906 = EDGE_LOOP('',(#15907,#15908,#15909,#15910));
#15907 = ORIENTED_EDGE('',*,*,#5562,.F.);
#15908 = ORIENTED_EDGE('',*,*,#15884,.T.);
#15909 = ORIENTED_EDGE('',*,*,#10505,.T.);
#15910 = ORIENTED_EDGE('',*,*,#15911,.F.);
#15911 = EDGE_CURVE('',#5535,#10485,#15912,.T.);
#15912 = SURFACE_CURVE('',#15913,(#15917,#15924),.PCURVE_S1.);
#15913 = LINE('',#15914,#15915);
#15914 = CARTESIAN_POINT('',(5.888964,-46.758906,0.));
#15915 = VECTOR('',#15916,1.);
#15916 = DIRECTION('',(0.,0.,1.));
#15917 = PCURVE('',#5578,#15918);
#15918 = DEFINITIONAL_REPRESENTATION('',(#15919),#15923);
#15919 = LINE('',#15920,#15921);
#15920 = CARTESIAN_POINT('',(0.112871117196,0.));
#15921 = VECTOR('',#15922,1.);
#15922 = DIRECTION('',(0.,-1.));
#15923 = ( GEOMETRIC_REPRESENTATION_CONTEXT(2) 
PARAMETRIC_REPRESENTATION_CONTEXT() REPRESENTATION_CONTEXT('2D SPACE',''
  ) );
#15924 = PCURVE('',#5550,#15925);
#15925 = DEFINITIONAL_REPRESENTATION('',(#15926),#15930);
#15926 = LINE('',#15927,#15928);
#15927 = CARTESIAN_POINT('',(0.,0.));
#15928 = VECTOR('',#15929,1.);
#15929 = DIRECTION('',(0.,-1.));
#15930 = ( GEOMETRIC_REPRESENTATION_CONTEXT(2) 
PARAMETRIC_REPRESENTATION_CONTEXT() REPRESENTATION_CONTEXT('2D SPACE',''
  ) );
#15931 = ADVANCED_FACE('',(#15932),#5550,.F.);
#15932 = FACE_BOUND('',#15933,.F.);
#15933 = EDGE_LOOP('',(#15934,#15935,#15936,#15937));
#15934 = ORIENTED_EDGE('',*,*,#5534,.F.);
#15935 = ORIENTED_EDGE('',*,*,#15911,.T.);
#15936 = ORIENTED_EDGE('',*,*,#10484,.T.);
#15937 = ORIENTED_EDGE('',*,*,#15938,.F.);
#15938 = EDGE_CURVE('',#5507,#10464,#15939,.T.);
#15939 = SURFACE_CURVE('',#15940,(#15944,#15951),.PCURVE_S1.);
#15940 = LINE('',#15941,#15942);
#15941 = CARTESIAN_POINT('',(5.8025,-46.831458,0.));
#15942 = VECTOR('',#15943,1.);
#15943 = DIRECTION('',(0.,0.,1.));
#15944 = PCURVE('',#5550,#15945);
#15945 = DEFINITIONAL_REPRESENTATION('',(#15946),#15950);
#15946 = LINE('',#15947,#15948);
#15947 = CARTESIAN_POINT('',(0.112870793388,0.));
#15948 = VECTOR('',#15949,1.);
#15949 = DIRECTION('',(0.,-1.));
#15950 = ( GEOMETRIC_REPRESENTATION_CONTEXT(2) 
PARAMETRIC_REPRESENTATION_CONTEXT() REPRESENTATION_CONTEXT('2D SPACE',''
  ) );
#15951 = PCURVE('',#5522,#15952);
#15952 = DEFINITIONAL_REPRESENTATION('',(#15953),#15957);
#15953 = LINE('',#15954,#15955);
#15954 = CARTESIAN_POINT('',(0.,0.));
#15955 = VECTOR('',#15956,1.);
#15956 = DIRECTION('',(0.,-1.));
#15957 = ( GEOMETRIC_REPRESENTATION_CONTEXT(2) 
PARAMETRIC_REPRESENTATION_CONTEXT() REPRESENTATION_CONTEXT('2D SPACE',''
  ) );
#15958 = ADVANCED_FACE('',(#15959),#5522,.F.);
#15959 = FACE_BOUND('',#15960,.F.);
#15960 = EDGE_LOOP('',(#15961,#15962,#15963,#15964));
#15961 = ORIENTED_EDGE('',*,*,#5506,.F.);
#15962 = ORIENTED_EDGE('',*,*,#15938,.T.);
#15963 = ORIENTED_EDGE('',*,*,#10463,.T.);
#15964 = ORIENTED_EDGE('',*,*,#15965,.F.);
#15965 = EDGE_CURVE('',#5479,#10443,#15966,.T.);
#15966 = SURFACE_CURVE('',#15967,(#15971,#15978),.PCURVE_S1.);
#15967 = LINE('',#15968,#15969);
#15968 = CARTESIAN_POINT('',(5.696436,-46.870063,0.));
#15969 = VECTOR('',#15970,1.);
#15970 = DIRECTION('',(0.,0.,1.));
#15971 = PCURVE('',#5522,#15972);
#15972 = DEFINITIONAL_REPRESENTATION('',(#15973),#15977);
#15973 = LINE('',#15974,#15975);
#15974 = CARTESIAN_POINT('',(0.112871245767,0.));
#15975 = VECTOR('',#15976,1.);
#15976 = DIRECTION('',(0.,-1.));
#15977 = ( GEOMETRIC_REPRESENTATION_CONTEXT(2) 
PARAMETRIC_REPRESENTATION_CONTEXT() REPRESENTATION_CONTEXT('2D SPACE',''
  ) );
#15978 = PCURVE('',#5494,#15979);
#15979 = DEFINITIONAL_REPRESENTATION('',(#15980),#15984);
#15980 = LINE('',#15981,#15982);
#15981 = CARTESIAN_POINT('',(0.,-0.));
#15982 = VECTOR('',#15983,1.);
#15983 = DIRECTION('',(0.,-1.));
#15984 = ( GEOMETRIC_REPRESENTATION_CONTEXT(2) 
PARAMETRIC_REPRESENTATION_CONTEXT() REPRESENTATION_CONTEXT('2D SPACE',''
  ) );
#15985 = ADVANCED_FACE('',(#15986),#5494,.F.);
#15986 = FACE_BOUND('',#15987,.F.);
#15987 = EDGE_LOOP('',(#15988,#15989,#15990,#15991));
#15988 = ORIENTED_EDGE('',*,*,#5478,.F.);
#15989 = ORIENTED_EDGE('',*,*,#15965,.T.);
#15990 = ORIENTED_EDGE('',*,*,#10442,.T.);
#15991 = ORIENTED_EDGE('',*,*,#15992,.F.);
#15992 = EDGE_CURVE('',#5451,#10422,#15993,.T.);
#15993 = SURFACE_CURVE('',#15994,(#15998,#16005),.PCURVE_S1.);
#15994 = LINE('',#15995,#15996);
#15995 = CARTESIAN_POINT('',(5.583564,-46.870063,0.));
#15996 = VECTOR('',#15997,1.);
#15997 = DIRECTION('',(0.,0.,1.));
#15998 = PCURVE('',#5494,#15999);
#15999 = DEFINITIONAL_REPRESENTATION('',(#16000),#16004);
#16000 = LINE('',#16001,#16002);
#16001 = CARTESIAN_POINT('',(0.112872,0.));
#16002 = VECTOR('',#16003,1.);
#16003 = DIRECTION('',(0.,-1.));
#16004 = ( GEOMETRIC_REPRESENTATION_CONTEXT(2) 
PARAMETRIC_REPRESENTATION_CONTEXT() REPRESENTATION_CONTEXT('2D SPACE',''
  ) );
#16005 = PCURVE('',#5466,#16006);
#16006 = DEFINITIONAL_REPRESENTATION('',(#16007),#16011);
#16007 = LINE('',#16008,#16009);
#16008 = CARTESIAN_POINT('',(0.,0.));
#16009 = VECTOR('',#16010,1.);
#16010 = DIRECTION('',(0.,-1.));
#16011 = ( GEOMETRIC_REPRESENTATION_CONTEXT(2) 
PARAMETRIC_REPRESENTATION_CONTEXT() REPRESENTATION_CONTEXT('2D SPACE',''
  ) );
#16012 = ADVANCED_FACE('',(#16013),#5466,.F.);
#16013 = FACE_BOUND('',#16014,.F.);
#16014 = EDGE_LOOP('',(#16015,#16016,#16017,#16018));
#16015 = ORIENTED_EDGE('',*,*,#5450,.F.);
#16016 = ORIENTED_EDGE('',*,*,#15992,.T.);
#16017 = ORIENTED_EDGE('',*,*,#10421,.T.);
#16018 = ORIENTED_EDGE('',*,*,#16019,.F.);
#16019 = EDGE_CURVE('',#5423,#10401,#16020,.T.);
#16020 = SURFACE_CURVE('',#16021,(#16025,#16032),.PCURVE_S1.);
#16021 = LINE('',#16022,#16023);
#16022 = CARTESIAN_POINT('',(5.4775,-46.831458,0.));
#16023 = VECTOR('',#16024,1.);
#16024 = DIRECTION('',(0.,0.,1.));
#16025 = PCURVE('',#5466,#16026);
#16026 = DEFINITIONAL_REPRESENTATION('',(#16027),#16031);
#16027 = LINE('',#16028,#16029);
#16028 = CARTESIAN_POINT('',(0.112871245767,0.));
#16029 = VECTOR('',#16030,1.);
#16030 = DIRECTION('',(0.,-1.));
#16031 = ( GEOMETRIC_REPRESENTATION_CONTEXT(2) 
PARAMETRIC_REPRESENTATION_CONTEXT() REPRESENTATION_CONTEXT('2D SPACE',''
  ) );
#16032 = PCURVE('',#5438,#16033);
#16033 = DEFINITIONAL_REPRESENTATION('',(#16034),#16038);
#16034 = LINE('',#16035,#16036);
#16035 = CARTESIAN_POINT('',(0.,0.));
#16036 = VECTOR('',#16037,1.);
#16037 = DIRECTION('',(0.,-1.));
#16038 = ( GEOMETRIC_REPRESENTATION_CONTEXT(2) 
PARAMETRIC_REPRESENTATION_CONTEXT() REPRESENTATION_CONTEXT('2D SPACE',''
  ) );
#16039 = ADVANCED_FACE('',(#16040),#5438,.F.);
#16040 = FACE_BOUND('',#16041,.F.);
#16041 = EDGE_LOOP('',(#16042,#16043,#16044,#16045));
#16042 = ORIENTED_EDGE('',*,*,#5422,.F.);
#16043 = ORIENTED_EDGE('',*,*,#16019,.T.);
#16044 = ORIENTED_EDGE('',*,*,#10400,.T.);
#16045 = ORIENTED_EDGE('',*,*,#16046,.F.);
#16046 = EDGE_CURVE('',#5395,#10380,#16047,.T.);
#16047 = SURFACE_CURVE('',#16048,(#16052,#16059),.PCURVE_S1.);
#16048 = LINE('',#16049,#16050);
#16049 = CARTESIAN_POINT('',(5.391036,-46.758906,0.));
#16050 = VECTOR('',#16051,1.);
#16051 = DIRECTION('',(0.,0.,1.));
#16052 = PCURVE('',#5438,#16053);
#16053 = DEFINITIONAL_REPRESENTATION('',(#16054),#16058);
#16054 = LINE('',#16055,#16056);
#16055 = CARTESIAN_POINT('',(0.112870793388,0.));
#16056 = VECTOR('',#16057,1.);
#16057 = DIRECTION('',(0.,-1.));
#16058 = ( GEOMETRIC_REPRESENTATION_CONTEXT(2) 
PARAMETRIC_REPRESENTATION_CONTEXT() REPRESENTATION_CONTEXT('2D SPACE',''
  ) );
#16059 = PCURVE('',#5410,#16060);
#16060 = DEFINITIONAL_REPRESENTATION('',(#16061),#16065);
#16061 = LINE('',#16062,#16063);
#16062 = CARTESIAN_POINT('',(0.,0.));
#16063 = VECTOR('',#16064,1.);
#16064 = DIRECTION('',(0.,-1.));
#16065 = ( GEOMETRIC_REPRESENTATION_CONTEXT(2) 
PARAMETRIC_REPRESENTATION_CONTEXT() REPRESENTATION_CONTEXT('2D SPACE',''
  ) );
#16066 = ADVANCED_FACE('',(#16067),#5410,.F.);
#16067 = FACE_BOUND('',#16068,.F.);
#16068 = EDGE_LOOP('',(#16069,#16070,#16071,#16072));
#16069 = ORIENTED_EDGE('',*,*,#5394,.F.);
#16070 = ORIENTED_EDGE('',*,*,#16046,.T.);
#16071 = ORIENTED_EDGE('',*,*,#10379,.T.);
#16072 = ORIENTED_EDGE('',*,*,#16073,.F.);
#16073 = EDGE_CURVE('',#5367,#10359,#16074,.T.);
#16074 = SURFACE_CURVE('',#16075,(#16079,#16086),.PCURVE_S1.);
#16075 = LINE('',#16076,#16077);
#16076 = CARTESIAN_POINT('',(5.3346,-46.661157,0.));
#16077 = VECTOR('',#16078,1.);
#16078 = DIRECTION('',(0.,0.,1.));
#16079 = PCURVE('',#5410,#16080);
#16080 = DEFINITIONAL_REPRESENTATION('',(#16081),#16085);
#16081 = LINE('',#16082,#16083);
#16082 = CARTESIAN_POINT('',(0.112871117196,0.));
#16083 = VECTOR('',#16084,1.);
#16084 = DIRECTION('',(0.,-1.));
#16085 = ( GEOMETRIC_REPRESENTATION_CONTEXT(2) 
PARAMETRIC_REPRESENTATION_CONTEXT() REPRESENTATION_CONTEXT('2D SPACE',''
  ) );
#16086 = PCURVE('',#5382,#16087);
#16087 = DEFINITIONAL_REPRESENTATION('',(#16088),#16092);
#16088 = LINE('',#16089,#16090);
#16089 = CARTESIAN_POINT('',(0.,0.));
#16090 = VECTOR('',#16091,1.);
#16091 = DIRECTION('',(0.,-1.));
#16092 = ( GEOMETRIC_REPRESENTATION_CONTEXT(2) 
PARAMETRIC_REPRESENTATION_CONTEXT() REPRESENTATION_CONTEXT('2D SPACE',''
  ) );
#16093 = ADVANCED_FACE('',(#16094),#5382,.F.);
#16094 = FACE_BOUND('',#16095,.F.);
#16095 = EDGE_LOOP('',(#16096,#16097,#16098,#16099));
#16096 = ORIENTED_EDGE('',*,*,#5366,.F.);
#16097 = ORIENTED_EDGE('',*,*,#16073,.T.);
#16098 = ORIENTED_EDGE('',*,*,#10358,.T.);
#16099 = ORIENTED_EDGE('',*,*,#16100,.F.);
#16100 = EDGE_CURVE('',#5339,#10338,#16101,.T.);
#16101 = SURFACE_CURVE('',#16102,(#16106,#16113),.PCURVE_S1.);
#16102 = LINE('',#16103,#16104);
#16103 = CARTESIAN_POINT('',(5.315,-46.55,0.));
#16104 = VECTOR('',#16105,1.);
#16105 = DIRECTION('',(0.,0.,1.));
#16106 = PCURVE('',#5382,#16107);
#16107 = DEFINITIONAL_REPRESENTATION('',(#16108),#16112);
#16108 = LINE('',#16109,#16110);
#16109 = CARTESIAN_POINT('',(0.112871779684,0.));
#16110 = VECTOR('',#16111,1.);
#16111 = DIRECTION('',(0.,-1.));
#16112 = ( GEOMETRIC_REPRESENTATION_CONTEXT(2) 
PARAMETRIC_REPRESENTATION_CONTEXT() REPRESENTATION_CONTEXT('2D SPACE',''
  ) );
#16113 = PCURVE('',#5354,#16114);
#16114 = DEFINITIONAL_REPRESENTATION('',(#16115),#16119);
#16115 = LINE('',#16116,#16117);
#16116 = CARTESIAN_POINT('',(0.,0.));
#16117 = VECTOR('',#16118,1.);
#16118 = DIRECTION('',(0.,-1.));
#16119 = ( GEOMETRIC_REPRESENTATION_CONTEXT(2) 
PARAMETRIC_REPRESENTATION_CONTEXT() REPRESENTATION_CONTEXT('2D SPACE',''
  ) );
#16120 = ADVANCED_FACE('',(#16121),#5354,.F.);
#16121 = FACE_BOUND('',#16122,.F.);
#16122 = EDGE_LOOP('',(#16123,#16124,#16125,#16126));
#16123 = ORIENTED_EDGE('',*,*,#5338,.F.);
#16124 = ORIENTED_EDGE('',*,*,#16100,.T.);
#16125 = ORIENTED_EDGE('',*,*,#10337,.T.);
#16126 = ORIENTED_EDGE('',*,*,#16127,.F.);
#16127 = EDGE_CURVE('',#5311,#10317,#16128,.T.);
#16128 = SURFACE_CURVE('',#16129,(#16133,#16140),.PCURVE_S1.);
#16129 = LINE('',#16130,#16131);
#16130 = CARTESIAN_POINT('',(5.315,-46.25,0.));
#16131 = VECTOR('',#16132,1.);
#16132 = DIRECTION('',(0.,0.,1.));
#16133 = PCURVE('',#5354,#16134);
#16134 = DEFINITIONAL_REPRESENTATION('',(#16135),#16139);
#16135 = LINE('',#16136,#16137);
#16136 = CARTESIAN_POINT('',(0.3,0.));
#16137 = VECTOR('',#16138,1.);
#16138 = DIRECTION('',(0.,-1.));
#16139 = ( GEOMETRIC_REPRESENTATION_CONTEXT(2) 
PARAMETRIC_REPRESENTATION_CONTEXT() REPRESENTATION_CONTEXT('2D SPACE',''
  ) );
#16140 = PCURVE('',#5326,#16141);
#16141 = DEFINITIONAL_REPRESENTATION('',(#16142),#16146);
#16142 = LINE('',#16143,#16144);
#16143 = CARTESIAN_POINT('',(0.,0.));
#16144 = VECTOR('',#16145,1.);
#16145 = DIRECTION('',(0.,-1.));
#16146 = ( GEOMETRIC_REPRESENTATION_CONTEXT(2) 
PARAMETRIC_REPRESENTATION_CONTEXT() REPRESENTATION_CONTEXT('2D SPACE',''
  ) );
#16147 = ADVANCED_FACE('',(#16148),#5326,.F.);
#16148 = FACE_BOUND('',#16149,.F.);
#16149 = EDGE_LOOP('',(#16150,#16151,#16152,#16153));
#16150 = ORIENTED_EDGE('',*,*,#5310,.F.);
#16151 = ORIENTED_EDGE('',*,*,#16127,.T.);
#16152 = ORIENTED_EDGE('',*,*,#10316,.T.);
#16153 = ORIENTED_EDGE('',*,*,#15619,.F.);
#16154 = ADVANCED_FACE('',(#16155),#5863,.F.);
#16155 = FACE_BOUND('',#16156,.F.);
#16156 = EDGE_LOOP('',(#16157,#16158,#16179,#16180));
#16157 = ORIENTED_EDGE('',*,*,#10715,.F.);
#16158 = ORIENTED_EDGE('',*,*,#16159,.F.);
#16159 = EDGE_CURVE('',#5843,#10716,#16160,.T.);
#16160 = SEAM_CURVE('',#16161,(#16165,#16172),.PCURVE_S1.);
#16161 = LINE('',#16162,#16163);
#16162 = CARTESIAN_POINT('',(35.945,-27.8525,-1.E-02));
#16163 = VECTOR('',#16164,1.);
#16164 = DIRECTION('',(0.,0.,1.));
#16165 = PCURVE('',#5863,#16166);
#16166 = DEFINITIONAL_REPRESENTATION('',(#16167),#16171);
#16167 = LINE('',#16168,#16169);
#16168 = CARTESIAN_POINT('',(6.28318530718,-0.));
#16169 = VECTOR('',#16170,1.);
#16170 = DIRECTION('',(0.,1.));
#16171 = ( GEOMETRIC_REPRESENTATION_CONTEXT(2) 
PARAMETRIC_REPRESENTATION_CONTEXT() REPRESENTATION_CONTEXT('2D SPACE',''
  ) );
#16172 = PCURVE('',#5863,#16173);
#16173 = DEFINITIONAL_REPRESENTATION('',(#16174),#16178);
#16174 = LINE('',#16175,#16176);
#16175 = CARTESIAN_POINT('',(0.,-0.));
#16176 = VECTOR('',#16177,1.);
#16177 = DIRECTION('',(0.,1.));
#16178 = ( GEOMETRIC_REPRESENTATION_CONTEXT(2) 
PARAMETRIC_REPRESENTATION_CONTEXT() REPRESENTATION_CONTEXT('2D SPACE',''
  ) );
#16179 = ORIENTED_EDGE('',*,*,#5842,.T.);
#16180 = ORIENTED_EDGE('',*,*,#16159,.T.);
#16181 = ADVANCED_FACE('',(#16182),#5898,.F.);
#16182 = FACE_BOUND('',#16183,.F.);
#16183 = EDGE_LOOP('',(#16184,#16185,#16206,#16207));
#16184 = ORIENTED_EDGE('',*,*,#10745,.F.);
#16185 = ORIENTED_EDGE('',*,*,#16186,.F.);
#16186 = EDGE_CURVE('',#5878,#10746,#16187,.T.);
#16187 = SEAM_CURVE('',#16188,(#16192,#16199),.PCURVE_S1.);
#16188 = LINE('',#16189,#16190);
#16189 = CARTESIAN_POINT('',(35.945,-26.3275,-1.E-02));
#16190 = VECTOR('',#16191,1.);
#16191 = DIRECTION('',(0.,0.,1.));
#16192 = PCURVE('',#5898,#16193);
#16193 = DEFINITIONAL_REPRESENTATION('',(#16194),#16198);
#16194 = LINE('',#16195,#16196);
#16195 = CARTESIAN_POINT('',(6.28318530718,-0.));
#16196 = VECTOR('',#16197,1.);
#16197 = DIRECTION('',(0.,1.));
#16198 = ( GEOMETRIC_REPRESENTATION_CONTEXT(2) 
PARAMETRIC_REPRESENTATION_CONTEXT() REPRESENTATION_CONTEXT('2D SPACE',''
  ) );
#16199 = PCURVE('',#5898,#16200);
#16200 = DEFINITIONAL_REPRESENTATION('',(#16201),#16205);
#16201 = LINE('',#16202,#16203);
#16202 = CARTESIAN_POINT('',(0.,-0.));
#16203 = VECTOR('',#16204,1.);
#16204 = DIRECTION('',(0.,1.));
#16205 = ( GEOMETRIC_REPRESENTATION_CONTEXT(2) 
PARAMETRIC_REPRESENTATION_CONTEXT() REPRESENTATION_CONTEXT('2D SPACE',''
  ) );
#16206 = ORIENTED_EDGE('',*,*,#5877,.T.);
#16207 = ORIENTED_EDGE('',*,*,#16186,.T.);
#16208 = ADVANCED_FACE('',(#16209),#5933,.F.);
#16209 = FACE_BOUND('',#16210,.F.);
#16210 = EDGE_LOOP('',(#16211,#16212,#16233,#16234));
#16211 = ORIENTED_EDGE('',*,*,#10775,.F.);
#16212 = ORIENTED_EDGE('',*,*,#16213,.F.);
#16213 = EDGE_CURVE('',#5913,#10776,#16214,.T.);
#16214 = SEAM_CURVE('',#16215,(#16219,#16226),.PCURVE_S1.);
#16215 = LINE('',#16216,#16217);
#16216 = CARTESIAN_POINT('',(35.1825,-28.615,-1.E-02));
#16217 = VECTOR('',#16218,1.);
#16218 = DIRECTION('',(0.,0.,1.));
#16219 = PCURVE('',#5933,#16220);
#16220 = DEFINITIONAL_REPRESENTATION('',(#16221),#16225);
#16221 = LINE('',#16222,#16223);
#16222 = CARTESIAN_POINT('',(6.28318530718,-0.));
#16223 = VECTOR('',#16224,1.);
#16224 = DIRECTION('',(0.,1.));
#16225 = ( GEOMETRIC_REPRESENTATION_CONTEXT(2) 
PARAMETRIC_REPRESENTATION_CONTEXT() REPRESENTATION_CONTEXT('2D SPACE',''
  ) );
#16226 = PCURVE('',#5933,#16227);
#16227 = DEFINITIONAL_REPRESENTATION('',(#16228),#16232);
#16228 = LINE('',#16229,#16230);
#16229 = CARTESIAN_POINT('',(0.,-0.));
#16230 = VECTOR('',#16231,1.);
#16231 = DIRECTION('',(0.,1.));
#16232 = ( GEOMETRIC_REPRESENTATION_CONTEXT(2) 
PARAMETRIC_REPRESENTATION_CONTEXT() REPRESENTATION_CONTEXT('2D SPACE',''
  ) );
#16233 = ORIENTED_EDGE('',*,*,#5912,.T.);
#16234 = ORIENTED_EDGE('',*,*,#16213,.T.);
#16235 = ADVANCED_FACE('',(#16236),#5968,.F.);
#16236 = FACE_BOUND('',#16237,.F.);
#16237 = EDGE_LOOP('',(#16238,#16239,#16260,#16261));
#16238 = ORIENTED_EDGE('',*,*,#10805,.F.);
#16239 = ORIENTED_EDGE('',*,*,#16240,.F.);
#16240 = EDGE_CURVE('',#5948,#10806,#16241,.T.);
#16241 = SEAM_CURVE('',#16242,(#16246,#16253),.PCURVE_S1.);
#16242 = LINE('',#16243,#16244);
#16243 = CARTESIAN_POINT('',(35.1825,-27.09,-1.E-02));
#16244 = VECTOR('',#16245,1.);
#16245 = DIRECTION('',(0.,0.,1.));
#16246 = PCURVE('',#5968,#16247);
#16247 = DEFINITIONAL_REPRESENTATION('',(#16248),#16252);
#16248 = LINE('',#16249,#16250);
#16249 = CARTESIAN_POINT('',(6.28318530718,-0.));
#16250 = VECTOR('',#16251,1.);
#16251 = DIRECTION('',(0.,1.));
#16252 = ( GEOMETRIC_REPRESENTATION_CONTEXT(2) 
PARAMETRIC_REPRESENTATION_CONTEXT() REPRESENTATION_CONTEXT('2D SPACE',''
  ) );
#16253 = PCURVE('',#5968,#16254);
#16254 = DEFINITIONAL_REPRESENTATION('',(#16255),#16259);
#16255 = LINE('',#16256,#16257);
#16256 = CARTESIAN_POINT('',(0.,-0.));
#16257 = VECTOR('',#16258,1.);
#16258 = DIRECTION('',(0.,1.));
#16259 = ( GEOMETRIC_REPRESENTATION_CONTEXT(2) 
PARAMETRIC_REPRESENTATION_CONTEXT() REPRESENTATION_CONTEXT('2D SPACE',''
  ) );
#16260 = ORIENTED_EDGE('',*,*,#5947,.T.);
#16261 = ORIENTED_EDGE('',*,*,#16240,.T.);
#16262 = ADVANCED_FACE('',(#16263),#6003,.F.);
#16263 = FACE_BOUND('',#16264,.F.);
#16264 = EDGE_LOOP('',(#16265,#16266,#16287,#16288));
#16265 = ORIENTED_EDGE('',*,*,#10835,.F.);
#16266 = ORIENTED_EDGE('',*,*,#16267,.F.);
#16267 = EDGE_CURVE('',#5983,#10836,#16268,.T.);
#16268 = SEAM_CURVE('',#16269,(#16273,#16280),.PCURVE_S1.);
#16269 = LINE('',#16270,#16271);
#16270 = CARTESIAN_POINT('',(33.6575,-28.615,-1.E-02));
#16271 = VECTOR('',#16272,1.);
#16272 = DIRECTION('',(0.,0.,1.));
#16273 = PCURVE('',#6003,#16274);
#16274 = DEFINITIONAL_REPRESENTATION('',(#16275),#16279);
#16275 = LINE('',#16276,#16277);
#16276 = CARTESIAN_POINT('',(6.28318530718,-0.));
#16277 = VECTOR('',#16278,1.);
#16278 = DIRECTION('',(0.,1.));
#16279 = ( GEOMETRIC_REPRESENTATION_CONTEXT(2) 
PARAMETRIC_REPRESENTATION_CONTEXT() REPRESENTATION_CONTEXT('2D SPACE',''
  ) );
#16280 = PCURVE('',#6003,#16281);
#16281 = DEFINITIONAL_REPRESENTATION('',(#16282),#16286);
#16282 = LINE('',#16283,#16284);
#16283 = CARTESIAN_POINT('',(0.,-0.));
#16284 = VECTOR('',#16285,1.);
#16285 = DIRECTION('',(0.,1.));
#16286 = ( GEOMETRIC_REPRESENTATION_CONTEXT(2) 
PARAMETRIC_REPRESENTATION_CONTEXT() REPRESENTATION_CONTEXT('2D SPACE',''
  ) );
#16287 = ORIENTED_EDGE('',*,*,#5982,.T.);
#16288 = ORIENTED_EDGE('',*,*,#16267,.T.);
#16289 = ADVANCED_FACE('',(#16290),#6038,.F.);
#16290 = FACE_BOUND('',#16291,.F.);
#16291 = EDGE_LOOP('',(#16292,#16293,#16314,#16315));
#16292 = ORIENTED_EDGE('',*,*,#10865,.F.);
#16293 = ORIENTED_EDGE('',*,*,#16294,.F.);
#16294 = EDGE_CURVE('',#6018,#10866,#16295,.T.);
#16295 = SEAM_CURVE('',#16296,(#16300,#16307),.PCURVE_S1.);
#16296 = LINE('',#16297,#16298);
#16297 = CARTESIAN_POINT('',(34.42,-27.8525,-1.E-02));
#16298 = VECTOR('',#16299,1.);
#16299 = DIRECTION('',(0.,0.,1.));
#16300 = PCURVE('',#6038,#16301);
#16301 = DEFINITIONAL_REPRESENTATION('',(#16302),#16306);
#16302 = LINE('',#16303,#16304);
#16303 = CARTESIAN_POINT('',(6.28318530718,-0.));
#16304 = VECTOR('',#16305,1.);
#16305 = DIRECTION('',(0.,1.));
#16306 = ( GEOMETRIC_REPRESENTATION_CONTEXT(2) 
PARAMETRIC_REPRESENTATION_CONTEXT() REPRESENTATION_CONTEXT('2D SPACE',''
  ) );
#16307 = PCURVE('',#6038,#16308);
#16308 = DEFINITIONAL_REPRESENTATION('',(#16309),#16313);
#16309 = LINE('',#16310,#16311);
#16310 = CARTESIAN_POINT('',(0.,-0.));
#16311 = VECTOR('',#16312,1.);
#16312 = DIRECTION('',(0.,1.));
#16313 = ( GEOMETRIC_REPRESENTATION_CONTEXT(2) 
PARAMETRIC_REPRESENTATION_CONTEXT() REPRESENTATION_CONTEXT('2D SPACE',''
  ) );
#16314 = ORIENTED_EDGE('',*,*,#6017,.T.);
#16315 = ORIENTED_EDGE('',*,*,#16294,.T.);
#16316 = ADVANCED_FACE('',(#16317),#6073,.F.);
#16317 = FACE_BOUND('',#16318,.F.);
#16318 = EDGE_LOOP('',(#16319,#16320,#16341,#16342));
#16319 = ORIENTED_EDGE('',*,*,#10895,.F.);
#16320 = ORIENTED_EDGE('',*,*,#16321,.F.);
#16321 = EDGE_CURVE('',#6053,#10896,#16322,.T.);
#16322 = SEAM_CURVE('',#16323,(#16327,#16334),.PCURVE_S1.);
#16323 = LINE('',#16324,#16325);
#16324 = CARTESIAN_POINT('',(33.6575,-27.09,-1.E-02));
#16325 = VECTOR('',#16326,1.);
#16326 = DIRECTION('',(0.,0.,1.));
#16327 = PCURVE('',#6073,#16328);
#16328 = DEFINITIONAL_REPRESENTATION('',(#16329),#16333);
#16329 = LINE('',#16330,#16331);
#16330 = CARTESIAN_POINT('',(6.28318530718,-0.));
#16331 = VECTOR('',#16332,1.);
#16332 = DIRECTION('',(0.,1.));
#16333 = ( GEOMETRIC_REPRESENTATION_CONTEXT(2) 
PARAMETRIC_REPRESENTATION_CONTEXT() REPRESENTATION_CONTEXT('2D SPACE',''
  ) );
#16334 = PCURVE('',#6073,#16335);
#16335 = DEFINITIONAL_REPRESENTATION('',(#16336),#16340);
#16336 = LINE('',#16337,#16338);
#16337 = CARTESIAN_POINT('',(0.,-0.));
#16338 = VECTOR('',#16339,1.);
#16339 = DIRECTION('',(0.,1.));
#16340 = ( GEOMETRIC_REPRESENTATION_CONTEXT(2) 
PARAMETRIC_REPRESENTATION_CONTEXT() REPRESENTATION_CONTEXT('2D SPACE',''
  ) );
#16341 = ORIENTED_EDGE('',*,*,#6052,.T.);
#16342 = ORIENTED_EDGE('',*,*,#16321,.T.);
#16343 = ADVANCED_FACE('',(#16344),#6108,.F.);
#16344 = FACE_BOUND('',#16345,.F.);
#16345 = EDGE_LOOP('',(#16346,#16347,#16368,#16369));
#16346 = ORIENTED_EDGE('',*,*,#10925,.F.);
#16347 = ORIENTED_EDGE('',*,*,#16348,.F.);
#16348 = EDGE_CURVE('',#6088,#10926,#16349,.T.);
#16349 = SEAM_CURVE('',#16350,(#16354,#16361),.PCURVE_S1.);
#16350 = LINE('',#16351,#16352);
#16351 = CARTESIAN_POINT('',(35.1825,-25.565,-1.E-02));
#16352 = VECTOR('',#16353,1.);
#16353 = DIRECTION('',(0.,0.,1.));
#16354 = PCURVE('',#6108,#16355);
#16355 = DEFINITIONAL_REPRESENTATION('',(#16356),#16360);
#16356 = LINE('',#16357,#16358);
#16357 = CARTESIAN_POINT('',(6.28318530718,-0.));
#16358 = VECTOR('',#16359,1.);
#16359 = DIRECTION('',(0.,1.));
#16360 = ( GEOMETRIC_REPRESENTATION_CONTEXT(2) 
PARAMETRIC_REPRESENTATION_CONTEXT() REPRESENTATION_CONTEXT('2D SPACE',''
  ) );
#16361 = PCURVE('',#6108,#16362);
#16362 = DEFINITIONAL_REPRESENTATION('',(#16363),#16367);
#16363 = LINE('',#16364,#16365);
#16364 = CARTESIAN_POINT('',(0.,-0.));
#16365 = VECTOR('',#16366,1.);
#16366 = DIRECTION('',(0.,1.));
#16367 = ( GEOMETRIC_REPRESENTATION_CONTEXT(2) 
PARAMETRIC_REPRESENTATION_CONTEXT() REPRESENTATION_CONTEXT('2D SPACE',''
  ) );
#16368 = ORIENTED_EDGE('',*,*,#6087,.T.);
#16369 = ORIENTED_EDGE('',*,*,#16348,.T.);
#16370 = ADVANCED_FACE('',(#16371),#6143,.F.);
#16371 = FACE_BOUND('',#16372,.F.);
#16372 = EDGE_LOOP('',(#16373,#16374,#16395,#16396));
#16373 = ORIENTED_EDGE('',*,*,#10955,.F.);
#16374 = ORIENTED_EDGE('',*,*,#16375,.F.);
#16375 = EDGE_CURVE('',#6123,#10956,#16376,.T.);
#16376 = SEAM_CURVE('',#16377,(#16381,#16388),.PCURVE_S1.);
#16377 = LINE('',#16378,#16379);
#16378 = CARTESIAN_POINT('',(34.42,-26.3275,-1.E-02));
#16379 = VECTOR('',#16380,1.);
#16380 = DIRECTION('',(0.,0.,1.));
#16381 = PCURVE('',#6143,#16382);
#16382 = DEFINITIONAL_REPRESENTATION('',(#16383),#16387);
#16383 = LINE('',#16384,#16385);
#16384 = CARTESIAN_POINT('',(6.28318530718,-0.));
#16385 = VECTOR('',#16386,1.);
#16386 = DIRECTION('',(0.,1.));
#16387 = ( GEOMETRIC_REPRESENTATION_CONTEXT(2) 
PARAMETRIC_REPRESENTATION_CONTEXT() REPRESENTATION_CONTEXT('2D SPACE',''
  ) );
#16388 = PCURVE('',#6143,#16389);
#16389 = DEFINITIONAL_REPRESENTATION('',(#16390),#16394);
#16390 = LINE('',#16391,#16392);
#16391 = CARTESIAN_POINT('',(0.,-0.));
#16392 = VECTOR('',#16393,1.);
#16393 = DIRECTION('',(0.,1.));
#16394 = ( GEOMETRIC_REPRESENTATION_CONTEXT(2) 
PARAMETRIC_REPRESENTATION_CONTEXT() REPRESENTATION_CONTEXT('2D SPACE',''
  ) );
#16395 = ORIENTED_EDGE('',*,*,#6122,.T.);
#16396 = ORIENTED_EDGE('',*,*,#16375,.T.);
#16397 = ADVANCED_FACE('',(#16398),#6178,.F.);
#16398 = FACE_BOUND('',#16399,.F.);
#16399 = EDGE_LOOP('',(#16400,#16401,#16422,#16423));
#16400 = ORIENTED_EDGE('',*,*,#10985,.F.);
#16401 = ORIENTED_EDGE('',*,*,#16402,.F.);
#16402 = EDGE_CURVE('',#6158,#10986,#16403,.T.);
#16403 = SEAM_CURVE('',#16404,(#16408,#16415),.PCURVE_S1.);
#16404 = LINE('',#16405,#16406);
#16405 = CARTESIAN_POINT('',(33.6575,-25.565,-1.E-02));
#16406 = VECTOR('',#16407,1.);
#16407 = DIRECTION('',(0.,0.,1.));
#16408 = PCURVE('',#6178,#16409);
#16409 = DEFINITIONAL_REPRESENTATION('',(#16410),#16414);
#16410 = LINE('',#16411,#16412);
#16411 = CARTESIAN_POINT('',(6.28318530718,-0.));
#16412 = VECTOR('',#16413,1.);
#16413 = DIRECTION('',(0.,1.));
#16414 = ( GEOMETRIC_REPRESENTATION_CONTEXT(2) 
PARAMETRIC_REPRESENTATION_CONTEXT() REPRESENTATION_CONTEXT('2D SPACE',''
  ) );
#16415 = PCURVE('',#6178,#16416);
#16416 = DEFINITIONAL_REPRESENTATION('',(#16417),#16421);
#16417 = LINE('',#16418,#16419);
#16418 = CARTESIAN_POINT('',(0.,-0.));
#16419 = VECTOR('',#16420,1.);
#16420 = DIRECTION('',(0.,1.));
#16421 = ( GEOMETRIC_REPRESENTATION_CONTEXT(2) 
PARAMETRIC_REPRESENTATION_CONTEXT() REPRESENTATION_CONTEXT('2D SPACE',''
  ) );
#16422 = ORIENTED_EDGE('',*,*,#6157,.T.);
#16423 = ORIENTED_EDGE('',*,*,#16402,.T.);
#16424 = ADVANCED_FACE('',(#16425),#6213,.F.);
#16425 = FACE_BOUND('',#16426,.F.);
#16426 = EDGE_LOOP('',(#16427,#16428,#16449,#16450));
#16427 = ORIENTED_EDGE('',*,*,#11015,.F.);
#16428 = ORIENTED_EDGE('',*,*,#16429,.F.);
#16429 = EDGE_CURVE('',#6193,#11016,#16430,.T.);
#16430 = SEAM_CURVE('',#16431,(#16435,#16442),.PCURVE_S1.);
#16431 = LINE('',#16432,#16433);
#16432 = CARTESIAN_POINT('',(32.895,-27.8525,-1.E-02));
#16433 = VECTOR('',#16434,1.);
#16434 = DIRECTION('',(0.,0.,1.));
#16435 = PCURVE('',#6213,#16436);
#16436 = DEFINITIONAL_REPRESENTATION('',(#16437),#16441);
#16437 = LINE('',#16438,#16439);
#16438 = CARTESIAN_POINT('',(6.28318530718,-0.));
#16439 = VECTOR('',#16440,1.);
#16440 = DIRECTION('',(0.,1.));
#16441 = ( GEOMETRIC_REPRESENTATION_CONTEXT(2) 
PARAMETRIC_REPRESENTATION_CONTEXT() REPRESENTATION_CONTEXT('2D SPACE',''
  ) );
#16442 = PCURVE('',#6213,#16443);
#16443 = DEFINITIONAL_REPRESENTATION('',(#16444),#16448);
#16444 = LINE('',#16445,#16446);
#16445 = CARTESIAN_POINT('',(0.,-0.));
#16446 = VECTOR('',#16447,1.);
#16447 = DIRECTION('',(0.,1.));
#16448 = ( GEOMETRIC_REPRESENTATION_CONTEXT(2) 
PARAMETRIC_REPRESENTATION_CONTEXT() REPRESENTATION_CONTEXT('2D SPACE',''
  ) );
#16449 = ORIENTED_EDGE('',*,*,#6192,.T.);
#16450 = ORIENTED_EDGE('',*,*,#16429,.T.);
#16451 = ADVANCED_FACE('',(#16452),#6248,.F.);
#16452 = FACE_BOUND('',#16453,.F.);
#16453 = EDGE_LOOP('',(#16454,#16455,#16476,#16477));
#16454 = ORIENTED_EDGE('',*,*,#11045,.F.);
#16455 = ORIENTED_EDGE('',*,*,#16456,.F.);
#16456 = EDGE_CURVE('',#6228,#11046,#16457,.T.);
#16457 = SEAM_CURVE('',#16458,(#16462,#16469),.PCURVE_S1.);
#16458 = LINE('',#16459,#16460);
#16459 = CARTESIAN_POINT('',(32.895,-26.3275,-1.E-02));
#16460 = VECTOR('',#16461,1.);
#16461 = DIRECTION('',(0.,0.,1.));
#16462 = PCURVE('',#6248,#16463);
#16463 = DEFINITIONAL_REPRESENTATION('',(#16464),#16468);
#16464 = LINE('',#16465,#16466);
#16465 = CARTESIAN_POINT('',(6.28318530718,-0.));
#16466 = VECTOR('',#16467,1.);
#16467 = DIRECTION('',(0.,1.));
#16468 = ( GEOMETRIC_REPRESENTATION_CONTEXT(2) 
PARAMETRIC_REPRESENTATION_CONTEXT() REPRESENTATION_CONTEXT('2D SPACE',''
  ) );
#16469 = PCURVE('',#6248,#16470);
#16470 = DEFINITIONAL_REPRESENTATION('',(#16471),#16475);
#16471 = LINE('',#16472,#16473);
#16472 = CARTESIAN_POINT('',(0.,-0.));
#16473 = VECTOR('',#16474,1.);
#16474 = DIRECTION('',(0.,1.));
#16475 = ( GEOMETRIC_REPRESENTATION_CONTEXT(2) 
PARAMETRIC_REPRESENTATION_CONTEXT() REPRESENTATION_CONTEXT('2D SPACE',''
  ) );
#16476 = ORIENTED_EDGE('',*,*,#6227,.T.);
#16477 = ORIENTED_EDGE('',*,*,#16456,.T.);
#16478 = ADVANCED_FACE('',(#16479),#6283,.F.);
#16479 = FACE_BOUND('',#16480,.F.);
#16480 = EDGE_LOOP('',(#16481,#16482,#16503,#16504));
#16481 = ORIENTED_EDGE('',*,*,#11075,.F.);
#16482 = ORIENTED_EDGE('',*,*,#16483,.F.);
#16483 = EDGE_CURVE('',#6263,#11076,#16484,.T.);
#16484 = SEAM_CURVE('',#16485,(#16489,#16496),.PCURVE_S1.);
#16485 = LINE('',#16486,#16487);
#16486 = CARTESIAN_POINT('',(5.6,-4.,-1.E-02));
#16487 = VECTOR('',#16488,1.);
#16488 = DIRECTION('',(0.,0.,1.));
#16489 = PCURVE('',#6283,#16490);
#16490 = DEFINITIONAL_REPRESENTATION('',(#16491),#16495);
#16491 = LINE('',#16492,#16493);
#16492 = CARTESIAN_POINT('',(6.28318530718,-0.));
#16493 = VECTOR('',#16494,1.);
#16494 = DIRECTION('',(0.,1.));
#16495 = ( GEOMETRIC_REPRESENTATION_CONTEXT(2) 
PARAMETRIC_REPRESENTATION_CONTEXT() REPRESENTATION_CONTEXT('2D SPACE',''
  ) );
#16496 = PCURVE('',#6283,#16497);
#16497 = DEFINITIONAL_REPRESENTATION('',(#16498),#16502);
#16498 = LINE('',#16499,#16500);
#16499 = CARTESIAN_POINT('',(0.,-0.));
#16500 = VECTOR('',#16501,1.);
#16501 = DIRECTION('',(0.,1.));
#16502 = ( GEOMETRIC_REPRESENTATION_CONTEXT(2) 
PARAMETRIC_REPRESENTATION_CONTEXT() REPRESENTATION_CONTEXT('2D SPACE',''
  ) );
#16503 = ORIENTED_EDGE('',*,*,#6262,.T.);
#16504 = ORIENTED_EDGE('',*,*,#16483,.T.);
#16505 = ( GEOMETRIC_REPRESENTATION_CONTEXT(3) 
GLOBAL_UNCERTAINTY_ASSIGNED_CONTEXT((#16509)) 
GLOBAL_UNIT_ASSIGNED_CONTEXT((#16506,#16507,#16508)) 
REPRESENTATION_CONTEXT('Context #1',
  '3D Context with UNIT and UNCERTAINTY') );
#16506 = ( LENGTH_UNIT() NAMED_UNIT(*) SI_UNIT(.MILLI.,.METRE.) );
#16507 = ( NAMED_UNIT(*) PLANE_ANGLE_UNIT() SI_UNIT($,.RADIAN.) );
#16508 = ( NAMED_UNIT(*) SI_UNIT($,.STERADIAN.) SOLID_ANGLE_UNIT() );
#16509 = UNCERTAINTY_MEASURE_WITH_UNIT(LENGTH_MEASURE(1.E-07),#16506,
  'distance_accuracy_value','confusion accuracy');
#16510 = CONTEXT_DEPENDENT_SHAPE_REPRESENTATION(#16511,#16513);
#16511 = ( REPRESENTATION_RELATIONSHIP('','',#32,#10) 
REPRESENTATION_RELATIONSHIP_WITH_TRANSFORMATION(#16512) 
SHAPE_REPRESENTATION_RELATIONSHIP() );
#16512 = ITEM_DEFINED_TRANSFORMATION('','',#11,#15);
#16513 = PRODUCT_DEFINITION_SHAPE('Placement','Placement of an item',
  #16514);
#16514 = NEXT_ASSEMBLY_USAGE_OCCURRENCE('1','=>[0:1:1:2]','',#5,#27,$);
#16515 = PRODUCT_RELATED_PRODUCT_CATEGORY('part',$,(#29));
#16516 = SHAPE_DEFINITION_REPRESENTATION(#16513,#16517);
#16517 = SHAPE_REPRESENTATION('',(#15),#16505);
#16518 = MECHANICAL_DESIGN_GEOMETRIC_PRESENTATION_REPRESENTATION('',(
    #16519,#16527),#16505);
#16519 = STYLED_ITEM('color',(#16520),#33);
#16520 = PRESENTATION_STYLE_ASSIGNMENT((#16521));
#16521 = SURFACE_STYLE_USAGE(.BOTH.,#16522);
#16522 = SURFACE_SIDE_STYLE('',(#16523));
#16523 = SURFACE_STYLE_FILL_AREA(#16524);
#16524 = FILL_AREA_STYLE('',(#16525));
#16525 = FILL_AREA_STYLE_COLOUR('',#16526);
#16526 = COLOUR_RGB('',0.313304153717,0.484529207832,0.410020903123);
#16527 = OVER_RIDING_STYLED_ITEM('overriding color',(#16528),#33,#16519
  );
#16528 = PRESENTATION_STYLE_BY_CONTEXT((#16529),#16517);
#16529 = SURFACE_STYLE_USAGE(.BOTH.,#16530);
#16530 = SURFACE_SIDE_STYLE('',(#16531));
#16531 = SURFACE_STYLE_FILL_AREA(#16532);
#16532 = FILL_AREA_STYLE('',(#16533));
#16533 = FILL_AREA_STYLE_COLOUR('',#16534);
#16534 = COLOUR_RGB('',0.313304153717,0.484529207832,0.410020903123);
ENDSEC;
END-ISO-10303-21;
